t,x,y,yaw,v,w,v_cmd,w_cmd
0.0,2.7752609560513952,-3.2393509625911556,-3.0946130616342438,0.25213005883591033,-0.01207996957918672,0.25,-0.056212952289896534
0.1,2.749782661297861,-3.240546614276454,-3.096340442378962,0.24984158630574343,-0.021130070029157788,0.25,-0.056212952289896534
0.2,2.724274824537161,-3.241731816639386,-3.0982241956120404,0.249895901203889,-0.017928778402289576,0.25,-0.05513131533930364
0.3,2.6988222196913085,-3.2428102380468258,-3.1000934053347375,0.24920126349289126,-0.021234058536443244,0.25,-0.05513131533930364
0.4,2.6734099331989385,-3.2438420393304788,-3.1014569480694716,0.2475191180561516,-0.01305220433028619,0.25,-0.05337581346227967
0.5,2.647994219475047,-3.2448341608156723,-3.1027309005213004,0.24862890983211233,-0.012516942683293206,0.25,-0.05142500054784216
0.6,2.6225205544651136,-3.245820835818166,-3.1041410145377455,0.25187719479587917,-0.015038451904593596,0.25,-0.05142500054784216
0.7,2.597025479500142,-3.24676530978193,-3.105568199173467,0.2517928371916861,-0.014748733265982,0.25,-0.05031580651112209
0.8,2.580032201549357,-3.2473690436980904,-3.106567656649969,0.25269180003068015,-0.012914906859530359,0.25,-0.05031580651112209
0.9,2.5545072038627694,-3.2482707364299634,-3.1078553648891267,0.2510589693155235,-0.01679201301094098,0.25,-0.0486417836101708
1.0,2.528922424471106,-3.249138450743976,-3.1090922696580203,0.2508996116993756,-0.014035895867277512,0.25,-0.0486417836101708
1.1,2.503329954400192,-3.249966660112337,-3.110248478686777,0.2505566923319383,-0.01201444633190746,0.25,-0.046137656135736095
1.2,2.4778158282587768,-3.2507403176582064,-3.1114488476181057,0.25119075633443205,-0.015402197410735813,0.25,-0.046137656135736095
1.3,2.4523180319699023,-3.251511316094156,-3.1129817414861147,0.2481323869106036,-0.012790672794165412,0.25,-0.04405065657812919
1.4,2.426820620175505,-3.2522365976005374,-3.1142273317001012,0.25013432570516286,-0.009807542998670699,0.25,-0.04255080351310315
1.5,2.4013563543357583,-3.2529187128514003,-3.1154369129163695,0.2475153607587605,-0.009734415083307916,0.25,-0.04255080351310315
1.6,2.3759333486746224,-3.2535650052237304,-3.116369519073033,0.25206985793019077,-0.009429569523420667,0.25,-0.041369680895620806
1.7,2.350460138831921,-3.2541954195902134,-3.1172692446289934,0.24956140570392105,-0.007532547337690479,0.25,-0.041369680895620806
1.8,2.324960437173788,-3.254816289744036,-3.118212000821103,0.25065797621249913,-0.008470343575151468,0.25,-0.03979498737969591
1.9,2.2994664109741865,-3.255401707107732,-3.1193776988162356,0.24764568943224005,-0.010998894767204398,0.25,-0.038089613827918964
2.0,2.2739504614782873,-3.25595812102945,-3.1204326776033096,0.2504676607433743,-0.0112172828443951,0.25,-0.038089613827918964
2.1,2.2483910836390955,-3.2565033701468016,-3.121390396414138,0.248279724233215,-0.008785182591422426,0.25,-0.037442877052829886
2.2,2.2228273404466585,-3.2570271521261542,-3.122252698300161,0.2512220675516455,-0.009503856005979056,0.25,-0.037442877052829886
2.3,2.197325265501541,-3.2575177775065263,-3.123174240417161,0.2501292933494071,-0.009543967877916879,0.25,-0.036150349468518694
2.4,2.1718235331085,-3.257981679061476,-3.12425723299446,0.250092522186046,-0.012427305847857062,0.25,-0.03401287561894536
2.5,2.1548227256592485,-3.2582749306887253,-3.1250113043230705,0.2500968360375614,-0.011756002039676533,0.25,-0.03401287561894536
2.6,2.129323827436101,-3.2586872248882517,-3.1260429627947426,0.24984059565018288,-0.013169369204936197,0.25,-0.03352678893214158
2.7,2.1038604202843008,-3.259062218903722,-3.126898010145653,0.24852629185073777,-0.007125884015774576,0.25,-0.03352678893214158
2.8,2.0784077938691468,-3.259427252953294,-3.1276554214103864,0.24908419761516104,-0.00603701762572025,0.25,-0.0309895330384876
2.9,2.052904781960933,-3.2597797288192236,-3.1282859040787585,0.2480723908849533,-0.006883435403855235,0.25,-0.029576572225220865
3.0,2.0273974634745455,-3.260117743560115,-3.129021236441062,0.2507582049013162,-0.007165771207430664,0.25,-0.029576572225220865
3.1,2.001888517996408,-3.260432531073591,-3.129920584202251,0.2493577512755903,-0.00803066125418946,0.25,-0.029217094454677014
3.2,1.9763550595345258,-3.260731350267451,-3.13068165023926,0.250170608846964,-0.00536759934970578,0.25,-0.029217094454677014
3.3,1.9508065873519145,-3.261013122747886,-3.1313026659035548,0.2512500769395433,-0.007159155994705839,0.25,-0.02674454054794559
3.4,1.925286499173498,-3.2612737182291527,-3.1319497618166574,0.2501722043436641,-0.006200992834932131,0.25,-0.026561612733728264
3.5,1.8997747357861148,-3.2615133915703867,-3.1325804932223273,0.2502692075297008,-0.007567399174504097,0.25,-0.026561612733728264
3.6,1.8742694790225383,-3.2617313041166223,-3.133463196001353,0.24897746035440044,-0.006209863391194507,0.25,-0.026173283258455964
3.7,1.848766838857711,-3.261924409674247,-3.134401457014214,0.24896997004329788,-0.008322870657242368,0.25,-0.026173283258455964
3.8,1.8232779522695444,-3.262090811490306,-3.1351268108333303,0.24898803302408645,-0.005665353408486786,0.25,-0.02554243120771693
3.9,1.7977750752192532,-3.262231571472799,-3.13571919651443,0.24931403372802657,-0.0049779559898959595,0.25,-0.02455730198138659
4.0,1.7722679861911135,-3.262375922129803,-3.136203609295644,0.25040613834206704,-0.004720033592620419,0.25,-0.02455730198138659
4.1,1.7552651714775798,-3.262463926009876,-3.1365548355585426,0.24886302253570755,-0.006645691695665239,0.25,-0.02465765552186504
4.2,1.7297479565396534,-3.2625941707354627,-3.137185485123035,0.25000950101556546,-0.006138521840278816,0.25,-0.02465765552186504
4.3,1.7042390465490067,-3.2626988248911104,-3.1378528819767357,0.24898622835469436,-0.005410619175034005,0.25,-0.023519253049832205
4.4,1.678715944895086,-3.262796660558423,-3.138417734155389,0.24915521647283181,-0.00614407239750563,0.25,-0.02271944440557525
4.5,1.6532007296312592,-3.2628733134815016,-3.138893477161227,0.25008120794318245,-0.0006836040453012524,0.25,-0.02271944440557525
4.6,1.6276907814233343,-3.262946456058327,-3.139314162663087,0.2504653926091035,-0.005815431804925252,0.25,-0.023544977582866118
4.7,1.6021765032559212,-3.2629927254721744,-3.1399846416604786,0.24992003049689945,-0.006229411494552139,0.25,-0.023544977582866118
4.8,1.5766737744553914,-3.263027071545964,-3.1407423795659835,0.2507714951589853,-0.010302370970247589,0.25,-0.023725246441500095
4.9,1.5511799471185772,-3.263048021005971,-3.141546667439529,0.24945915244184907,-0.005167601230187429,0.25,-0.02603651640298439
5.0,1.5257015187378784,-3.26303151686829,3.1410812746759453,0.24854750897450956,-0.004609918351022866,0.25,-0.02603651640298439
5.1,1.5001782321778983,-3.2629987895692096,3.1405970600760393,0.2508356906975007,-0.004251153853649546,0.25,-0.02587642963777514
5.2,1.474685288163709,-3.262970823868837,3.1400530461233296,0.25158229720150527,-0.006351753591689405,0.25,-0.03138842662924375
5.3,1.4491803205158214,-3.262927978989967,3.1393813741474417,0.24927794974901069,-0.009055256798515909,0.25,-0.03138842662924375
5.4,1.423674289330613,-3.2628572592115077,3.138410813269371,0.24953821518681255,-0.008339133790298443,0.25,-0.033293356724052765
5.5,1.3981443279687058,-3.262760751165172,3.1376546548556337,0.251491796429427,-0.00501128757306239,0.25,-0.033293356724052765
5.6,1.3726474951671348,-3.262649683297903,3.136781828077121,0.2495914284377826,-0.00757650626512696,0.25,-0.036968320974857416
5.7,1.3471398387018272,-3.262517659605171,3.1359357555762033,0.2503308571915969,-0.010315345686606966,0.25,-0.036968320974857416
5.8,1.3301311692118125,-3.262413278910881,3.1353204687172997,0.2488565334422038,-0.00867222617539612,0.25,-0.03740911067003816
5.9,1.304625166770079,-3.262248978374237,3.134052049110413,0.2498239853606804,-0.01361129706326138,0.25,-0.03776597107197627
6.0,1.279121997744835,-3.2620539846861623,3.132841350900214,0.24920388095909327,-0.01083662545937571,0.25,-0.03776597107197627
6.1,1.2536517109958796,-3.2618047198959546,3.1319095480618553,0.2490861752942359,-0.007746176970626559,0.25,-0.03496332819530877
6.2,1.228160686884674,-3.2615530817660723,3.13114129545477,0.24897644767068883,-0.00564922448251331,0.25,-0.03496332819530877
6.3,1.2026423035099503,-3.261274450285096,3.1304756486386296,0.24896713913620844,-0.0061134311118019495,0.25,-0.034283745241999605
6.4,1.1771410964609745,-3.2609901613303554,3.129755889469206,0.25082461637843556,-0.01006295397312658,0.25,-0.034283745241999605
6.5,1.1516437584299297,-3.2606757662788852,3.128828812298877,0.24929366527174227,-0.008389401121375394,0.25,-0.037220219456420026
6.6,1.1261410686741509,-3.2603396337750734,3.127855876403243,0.24875923471823014,-0.009746225156748336,0.25,-0.01886817780551682
6.7,1.1006823859219603,-3.2599831274662687,3.1271081270019736,0.2496604531927713,-0.005215500991231196,0.25,-0.01886817780551682
6.8,1.0751896578273321,-3.2596126319486878,3.12671077361708,0.2492055450452497,-0.0029897187700245955,0.25,-0.018970926058572007
6.9,1.049673809700097,-3.2592322406296983,3.126300175674011,0.251289207851468,-0.003988349486965819,0.25,-0.018970926058572007
7.0,1.0241683054774482,-3.2588355359309484,3.1258257470183555,0.2508685362970535,-0.007028109112717364,0.25,-0.02216287952778865
7.1,0.9986693816800162,-3.258420960400782,3.1249757923681973,0.24937881163214287,-0.01166689900666479,0.25,-0.025207294428111843
7.2,0.9731869617737302,-3.257982128340697,3.1242603403795335,0.25081867007717495,-0.006773188596408725,0.25,-0.025207294428111843
7.3,0.9476788621192965,-3.2575336893534703,3.1237686365224175,0.2507708884510492,-0.004173547453437168,0.25,-0.027162929550812384
7.4,0.9306707558998132,-3.2572285453064387,3.1234702792241458,0.25134713242247464,-0.005415679928247695,0.25,-0.027162929550812384
7.5,0.9051619670590524,-3.25676371130111,3.1229644494183693,0.2521588746976103,-0.005286457986439925,0.25,-0.03512911777082933
7.6,0.8796594245225288,-3.256282283880137,3.1221200582193265,0.2502435124652817,-0.008709217604509472,0.25,-0.044239548679606853
7.7,0.8541470356315771,-3.255771553841694,3.120991424412562,0.249431236755225,-0.01591853717899514,0.25,-0.044239548679606853
7.8,0.8287232880670629,-3.2552548663443237,3.1196162905284863,0.24911518169258842,-0.01293363367644334,0.25,-0.04775434376455599
7.9,0.803277831589314,-3.2547084133208264,3.118273030962389,0.249929000650017,-0.012931124492738548,0.25,-0.04775434376455599
8.0,0.7777887705401569,-3.254115339730653,3.1169746777673724,0.2495380602511327,-0.012233755263268233,0.25,-0.05011524332149852
8.1,0.7522904765960808,-3.253482458201644,3.1156681532780612,0.24939960908369047,-0.014009328537624923,0.25,-0.05012296354620924
8.2,0.7268013295374833,-3.2528056144277353,3.1141537773278545,0.24960464090769793,-0.015331099443246302,0.25,-0.05012296354620924
8.3,0.7098134252706969,-3.2523444179787413,3.113047571481189,0.24807162266148314,-0.017291698778384632,0.25,-0.05012296354620924
8.4,0.6757612520854219,-3.251353978270268,3.1111551731406206,0.2522547955814053,-0.012508242277549002,0.25,-0.04638732604052869
8.5,0.6502259133141409,-3.2505572822553783,3.110107999772415,0.2506701701355598,-0.00910409383676559,0.25,-0.04799157574532714
8.6,0.6247250352031924,-3.2497366788771673,3.109190120161324,0.2526693600644541,-0.00909880295935195,0.25,-0.04898884706686939
8.7,0.5992253708145988,-3.248911693155293,3.108179535822206,0.2524233284208426,-0.014164802568586857,0.25,-0.04898884706686939
8.8,0.5737388757446901,-3.2480470147917266,3.106772117422915,0.2511391548605384,-0.01638178333726172,0.25,-0.04785766594726435
8.9,0.548311176706209,-3.247180526652501,3.105406237305715,0.24792184864475472,-0.014925794934858766,0.25,-0.04785766594726435
9.0,0.5228846424512371,-3.2462727529347717,3.104028060712871,0.25110540894619704,-0.011926086237332113,0.25,-0.0502847850531728
9.1,0.5058889801801253,-3.2456286502530913,3.103189147680106,0.24917912562697517,-0.013357841079967576,0.25,-0.05777804883040284
9.2,0.48042192617642265,-3.2446604302320523,3.101716182226236,0.24945659104204174,-0.014819698033660286,0.25,-0.05777804883040284
9.3,0.4549271522444645,-3.2436274893961636,3.100156087482484,0.24838334186210292,-0.01395453600413808,0.25,-0.06092239203266074
9.4,0.4294353725450066,-3.2425685228102914,3.0983045920351606,0.25037599434150587,-0.021041413569699532,0.25,-0.06092239203266074
9.5,0.4038182752258697,-3.241436437494221,3.09645489519938,0.25168172696477276,-0.01506361546332715,0.25,-0.06213324600601392
9.6,0.37826943098810073,-3.240261100535716,3.0948484984791853,0.24813537052412998,-0.013491752531426447,0.25,-0.06533616273419893
9.7,0.3528020752381788,-3.2390649049473295,3.0935785353883265,0.25001343818448857,-0.012498567756684963,0.25,-0.06533616273419893
9.8,0.3272915977715346,-3.2378136751854534,3.0923556309494447,0.2518861492504043,-0.011940290071379034,0.25,-0.06801790045919777
9.9,0.30182051434890134,-3.2365555779556185,3.090912589203375,0.24798133344111864,-0.01759131869291551,0.25,-0.06801790045919777
10.0,0.27640669985812316,-3.2352825452429936,3.089079175477546,0.25001613165176634,-0.01943714995555177,0.25,-0.07339848761422825
10.1,0.2510477110616861,-3.2339783463764995,3.0868350786542256,0.2528543600169478,-0.02447706521508075,0.25,-0.08098974811942362
10.2,0.2256130371204124,-3.2325740340939895,3.084475686938404,0.25050747140484814,-0.023050631935700852,0.25,-0.08098974811942362
10.3,0.20016457471600776,-3.2311274555440663,3.0821937364416874,0.253722497774741,-0.02428476948198738,0.25,-0.08326864474876716
10.4,0.17471265151677484,-3.2295916998897582,3.079910519734053,0.24957340823200683,-0.020457908325457547,0.25,-0.08326864474876716
10.5,0.14920782909871882,-3.2279971245682275,3.0774778170316077,0.25142066654474693,-0.028491227553628325,0.25,-0.08493185918205762
10.6,0.12361630173822546,-3.226289737996579,3.074995360593588,0.2511932904512909,-0.02369304812873996,0.25,-0.09323007406713063
10.7,0.10650216137990466,-3.2251336473685837,3.0732105568012846,0.2538776329602979,-0.023695265675674485,0.25,-0.09323007406713063
10.8,0.08095596884828236,-3.223373403660791,3.071283538541899,0.24999239455284689,-0.016862652726396036,0.25,-0.09743357352329483
10.9,0.055523046776366214,-3.2215754751813845,3.069473044054971,0.2535304897692259,-0.01695070194496615,0.25,-0.09743357352329483
11.0,0.03007033398958424,-3.219731771317958,3.067674302237586,0.2528154887187938,-0.017772484343867703,0.25,-0.10782705209732543
11.1,0.004806703999433736,-3.2178546171159703,3.0652094965289667,0.24881460749200862,-0.031058751283304965,0.25,-0.11830491431635165
11.2,-0.02029862618691076,-3.215915156892433,3.061917378232287,0.2472238840135362,-0.03739555329412817,0.25,-0.11830491431635165
11.3,-0.0454649930425978,-3.2139151656036846,3.0581314179218766,0.2540183629660865,-0.048429647704911385,0.25,-0.12358132099363223
11.4,-0.07083757942841408,-3.211760710864577,3.054049726504001,0.25111414176306096,-0.039146815394506054,0.25,-0.12358132099363223
11.5,-0.09625020238402317,-3.209479601002522,3.050259518958333,0.24967519745465414,-0.03975215192719534,0.25,-0.13096421055836222
11.6,-0.12166104611116577,-3.207151941341654,3.0461600606698176,0.25066384855680063,-0.03881813642572763,0.25,-0.1345293598630473
11.7,-0.1473103398439301,-3.2046643362914997,3.0419441092382233,0.24904026228307047,-0.04019948476907812,0.25,-0.1345293598630473
11.8,-0.17310678566414067,-3.202036729961911,3.038398350747358,0.25286531660214434,-0.034680208049907055,0.25,-0.13923910740492046
11.9,-0.1988287668846007,-3.1993765922263315,3.034948738684051,0.25088019450966853,-0.03144056473838391,0.25,-0.13923910740492046
12.0,-0.2241871904698162,-3.1966454315270454,3.0320768370044457,0.2514477788220006,-0.03088051991046086,0.25,-0.14371861256744745
12.1,-0.24945408923876816,-3.1938628311980386,3.029185859338668,0.24677674400363395,-0.029905594460135246,0.25,-0.1495901110883074
12.2,-0.27446778128127347,-3.191017046309881,3.0256404528257947,0.24319140891362848,-0.034837323756923236,0.25,-0.1495901110883074
12.3,-0.29920056782980997,-3.188071229535316,3.0218215422058523,0.2429907750036406,-0.04374942230422374,0.25,-0.15433927835364464
12.4,-0.3158029954899708,-3.1860577171956295,3.019001281523609,0.2434927998679625,-0.04178816053296669,0.25,-0.15433927835364464
12.5,-0.3409058921094903,-3.1829375970439275,3.0139811872382167,0.2506602174115811,-0.0522724418427623,0.25,-0.16031132997505562
12.6,-0.3661751749331153,-3.1796993419667063,3.008222707118183,0.24998007424140492,-0.06376144374467031,0.25,-0.16534379442911384
12.7,-0.39146982657531804,-3.1763797634564193,3.0019444138271045,0.24724556678451834,-0.06202594373848833,0.25,-0.16534379442911384
12.8,-0.4169334472082562,-3.1727383853301006,2.9961606638252305,0.2518614786633095,-0.048876519859864076,0.25,-0.16811139270130096
12.9,-0.4427996032891302,-3.168947331223433,2.9918066566824333,0.25572288359407225,-0.040061134892359726,0.25,-0.16811139270130096
13.0,-0.4685953787919345,-3.165051141376553,2.987254836803248,0.25244070089740506,-0.04724502508933217,0.25,-0.17066844966613698
13.1,-0.4940319727305981,-3.161094798615585,2.9825583822858683,0.25364113520965426,-0.03935415094701115,0.25,-0.16959553304804353
13.2,-0.519107819207777,-3.157121062664113,2.9793612403002574,0.24486458615313725,-0.027485616871210154,0.25,-0.16959553304804353
13.3,-0.5439762460362236,-3.153033852133688,2.9763135130107656,0.24046741310089703,-0.038746929142437686,0.25,-0.17217426438261335
13.4,-0.5683809640650218,-3.1488673781605465,2.9720980747876062,0.2420786780554328,-0.04203588373817116,0.25,-0.17217426438261335
13.5,-0.5928257876959468,-3.1445728704378015,2.9676649690906505,0.24103285732406615,-0.043395525955553856,0.25,-0.18160245363386776
13.6,-0.6173652333059303,-3.140193669465329,2.962994437077812,0.2457717802652087,-0.049051079967079525,0.25,-0.18160245363386776
13.7,-0.6424544824786843,-3.1356125304923665,2.955972186270139,0.24461690740166836,-0.07723368949142143,0.25,-0.1841486197182127
13.8,-0.6674098943209408,-3.131231206344828,2.94800225064362,0.2529879269832268,-0.08611375384544395,0.25,-0.18568936673449338
13.9,-0.6929033896915232,-3.126294635693209,2.941014788391765,0.25160109460944524,-0.06768495104625093,0.25,-0.18568936673449338
14.0,-0.7099453399602008,-3.1228075904286237,2.9364179056049866,0.26219474526467906,-0.060293641326534926,0.25,-0.18568936673449338
14.1,-0.735455723595623,-3.117464344721041,2.930325605049831,0.2595748259647846,-0.057978847029213534,0.25,-0.19489280732811184
14.2,-0.760762319554775,-3.1120133902187495,2.9239161358748738,0.2585989048583352,-0.08014742999935912,0.25,-0.2004267727841083
14.3,-0.7856131307526356,-3.1065599695009625,2.9161727644103403,0.24343432066714069,-0.06915308352329633,0.25,-0.20087154826081022
14.4,-0.8103385290150052,-3.1009153168292802,2.909345447764437,0.24246491494015243,-0.06605303270542177,0.25,-0.20087154826081022
14.5,-0.8346075558760075,-3.095202535340477,2.902578115512669,0.2386747560776849,-0.059332015457754635,0.25,-0.20257158025477603
14.6,-0.8585653977299241,-3.0892030304855758,2.8963775141559833,0.23953269142849984,-0.04255456815152061,0.25,-0.20257158025477603
14.7,-0.8823439608206133,-3.083022173601648,2.8912880642460057,0.24314118572582966,-0.05771267319813425,0.25,-0.20494510449344058
14.8,-0.9063616137802382,-3.076733306977985,2.8853551637057917,0.25085474438212185,-0.07116501600850969,0.25,-0.21118101206245696
14.9,-0.9311142403147183,-3.070203063329366,2.8787537850856624,0.25144207145446296,-0.06654683691783837,0.25,-0.21118101206245696
15.0,-0.9562057775586732,-3.063419681858409,2.8708024583433693,0.24502030098412086,-0.0804288249879,0.25,-0.21157845807266
15.1,-0.9812409509185492,-3.056555842397301,2.863030947543764,0.2546946327206088,-0.07801503901197195,0.25,-0.21157845807266
15.2,-1.0063180624121466,-3.0494004505270205,2.855128216611418,0.24761097085973874,-0.07339096480801521,0.25,-0.21364433116093123
15.3,-1.03162658245603,-3.042006613166283,2.848784537501955,0.25340647115359227,-0.07103323000048631,0.25,-0.21762244096766906
15.4,-1.0560866655092862,-3.0344846808700052,2.8393834275072196,0.25350572947431405,-0.10200631345565316,0.25,-0.21762244096766906
15.5,-1.0801314750163895,-3.027007957601699,2.827546177208863,0.24935154125362968,-0.13377082809789662,0.25,-0.21916939547303824
15.6,-1.1039817849187068,-3.0191646237762453,2.81436500237494,0.23842635004583318,-0.09835298051590015,0.25,-0.21916939547303824
15.7,-1.1198046543799074,-3.0139412414909894,2.807583620900419,0.24201886320211735,-0.10080735189790319,0.25,-0.21708594124791392
15.8,-1.1433625000030605,-3.0058345514822578,2.798210257715715,0.24054274786560834,-0.09030314288908949,0.25,-0.21708594124791392
15.9,-1.1668925960586265,-2.997388707211754,2.790551778667235,0.24292102798886947,-0.07811006642496443,0.25,-0.2149196837715182
16.0,-1.1908634164457985,-2.988519016426755,2.782037190447543,0.2634457207843413,-0.07561791417462785,0.25,-0.2149196837715182
16.1,-1.21507288119342,-2.979432527289849,2.773343906108323,0.23730223959501165,-0.07022887657887657,0.25,-0.21105897827740702
16.2,-1.2393728613218846,-2.9700613181030997,2.7663974804845353,0.2543142902065439,-0.07687324454978094,0.25,-0.20527824012388085
16.3,-1.2635973994218912,-2.960500986737761,2.7581197408904568,0.2530456032216614,-0.08522680180000812,0.25,-0.20527824012388085
16.4,-1.287622768628708,-2.950882817215449,2.749337173240749,0.2534915780877801,-0.08681248409833625,0.25,-0.20946044196148483
16.5,-1.3112012348278423,-2.9410826064488154,2.741683375560493,0.25407180491156317,-0.07273487570125244,0.25,-0.20946044196148483
16.6,-1.3346608615317481,-2.9311511531390964,2.734258986225925,0.24600575427495028,-0.07362726051982021,0.25,-0.2129488758781237
16.7,-1.3579268665640596,-2.9210856285390254,2.7261728090874313,0.24046072703547003,-0.09587112219612302,0.25,-0.2129488758781237
16.8,-1.3808269536442475,-2.91109518763881,2.716798085365941,0.24403031423322896,-0.09277859176354446,0.25,-0.21388795133373015
16.9,-1.4036500118781892,-2.900856767606576,2.7071949100783663,0.24456245594279907,-0.09542781279834593,0.25,-0.21388795133373015
17.0,-1.4264045292627447,-2.8905187995310304,2.697327099445074,0.25524027918605835,-0.08711327605347184,0.25,-0.21674299439580913
17.1,-1.4494539558921529,-2.8795094363413636,2.688466081125307,0.2413746382764305,-0.09564355231552338,0.25,-0.22110053509385558
17.2,-1.4727137952593186,-2.8681865716370254,2.679514768139933,0.26278722234416757,-0.0934035832921509,0.25,-0.22110053509385558
17.3,-1.4881584151629819,-2.860503960487606,2.672438249065618,0.24626979265774254,-0.09903196062725052,0.25,-0.2177845188928223
17.4,-1.5112647252100164,-2.8488384876185497,2.6626793660762456,0.26052862935221155,-0.0839943380262795,0.25,-0.2177845188928223
17.5,-1.5342307879652046,-2.836920392013461,2.6528834775353554,0.25607750116478173,-0.0941441984200444,0.25,-0.21724802231329343
17.6,-1.5568153145360089,-2.8248283455381267,2.6434416699033085,0.25084799312877626,-0.08043962940871846,0.25,-0.21691951338200927
17.7,-1.5791886681077127,-2.812553865266402,2.6352745612346284,0.25455318507004426,-0.07848082237693553,0.25,-0.21691951338200927
17.8,-1.6014484040401773,-2.8001096259042435,2.6270492496274427,0.24615784356585993,-0.08535178838825352,0.25,-0.2160863111510334
17.9,-1.6233478681701272,-2.7876297716802148,2.6181811958834262,0.24103489490029897,-0.09415733291734044,0.25,-0.2160863111510334
18.0,-1.645035498834665,-2.7751565953831943,2.608797160380271,0.24631002669969673,-0.08585169686127178,0.25,-0.21616624936178364
18.1,-1.6667999853098419,-2.7625283053432446,2.598920578070725,0.24712060223883445,-0.10065985262954366,0.25,-0.21337765632553846
18.2,-1.6886579490791138,-2.7493532014943547,2.5892140882451367,0.24542416822911411,-0.08739042647489016,0.25,-0.21337765632553846
18.3,-1.7103374148274704,-2.7358418095004717,2.579914274456413,0.23967266262053388,-0.0961160775540874,0.25,-0.21267494654540353
18.4,-1.7321203115227564,-2.722056863808616,2.570215864476912,0.24815577840738492,-0.09184175160510198,0.25,-0.21267494654540353
18.5,-1.753809327109939,-2.7081046544456875,2.563466628676434,0.2505747812441808,-0.09472828397223994,0.25,-0.21055176797043448
18.6,-1.775164830491251,-2.6941734965206927,2.554391360513873,0.24653403760859796,-0.08340086771120556,0.25,-0.21055176797043448
18.7,-1.7962974274139814,-2.6802486985389256,2.545213269602029,0.2491588646649975,-0.09184317875387944,0.25,-0.2091954603892426
18.8,-1.8173593934013363,-2.6659373053817124,2.5358236248712958,0.25603339791688295,-0.08838942250884323,0.25,-0.2091954603892426
18.9,-1.838257104953984,-2.651322758880289,2.527465389039497,0.25280772176769967,-0.0816932019845214,0.25,-0.20903975583515713
19.0,-1.8521480173320855,-2.6415060523624647,2.5219724328219204,0.24773247813025376,-0.08064879983086509,0.25,-0.20499517658579852
19.1,-1.8726813119505357,-2.6266606112439153,2.511944036909544,0.24486960713922226,-0.10956351383639433,0.25,-0.20499517658579852
19.2,-1.8932511798526503,-2.6115004906049566,2.5015600318795355,0.25828913696430983,-0.11984238265092417,0.25,-0.20423074482063655
19.3,-1.9136818147721626,-2.5962741765809816,2.4895808523025873,0.23939549111418554,-0.0972897239837164,0.25,-0.20423074482063655
19.4,-1.9339090739708233,-2.580689377365749,2.481303692053845,0.26133948583365857,-0.07622927467107088,0.25,-0.19605590341414228
19.5,-1.9540447421805172,-2.5649476784780747,2.4742684663840344,0.26176422909819913,-0.060247634857687964,0.25,-0.19629080868742782
19.6,-1.9738598016664806,-2.549292137802645,2.468121557628445,0.25173163685973055,-0.08630983351848684,0.25,-0.19629080868742782
19.7,-1.9934107757669346,-2.5335464754390706,2.4593520936326634,0.24842920181450323,-0.08757760872006096,0.25,-0.19695538870110563
19.8,-2.0130090731390426,-2.5175477520222125,2.450267386347096,0.25054665999701237,-0.08450678285678494,0.25,-0.19695538870110563
19.9,-2.032618609935916,-2.501529575955454,2.4418927841245694,0.24645290185100985,-0.08578278069801637,0.25,-0.19633091964540383
20.0,-2.0520981472480377,-2.48538664491246,2.4335074361594318,0.24811503548005384,-0.07734154569509263,0.25,-0.19366755758354284
20.1,-2.0714516171557498,-2.4688447308392885,2.4251709717402385,0.2520374342139964,-0.08096151404188849,0.25,-0.19366755758354284
20.2,-2.0911729348856403,-2.4517938307094305,2.416990140700259,0.2491613068305247,-0.07991059204667783,0.25,-0.19475508299403732
20.3,-2.1108417292351636,-2.434572514221267,2.4086815681477503,0.2569849739420933,-0.08892413737024335,0.25,-0.19475508299403732
20.4,-2.129897503648301,-2.417347581217329,2.4003656493045957,0.23859280231117633,-0.07244595340346235,0.25,-0.19405538927554875
20.5,-2.148729071336881,-2.4000672072090428,2.3928774594005495,0.2486300668650047,-0.07432110896758161,0.25,-0.19162239808312148
20.6,-2.1611940392204474,-2.388661479419274,2.3877813645666826,0.24559308448297096,-0.0863658016625369,0.25,-0.19162239808312148
20.7,-2.1796047630812163,-2.371443725724391,2.379402855065061,0.23953203804434536,-0.07162789021143139,0.25,-0.19280634340452452
20.8,-2.1975833953943678,-2.3540097227954653,2.3711526895846475,0.2406293996503005,-0.076040955259239,0.25,-0.19280634340452452
20.9,-2.2155438054834344,-2.3363782583870343,2.362799565607213,0.24119456799088718,-0.08265918541775434,0.25,-0.19344725206912394
21.0,-2.233582292568079,-2.3186181391836507,2.354658596229606,0.24947299731353073,-0.07560401416604956,0.25,-0.19252237027440705
21.1,-2.2515526185540566,-2.300513933835201,2.346732739865558,0.2496804435927074,-0.07696776887048047,0.25,-0.19252237027440705
21.2,-2.2693583255749403,-2.282274009569746,2.338984608614461,0.2503769250209311,-0.07518171060845322,0.25,-0.1899234785054792
21.3,-2.287414368800358,-2.2636589223161043,2.33072797487906,0.2599840371188497,-0.0791437606556391,0.25,-0.1899234785054792
21.4,-2.305473784114986,-2.2448219021352394,2.322163130934634,0.2543687140270123,-0.08621603773285193,0.25,-0.1888709713676184
21.5,-2.3233508440582464,-2.225802491563563,2.3137340748921766,0.2587179892134399,-0.07469299055925935,0.25,-0.1888709713676184
21.6,-2.3405573029735347,-2.2069776551918716,2.3059282127945004,0.24496068256501083,-0.07343210873832197,0.25,-0.1855022542441176
21.7,-2.3576303605837303,-2.188189716328057,2.2981220942850533,0.24552669550845077,-0.07549966559551315,0.25,-0.18500608103443905
21.8,-2.3744060174092145,-2.169370824486582,2.290548116361263,0.2413809855529057,-0.07928980733284159,0.25,-0.18500608103443905
21.9,-2.3907807922413085,-2.150420881248812,2.282420942587185,0.25003217407484885,-0.0834013253989546,0.25,-0.18529215903653123
22.0,-2.406975692711636,-2.131382387641,2.2738027031803414,0.24412777526698204,-0.08628643971264031,0.25,-0.18529215903653123
22.1,-2.4232188049816776,-2.112054904356841,2.2650876584836177,0.24363771351222446,-0.066995518182881,0.25,-0.18381072336808507
22.2,-2.4340805628674134,-2.0990267661504527,2.260450494472403,0.2501959460671238,-0.06925885349658117,0.25,-0.18381072336808507
22.3,-2.4502767617678045,-2.079268777314485,2.2534136021469053,0.24963841803027348,-0.06796997942502038,0.25,-0.17677775611101906
22.4,-2.4664615053994163,-2.0590636278493086,2.2467278541665086,0.2556110865643418,-0.0685501512945845,0.25,-0.17316144158240415
22.5,-2.482625315785006,-2.0387809169993854,2.2394207670001745,0.2586559646404452,-0.0788676181109446,0.25,-0.17316144158240415
22.6,-2.4987105240536422,-2.018454154672071,2.2317206371023683,0.2553771510249015,-0.07920043372018638,0.25,-0.17333701716307823
22.7,-2.514723891014416,-1.9980622506921295,2.223908853623132,0.2585174600604252,-0.07683660260968306,0.25,-0.17333701716307823
22.8,-2.530185536305252,-1.977732036326039,2.216135887313074,0.24706334020422763,-0.07077370226721169,0.25,-0.17815534869719912
22.9,-2.545431244831368,-1.957652083575316,2.209029265211027,0.2452867838530277,-0.06332895191836727,0.25,-0.17815534869719912
23.0,-2.5605179071703676,-1.9379251733425953,2.2025088974269793,0.24455448055628437,-0.06288066955594956,0.25,-0.17631778162311448
23.1,-2.5753312438000227,-1.9177500268024297,2.1954605635764524,0.24971173079892525,-0.07470997979846479,0.25,-0.17826398254714923
23.2,-2.5899208485667335,-1.8973509228182215,2.1873975723896426,0.24160148755055197,-0.07735107223146902,0.25,-0.17826398254714923
23.3,-2.6045625964944805,-1.876652717606314,2.179171317420668,0.250571574232026,-0.08207625106382026,0.25,-0.18387158867789213
23.4,-2.6192256604222015,-1.8556310418402728,2.170145415021939,0.24965754086497846,-0.09055616623336972,0.25,-0.18387158867789213
23.5,-2.633716091264519,-1.8339912010761403,2.1629739230935137,0.2543982018932533,-0.06401494317912826,0.25,-0.18038175235091758
23.6,-2.648040208352618,-1.8121498669085936,2.156481785207703,0.2591015420054101,-0.062327640870049134,0.25,-0.18038175235091758
23.7,-2.66223146348892,-1.790338948063898,2.149953903374718,0.25627468632309686,-0.06922972245208818,0.25,-0.18003093493862624
23.8,-2.6764082462356296,-1.7686407387016372,2.1425054778047588,0.25070335472754524,-0.0822680758169425,0.25,-0.18084556210090816
23.9,-2.6856257005608155,-1.7543324061541454,2.1369978751651555,0.24771184324838016,-0.0782237665869854,0.25,-0.18084556210090816
24.0,-2.699256836684627,-1.7328454920128449,2.128343273899836,0.25571262332131667,-0.09285938366514541,0.25,-0.1846324130861336
24.1,-2.712569650137178,-1.7115755591429334,2.119881357602928,0.24107750634226718,-0.06164431579539593,0.25,-0.1846324130861336
24.2,-2.7257032304830346,-1.6903282174168666,2.1134351992063074,0.23929597703268132,-0.06136989999529256,0.25,-0.1802778475961451
24.3,-2.7386824510919023,-1.6689753568084928,2.107442153978039,0.2475494284177697,-0.06149389891560048,0.25,-0.1802778475961451
24.4,-2.7515438838658954,-1.6473923267159707,2.100460598262747,0.251151889790238,-0.0817907805680172,0.25,-0.18239090052638077
24.5,-2.764402457197538,-1.6252662807306097,2.0916841097003585,0.25421685091585366,-0.0857964151444514,0.25,-0.18296302966551772
24.6,-2.777203195948935,-1.6029775159618822,2.0832183667587887,0.2512523576575155,-0.09166216037734598,0.25,-0.18296302966551772
24.7,-2.7897548676334645,-1.580012674489812,2.0764239111008735,0.25476945420458397,-0.06061292746320321,0.25,-0.18238092515852802
24.8,-2.802176807357577,-1.5570776100260413,2.0703852275116517,0.25744371423723356,-0.059743966226358906,0.25,-0.18238092515852802
24.9,-2.8144577245233684,-1.5341067310949184,2.0642601307701614,0.24651316534100498,-0.06882474766246496,0.25,-0.18147845495162307
25.0,-2.8265332463219086,-1.5116035720952528,2.056033493927913,0.2516364644085368,-0.08267993458270767,0.25,-0.18147845495162307
25.1,-2.8383958384741748,-1.4890157707826193,2.047512259918831,0.2542611102400766,-0.0818072923351547,0.25,-0.18413456959248242
25.2,-2.8499714712494386,-1.4664834477509872,2.0391605878493015,0.24492555164109134,-0.06403327900900059,0.25,-0.18413456959248242
25.3,-2.861376440579046,-1.44439647944852,2.03330231910028,0.23983746366770223,-0.049383931840302375,0.25,-0.18067325577475807
25.4,-2.872662793017706,-1.4223045220107697,2.027639049302708,0.24225511645950462,-0.0557751931403556,0.25,-0.1776613464934445
25.5,-2.880088285077965,-1.4073649190498385,2.0236924239428262,0.25167968003277935,-0.06199037683338065,0.25,-0.1776613464934445
25.6,-2.8912833965918048,-1.3843638996815233,2.01574832691205,0.24822341039532664,-0.07576671815319472,0.25,-0.18306864134047046
25.7,-2.9022996123876843,-1.3611777289748668,2.0077199040825855,0.255415807858373,-0.08479251454616236,0.25,-0.18306864134047046
25.8,-2.9131534957506275,-1.3377018660297888,2.0014029354888585,0.2589293062148927,-0.05703439858109562,0.25,-0.18139342078934492
25.9,-2.9238422021105253,-1.3137882708887838,1.9957326729061062,0.25964392734601366,-0.055179987816783724,0.25,-0.18139342078934492
26.0,-2.9343846674867518,-1.2899750594412684,1.990203772791933,0.2517635750030507,-0.05602664654850824,0.25,-0.18308106432001747
26.1,-2.944833003533067,-1.2665426646690487,1.982526649192286,0.2533095722728214,-0.08425917860428003,0.25,-0.1870420308905948
26.2,-2.955106163239948,-1.243125543576643,1.9739360585581935,0.25272856509509484,-0.08310367427158946,0.25,-0.1870420308905948
26.3,-2.965127674101238,-1.2196618770687035,1.965103721569592,0.2443927256396472,-0.09041206066483715,0.25,-0.1912483706513968
26.4,-2.97478493780657,-1.1964161999707308,1.9571921991514036,0.2424318557375076,-0.05456393610681042,0.25,-0.1912483706513968
26.5,-2.9842450576965893,-1.1734317536078949,1.951531385743973,0.24199762888096896,-0.05309807893951641,0.25,-0.19308292119267567
26.6,-2.9936288462434297,-1.1501179866977882,1.945799225807111,0.25288888633563367,-0.0671594867966592,0.25,-0.19308292119267567
26.7,-3.002950131983366,-1.1263208397311681,1.9387138068934393,0.24117745844124638,-0.07215618892884686,0.25,-0.19388888703965756
26.8,-3.012075982437795,-1.102531539829895,1.9311678406016426,0.240540818143178,-0.07700910349288227,0.25,-0.19576406959096443
26.9,-3.02103936122634,-1.0784321488891586,1.9229836161154206,0.25670585463404233,-0.07781662482646942,0.25,-0.19576406959096443
27.0,-3.029882426021302,-1.0537508646294278,1.9169357350074727,0.2566313438373885,-0.05402613065980018,0.25,-0.19873277015196034
27.1,-3.0385323484003512,-1.0292363402750768,1.9109949904248102,0.24965022760529068,-0.05829327253514341,0.25,-0.19873277015196034
27.2,-3.0442100197187014,-1.0131739201656287,1.906777265138763,0.25204267625271654,-0.06181163549302379,0.25,-0.19860608359242285
27.3,-3.052577102835202,-0.9891220102172217,1.899336940074897,0.24546841083672918,-0.08528444004742249,0.25,-0.20295172039924256
27.4,-3.060774567574008,-0.9649237800348958,1.8902807208609989,0.2538135844496527,-0.09209014822975707,0.25,-0.20295172039924256
27.5,-3.068764940093668,-0.9407615986009801,1.8804983173522238,0.25547679319173366,-0.09980155756359722,0.25,-0.2039224067592007
27.6,-3.0763636771938656,-0.9167754301573332,1.8707737773595474,0.24672287443255556,-0.06128929120170448,0.25,-0.2039224067592007
27.7,-3.0838457824776,-0.8922640924397954,1.863074728179361,0.24283876890706108,-0.07105472722695365,0.25,-0.20177475048690652
27.8,-3.091125972112657,-0.867857793811432,1.8574449955304688,0.2500213833175548,-0.05241765525892998,0.25,-0.20036878457315105
27.9,-3.0982935083868446,-0.843343898931762,1.8522149368124217,0.23975918245093578,-0.049511252565159924,0.25,-0.20036878457315105
28.0,-3.105357660056078,-0.8188698175988633,1.846528795229567,0.26148752539948505,-0.057827717688060346,0.25,-0.2032542562264102
28.1,-3.1121574278577357,-0.794352473857616,1.8383752554027968,0.24720530178459152,-0.09942268172799738,0.25,-0.2032542562264102
28.2,-3.118745368930678,-0.7701003746824356,1.8283372004353724,0.24497546126255093,-0.10387912489371379,0.25,-0.20769733134995702
28.3,-3.12511473157739,-0.7455606962535686,1.8196234577250046,0.24755534326558326,-0.06596752277660997,0.25,-0.19910950000174474
28.4,-3.1313431062441746,-0.7207449926783129,1.8133013576679797,0.24649130083726253,-0.06340952667225333,0.25,-0.19910950000174474
28.5,-3.137413455294275,-0.6959443655434531,1.8073487722938997,0.2504806149563324,-0.056927255717741036,0.25,-0.19702115021115213
28.6,-3.143408224155757,-0.6711426979276043,1.801167447826153,0.2500405402116118,-0.07355835487497187,0.25,-0.19702115021115213
28.7,-3.1492428227581244,-0.6458369456240304,1.7933193193210564,0.26049349909479996,-0.08643535346553227,0.25,-0.20346725422064307
28.8,-3.1530695621950233,-0.6290266363252139,1.7873196003975793,0.26023560150571623,-0.089645401335722,0.25,-0.20346725422064307
28.9,-3.158551701978986,-0.6038978399827838,1.7767197218313282,0.2572466909443658,-0.11709127104995093,0.25,-0.20895828414355144
29.0,-3.163697118060647,-0.5789370013378575,1.7695618522959315,0.25198748866359805,-0.04635790846963023,0.25,-0.20928665091405083
29.1,-3.1687049911673797,-0.5538651323309669,1.7650422831982853,0.2492067154064919,-0.04379605928433968,0.25,-0.20928665091405083
29.2,-3.173593938810263,-0.5295506883269672,1.760207141573038,0.25309598113008724,-0.055177727152262546,0.25,-0.21141076106958795
29.3,-3.178293410846812,-0.5050748767690072,1.753097543217744,0.23866020269528548,-0.08519568141318726,0.25,-0.21141076106958795
29.4,-3.182624998038384,-0.48032679693702707,1.7430521837474404,0.25341111796395194,-0.10392897449710867,0.25,-0.2193796887616741
29.5,-3.1870463914825162,-0.45532112594193647,1.7343422358230622,0.24891286027000417,-0.06231417821950417,0.25,-0.2193796887616741
29.6,-3.191139433676558,-0.43019127899894477,1.7286358842287968,0.25033953347715254,-0.05524709083364047,0.25,-0.21825082024070436
29.7,-3.1951485405961257,-0.40501848321350997,1.7228186043953841,0.25655178577791043,-0.05915138897040311,0.25,-0.21919051259699573
29.8,-3.1990319773254785,-0.3790748352004909,1.715904674682311,0.24979354572363213,-0.07091118717203568,0.25,-0.21919051259699573
29.9,-3.2027337355811527,-0.35325979107159117,1.707993292112292,0.24947845172964836,-0.08339977899676278,0.25,-0.22482973112580734
30.0,-3.2062223055781103,-0.3277538060982946,1.6986239198112936,0.26134670051296194,-0.09438582806587337,0.25,-0.22482973112580734
30.1,-3.2094233002003003,-0.3023489223861147,1.687664541089545,0.2373488122014128,-0.09338242951644452,0.25,-0.22679627622769993
30.2,-3.2122917344180735,-0.2769180310545387,1.6804934800219897,0.2469509011264027,-0.07154108685268583,0.25,-0.22679627622769993
30.3,-3.2149998159970217,-0.25207500779551145,1.6703495866498954,0.2542085797361235,-0.1029153936224726,0.25,-0.2259192883193324
30.4,-3.217379837440363,-0.22734074831993747,1.661215144606766,0.23895484991239327,-0.09466067128828833,0.25,-0.22580716722064398
30.5,-3.2188966993500014,-0.210790616013364,1.65429073177536,0.25313795872641487,-0.1080193012834772,0.25,-0.22580716722064398
30.6,-3.220836530769173,-0.18562895541260238,1.642959099441376,0.25189089912243307,-0.09465241325054567,0.25,-0.22547143273707038
30.7,-3.2227495445361254,-0.16028010217934882,1.6346844331685257,0.24856004027952763,-0.07537905741612802,0.25,-0.22547143273707038
30.8,-3.2244621653761945,-0.13484937930452087,1.6272459065577425,0.25060356929148814,-0.06847499105820302,0.25,-0.22179613065720458
30.9,-3.2258843360706724,-0.10837939665062918,1.6222793121596493,0.2511276302610948,-0.035006351908706185,0.25,-0.22413265789108833
31.0,-3.2271954914513516,-0.08175846093405706,1.6181866045210234,0.2650109686924454,-0.039699591219348414,0.25,-0.22413265789108833
31.1,-3.2283535112702597,-0.05537500187825983,1.613905831324008,0.2574918073040894,-0.05516894783226653,0.25,-0.2278840365582558
31.2,-3.229352909659426,-0.029323361230784765,1.606841172823258,0.2442256095829717,-0.09239035013145738,0.25,-0.2278840365582558
31.3,-3.2302536702755367,-0.003930596107282562,1.6003272793208108,0.2587797349496669,-0.04707516196888785,0.25,-0.2298076168225113
31.4,-3.231013995536585,0.02088579473386718,1.5947397455975498,0.248891902255267,-0.04573483526867506,0.25,-0.22428705200483412
31.5,-3.231626413624279,0.04554342027920412,1.5897154176330572,0.23801284241729628,-0.05141700000012054,0.25,-0.22428705200483412
31.6,-3.232115777831912,0.06998682640755403,1.5855881624614783,0.2353548986615809,-0.030663270852977282,0.25,-0.23069803470001182
31.7,-3.2324911457112107,0.09437033871979264,1.581260177119157,0.23445055763243272,-0.04488818872618356,0.25,-0.23069803470001182
31.8,-3.2327489580995805,0.11950994506346209,1.5757534343989648,0.26239183601480714,-0.06669043570750251,0.25,-0.2370025585422143
31.9,-3.2328343146180747,0.14521938427641543,1.5668728524494717,0.2605675202352129,-0.09109847208858494,0.25,-0.2370025585422143
32.0,-3.232677454325735,0.17152035630598986,1.559847514291109,0.2642719053669439,-0.048208796360762564,0.25,-0.2448515341923989
32.1,-3.232493982745734,0.18915776026330605,1.556664256731161,0.260705547011397,-0.043096985024358825,0.25,-0.2448515341923989
32.2,-3.232144517257393,0.21591533077051986,1.5528557173170834,0.26455228675963754,-0.041510607684676286,0.25,-0.25023133145789433
32.3,-3.231686501874211,0.24268530834045338,1.549184902689276,0.2450560628023387,-0.05864678228383604,0.25,-0.25910104092502245
32.4,-3.231014814502073,0.26825544436562426,1.5402677730369956,0.24770050118083992,-0.11251456450267665,0.25,-0.25910104092502245
32.5,-3.230214693661815,0.29341856426202145,1.5264144163058666,0.23893221274273557,-0.1558741690788259,0.25,-0.2689852849170023
32.6,-3.229128405734818,0.3184522614946779,1.5109698396318056,0.25799365395669266,-0.11333770474866889,0.25,-0.26351963008617146
32.7,-3.227516906206151,0.3434186529936988,1.500874216722134,0.2474285377246272,-0.08967892140397274,0.25,-0.26351963008617146
32.8,-3.225929798225333,0.36772279254037243,1.4929666523764589,0.24584528405493253,-0.06252976825853374,0.25,-0.2604393609511567
32.9,-3.223868625803831,0.39260007401033026,1.4854243779896161,0.248690656863771,-0.08348341179247874,0.25,-0.2604393609511567
33.0,-3.221653155092131,0.4183010090375052,1.4769316332217541,0.2390243052353499,-0.08692747212023445,0.25,-0.2633677445501277
33.1,-3.2190792991378627,0.4441168312065317,1.466452216287314,0.24481808122494497,-0.10943671606453563,0.25,-0.2633677445501277
33.2,-3.2162607426027248,0.47009650587545826,1.455613632017833,0.25290342436559365,-0.09803669251657092,0.25,-0.2647615928599285
33.3,-3.213331137629523,0.4962034712360661,1.4460759117939739,0.26173379577614225,-0.08950228270867498,0.25,-0.2626524015992876
33.4,-3.210087876820153,0.5220359075829828,1.4367577866548964,0.25030105641536715,-0.10870402369021927,0.25,-0.2626524015992876
33.5,-3.2065888895175982,0.547330014694736,1.4242449238192316,0.25220878173675676,-0.1343983803030437,0.25,-0.262047549908732
33.6,-3.2025926421624136,0.5724903268082144,1.4108729305068082,0.2492265273567195,-0.13692390283576672,0.25,-0.262047549908732
33.7,-3.1985992899159363,0.5972821377250961,1.3961678846829804,0.23888365861308067,-0.1453721787098915,0.25,-0.25958785683510827
33.8,-3.1958623739426018,0.6136649704440275,1.3875543283909142,0.23915217966046573,-0.11934969138987417,0.25,-0.2565434812690651
33.9,-3.1913169326427084,0.6381026965515577,1.3764482922326622,0.25056223163329483,-0.10643958860590551,0.25,-0.2565434812690651
34.0,-3.1865124179461426,0.6627257686146032,1.3676398863388117,0.23053302457117794,-0.045136686548618785,0.25,-0.2499238751182315
34.1,-3.181193491923525,0.6878318839734225,1.3594847012703435,0.26009720753430965,-0.10365332766100153,0.25,-0.2499238751182315
34.2,-3.17581795133888,0.7129005409819797,1.3496291407964256,0.25748204680067405,-0.10459989126198996,0.25,-0.24531891097539857
34.3,-3.169987103422226,0.738149706693138,1.3397390127568143,0.24342351038505994,-0.08847899281675953,0.25,-0.24524888710543355
34.4,-3.164083036880409,0.7635821237702951,1.3300010143161507,0.2482176053945643,-0.09888852767310395,0.25,-0.24524888710543355
34.5,-3.15812680585585,0.7882862648674739,1.3207319285752794,0.2477076857753124,-0.11011228122806847,0.25,-0.24181256323023048
34.6,-3.152002649047782,0.8129555915994403,1.3088301033831211,0.24440304752648734,-0.12189771032944333,0.25,-0.24181256323023048
34.7,-3.1455425826495365,0.837546892914538,1.2984251568879974,0.2491431987620359,-0.07929084714869344,0.25,-0.23213292048920595
34.8,-3.1386126051946506,0.8620967865155482,1.2898850236437858,0.25050863620203034,-0.09384662901047476,0.25,-0.23233692227697827
34.9,-3.1315984574033,0.8862613926763379,1.2792257484027783,0.25324183647497267,-0.09843436473636609,0.25,-0.23233692227697827
35.0,-3.1241533129821173,0.9110065807535059,1.2710226460164218,0.2616478531964266,-0.08778862212489151,0.25,-0.23260835651198475
35.1,-3.116580649845955,0.9354230013968361,1.2597851817071917,0.24388541530452224,-0.11339651353475841,0.25,-0.23260835651198475
35.2,-3.1090016816144965,0.9596274174178515,1.2482133690938262,0.25161300270309006,-0.11533416214766733,0.25,-0.2275925941524113
35.3,-3.1013126385276326,0.9837447656541219,1.2366121034895,0.24317739069777708,-0.10125283750333171,0.25,-0.2274758082365334
35.4,-3.0957563070707677,0.9998540541752715,1.2301560298402794,0.24279640267321587,-0.09337375575648478,0.25,-0.2274758082365334
35.5,-3.0872722881669494,1.0232022115173411,1.2225706390686784,0.23942461510982865,-0.06417113419637954,0.25,-0.22502864031291908
35.6,-3.078604763664858,1.0465270318797664,1.214937809587081,0.24333204221702887,-0.09165871689590759,0.25,-0.22502864031291908
35.7,-3.069948661764269,1.0703573165200573,1.204652810055351,0.25067104340439983,-0.11266111365305707,0.25,-0.22081930255479493
35.8,-3.0612914281682024,1.0940921177037835,1.1937127278577264,0.2450670333598112,-0.10489094384998605,0.25,-0.2208086464256546
35.9,-3.0520592026736524,1.1177352395870963,1.1827484305334854,0.25053680584194077,-0.1093078926542271,0.25,-0.2208086464256546
36.0,-3.042303321512502,1.1417407198105936,1.173688329690862,0.2623774245729517,-0.06796914659592337,0.25,-0.21314884309747986
36.1,-3.0322197840948255,1.1661282043668133,1.1669669067313353,0.2536014789153255,-0.06656233303431142,0.25,-0.21314884309747986
36.2,-3.0220137007844308,1.1904308866503013,1.1603078220132323,0.2458208120054267,-0.06613938332304022,0.25,-0.20936593548862872
36.3,-3.011760280598362,1.2137994523129016,1.1529227772658328,0.26313507099597633,-0.07228799135103262,0.25,-0.20823353900470515
36.4,-3.00140076310949,1.2370315512480834,1.1456267491723255,0.251599160843475,-0.0722066665965882,0.25,-0.20823353900470515
36.5,-2.9907952994679503,1.2602225569969854,1.1385152512048458,0.2625546550211557,-0.0608702203027047,0.25,-0.2086626956883398
36.6,-2.9801838636555047,1.283000607294121,1.130181517926391,0.24917944191043473,-0.07447085431162834,0.25,-0.2086626956883398
36.7,-2.969401119837672,1.3053742176958396,1.1228549534302832,0.2505942286702433,-0.07322105171287421,0.25,-0.20843455858746332
36.8,-2.9583904952836706,1.327929760891637,1.1152328703793608,0.25200943708340023,-0.09326251522575985,0.25,-0.20843455858746332
36.9,-2.9475184264184997,1.3507781967354557,1.1049946040255503,0.24563154784615135,-0.0988629106689048,0.25,-0.20452993311536527
37.0,-2.9364118535639463,1.3734990486377376,1.0950875538757183,0.2505379539612298,-0.0953912127551159,0.25,-0.2038532637590203
37.1,-2.9285545696738104,1.3887028446357481,1.0886105379092998,0.2588853343448993,-0.0795173895180454,0.25,-0.2038532637590203
37.2,-2.9165473901388337,1.4121242268518637,1.0816783768710478,0.25754706794774607,-0.06909362408638392,0.25,-0.1975918594608003
37.3,-2.9043846075685567,1.4354165521976954,1.0748075865755473,0.26059732071746744,-0.07219682922556846,0.25,-0.19730698979664826
37.4,-2.8920835290100597,1.458377233363298,1.0675930132579385,0.26003031059018544,-0.08774355349774506,0.25,-0.19730698979664826
37.5,-2.8798149870489755,1.4807258731085917,1.0587837113338823,0.24592846825308926,-0.09515035461089517,0.25,-0.1975693605632921
37.6,-2.867693461728493,1.5028900011826023,1.048735744854584,0.24224194857381354,-0.10333112508126525,0.25,-0.1975693605632921
37.7,-2.8551500564138026,1.524572646642277,1.0400977236113562,0.24593955738454965,-0.08824505975049754,0.25,-0.188635527121798
37.8,-2.842405684028214,1.5459700199810238,1.0325503427469822,0.24362569759869737,-0.07133855123772583,0.25,-0.18299126030168542
37.9,-2.8293736622527095,1.5673702257396471,1.025863513203616,0.2510463145408152,-0.06182622270245457,0.25,-0.18299126030168542
38.0,-2.8162367515642077,1.5890415591631015,1.0184052782066326,0.24870599546772099,-0.08330544969808229,0.25,-0.18239842495293979
38.1,-2.803005052181859,1.6107231083256954,1.009742442259901,0.24887900560286094,-0.0838413540400526,0.25,-0.18239842495293979
38.2,-2.7894080086298594,1.6324352247629115,1.0013357472966185,0.2532141799834235,-0.0789282535776908,0.25,-0.18411146213023252
38.3,-2.775390965501801,1.6542939015437867,0.9934549277354028,0.25449582808203924,-0.06975428933740659,0.25,-0.18411146213023252
38.4,-2.761273974382861,1.6762356744287932,0.9866825198936843,0.25559052882084493,-0.0636598548822355,0.25,-0.1793254734860725
38.5,-2.7470308781635016,1.698100953778529,0.9800438938146367,0.24986715725000666,-0.07537423895600619,0.25,-0.1793254734860725
38.6,-2.7327196864902588,1.7192976297930591,0.9719881342166353,0.2386464614844043,-0.0558806422236748,0.25,-0.17903872574291374
38.7,-2.7231931012608688,1.7333009816112495,0.9659076184471361,0.2460842345974724,-0.09798178338893515,0.25,-0.18167577280675226
38.8,-2.7087473684388486,1.7539419724428431,0.9564957229729921,0.24700505026366365,-0.09347617476748583,0.25,-0.18167577280675226
38.9,-2.6944321801715287,1.774469609217716,0.9483547578477111,0.24391536219322918,-0.06593536972090826,0.25,-0.17860722277712823
39.0,-2.6797507164660295,1.7947220813534435,0.9412446918053038,0.24494941056271277,-0.06657964683891952,0.25,-0.17843962835947258
39.1,-2.664860637770549,1.8148428435728166,0.9341530112326325,0.2445010421907258,-0.07079450138317313,0.25,-0.17843962835947258
39.2,-2.6496870923018134,1.8353431323766616,0.9266037299925252,0.2551780380785144,-0.06828204966498466,0.25,-0.17612333470166597
39.3,-2.6342517405204675,1.855874720037344,0.9191881183876006,0.2605756613566043,-0.06194235195231844,0.25,-0.17612333470166597
39.4,-2.618440340846455,1.8763544871471558,0.9113474746370424,0.2568208815200512,-0.07410165106594949,0.25,-0.1755422865313137
39.5,-2.6024050188494523,1.896706470693412,0.9033877616780617,0.24926250209521753,-0.08084572898775583,0.25,-0.17548669711805212
39.6,-2.5862291094177867,1.9169976735544216,0.896005417953849,0.25793156521812055,-0.06523588651202271,0.25,-0.17548669711805212
39.7,-2.5701987842701763,1.93707402930477,0.8890933391552533,0.24751677181868892,-0.06845089375002941,0.25,-0.17289969740526856
39.8,-2.5540872527412883,1.9568945014698638,0.8822885516851606,0.24692339205255207,-0.06528672732120011,0.25,-0.17289969740526856
39.9,-2.5379365287742273,1.9763654584959605,0.8751019384207147,0.25030595490175916,-0.07453907498356385,0.25,-0.17277198388797144
40.0,-2.5219785966581543,1.9957068093557317,0.8672486089327059,0.24464642947962612,-0.07738885440295633,0.25,-0.17138740030871463
40.1,-2.5057512369345663,2.014832750292316,0.8602847155425055,0.24932551909174164,-0.06280951185783161,0.25,-0.17138740030871463
40.2,-2.489318766975968,2.033906535134438,0.853180645209775,0.2457920123096411,-0.07100202227725032,0.25,-0.1692731839352522
40.3,-2.472480584743333,2.0532467673967725,0.8457900611415923,0.248739784833059,-0.0738537265725423,0.25,-0.1692731839352522
40.4,-2.461175127729715,2.066144652784332,0.8407956842512726,0.2549570799347121,-0.07346735160283802,0.25,-0.16982999587922173
40.5,-2.443959732655273,2.085296192306556,0.8330349308909595,0.25740721165393143,-0.07434043659691895,0.25,-0.16982999587922173
40.6,-2.4263713593070997,2.104312813614014,0.8255143906581666,0.2537918630804206,-0.07505954548797664,0.25,-0.16619817998142464
40.7,-2.408658794547639,2.123212372036375,0.8183150219918677,0.2485502071114256,-0.07120116344750434,0.25,-0.16725293124458215
40.8,-2.3911206274918237,2.1419095689041585,0.8112306891666161,0.2492507146318106,-0.06567104765949716,0.25,-0.16725293124458215
40.9,-2.373497668129052,2.1603610435334106,0.8044549190514111,0.2462005433919039,-0.0631859307231566,0.25,-0.1608507393715982
41.0,-2.3557784966528663,2.1786537296878805,0.7979667707860786,0.25051218335706205,-0.06475853306240928,0.25,-0.1608507393715982
41.1,-2.338195960797493,2.196736132287575,0.790988548333576,0.2437820676362481,-0.06953875230765239,0.25,-0.16352225393698622
41.2,-2.3205762781906287,2.2146489310011392,0.7839082915806489,0.2507117328600309,-0.07015456449465805,0.25,-0.16604199288472235
41.3,-2.30299855082094,2.2324761351286675,0.776952006901831,0.2549704108765945,-0.06736737281723107,0.25,-0.16604199288472235
41.4,-2.2847724527869597,2.2503163808949345,0.7694965476979098,0.2586685737537979,-0.07381471307337474,0.25,-0.16568409266476247
41.5,-2.2663919323362984,2.2682087410152927,0.7619679449391428,0.24912515858067277,-0.0759959085560276,0.25,-0.16568409266476247
41.6,-2.247811871696602,2.2860341690439907,0.7540755487601593,0.25524730955766844,-0.08636477071678095,0.25,-0.1668959558285303
41.7,-2.2287987170346693,2.303651145625827,0.7468017490046419,0.25978453540773083,-0.06566640258208328,0.25,-0.16708083061883505
41.8,-2.20976233598162,2.321138555125785,0.7398595783574354,0.25954156102760884,-0.06622641024316585,0.25,-0.16708083061883505
41.9,-2.1907846167115514,2.3384043290931102,0.7329206585178177,0.2457509721888173,-0.06513292878739954,0.25,-0.1676293009921917
42.0,-2.178135136695549,2.349771514031414,0.7282502617555651,0.246521058609284,-0.06815007576490636,0.25,-0.1676293009921917
42.1,-2.1590533406275685,2.3667324219469004,0.7212312011468063,0.2519651754554803,-0.06861274369973551,0.25,-0.17023788323610686
42.2,-2.139863474010719,2.3834906881424445,0.713998892834213,0.24878327902208613,-0.07569407428852813,0.25,-0.17023788323610686
42.3,-2.12089131796238,2.3999694323357716,0.7069975646752487,0.2517077378161532,-0.06630364490089798,0.25,-0.17086500232974805
42.4,-2.101906700610485,2.416336512955662,0.699961864431401,0.24210481001462936,-0.06779832240833435,0.25,-0.1704537620047044
42.5,-2.082535061592982,2.4326792766686225,0.6926863297289563,0.2585898981654029,-0.07333449141126641,0.25,-0.1704537620047044
42.6,-2.0628631418988372,2.4490639383693837,0.6852139131857031,0.24829256663832178,-0.07740990640936798,0.25,-0.17174756744564706
42.7,-2.04298113184106,2.465293657270632,0.6776938018614906,0.2531117616434678,-0.06946073464827518,0.25,-0.17174756744564706
42.8,-2.022868180184272,2.4814539824418973,0.6704175121438859,0.2549837076871451,-0.06922794542172277,0.25,-0.171005421250086
42.9,-2.0024484203485833,2.4973956077655886,0.6634541484701771,0.24896259408638316,-0.06701418328617616,0.25,-0.17088849826878172
43.0,-1.982152438369398,2.5131300720924474,0.6566761237159222,0.2551701844425086,-0.06802351822014732,0.25,-0.17088849826878172
43.1,-1.9619571860969252,2.528646083954575,0.6500089413610705,0.25287891801963547,-0.06935413687941554,0.25,-0.1710046346526308
43.2,-1.941612237693952,2.5440814761297497,0.642616573209415,0.2532659916527522,-0.07467327375194781,0.25,-0.1710046346526308
43.3,-1.921160458061625,2.559291049918496,0.6354023675395241,0.2451971628875964,-0.0679464216990881,0.25,-0.17187831598783251
43.4,-1.900900517379555,2.574247391690525,0.6284106323249589,0.24314170841746116,-0.06519760304289926,0.25,-0.17187831598783251
43.5,-1.880570885511965,2.5890985045314965,0.6216840334189755,0.24234209447239943,-0.06822324352565967,0.25,-0.171678054868857
43.6,-1.860001197647552,2.6038975052573905,0.6146303656910113,0.24300884104955492,-0.06867549243507468,0.25,-0.171678054868857
43.7,-1.8462113901515549,2.6136827118643757,0.609896495593888,0.24904006342507778,-0.07120957934963566,0.25,-0.17054593163661336
43.8,-1.8252555622976676,2.628258773069545,0.602222619919297,0.24289678786356883,-0.06763704136190121,0.25,-0.16468598097297898
43.9,-1.8041888292313755,2.6427631395690376,0.5948733845569607,0.2585164833065538,-0.07195865080751909,0.25,-0.16468598097297898
44.0,-1.7831819823757094,2.6569874017964694,0.5875203438207748,0.2505235556241534,-0.07145853242935257,0.25,-0.16713647695943729
44.1,-1.7620892276841056,2.671033373555082,0.5801379839851374,0.24937284167650106,-0.07193578390892082,0.25,-0.16713647695943729
44.2,-1.7407662384542282,2.6849629967229336,0.5739727356655333,0.24973298587677822,-0.055516608808725776,0.25,-0.16732912366445316
44.3,-1.7192816278206569,2.698751171480286,0.5682754943464341,0.25406294683129094,-0.056647681546960496,0.25,-0.16732912366445316
44.4,-1.6977566522487373,2.712445578170832,0.5621027131716163,0.2537712512770665,-0.06917349025260283,0.25,-0.16813463712040527
44.5,-1.6760423327716838,2.726114743004011,0.5546393846798916,0.2583005173601592,-0.08089246032224141,0.25,-0.16813463712040527
44.6,-1.6540805772583567,2.739735923268909,0.5468982608775543,0.2579662593499168,-0.073593359793738,0.25,-0.16974098692006123
44.7,-1.63207623107529,2.7530138918385645,0.5392103001474733,0.24510931571152172,-0.06495155672662938,0.25,-0.17370007022422257
44.8,-1.610427520276103,2.766057624844212,0.5325861804134719,0.2422020477798421,-0.06454710372314242,0.25,-0.17370007022422257
44.9,-1.5884727840356745,2.7789576297770036,0.525950763987794,0.24174528622029146,-0.06512472539148009,0.25,-0.1734575597708134
45.0,-1.5665627220525977,2.7916596256207566,0.5191057228140427,0.24016407749807048,-0.06985946210339004,0.25,-0.1734575597708134
45.1,-1.5446683609626408,2.8040594983924945,0.5115597123955803,0.2460943995263015,-0.07862662240108846,0.25,-0.17646878013929776
45.2,-1.5226410783890563,2.816396578151982,0.503497291572738,0.24571913570797707,-0.08168208443002975,0.25,-0.17646878013929776
45.3,-1.5078630577275685,2.8245598978883453,0.49897114863665065,0.252230496768579,-0.05510389230047427,0.25,-0.17637346180616184
45.4,-1.4854385708399842,2.836721282087453,0.49317299133626685,0.24568473698017954,-0.05869808113428306,0.25,-0.17526117859116117
45.5,-1.4630110011826436,2.8487478424946295,0.486991700006214,0.256267766731423,-0.06046363580896393,0.25,-0.17526117859116117
45.6,-1.4403530932982598,2.86070585129078,0.4805473889800896,0.2508095057552749,-0.07324308571320924,0.25,-0.18010715578383862
45.7,-1.4174116009063698,2.872798067618505,0.472132890091432,0.2581896577741112,-0.08607979057453144,0.25,-0.18010715578383862
45.8,-1.394452759459034,2.8845595843444003,0.46321561631898445,0.25746505964715594,-0.10117334339341977,0.25,-0.18255592324827857
45.9,-1.371470942548557,2.8959387876654894,0.4546866835395518,0.24828824095146632,-0.06361276209949648,0.25,-0.18255592324827857
46.0,-1.3486476165180266,2.9070772270323717,0.4481651580201823,0.24718944271794574,-0.06728835674770273,0.25,-0.19290870063969223
46.1,-1.3258802839309654,2.918070100798779,0.44137853343969274,0.24294930475293186,-0.06663291380681184,0.25,-0.19290870063969223
46.2,-1.3031912150727691,2.9287040614493676,0.43312555562866545,0.24957477892455543,-0.07928812397290784,0.25,-0.17584445266079085
46.3,-1.280309052116775,2.9391083358954346,0.42497077708263437,0.24375387991472988,-0.08336304072989546,0.25,-0.17712826216691813
46.4,-1.2572420234671116,2.9494517096003525,0.41653055272335127,0.2552219770733826,-0.06787110223868083,0.25,-0.17712826216691813
46.5,-1.2338357631873447,2.959698976442922,0.41053793917105263,0.25763067017811686,-0.053660778815943735,0.25,-0.1754709447434047
46.6,-1.2105477572049244,2.9698126480454423,0.4048513656857854,0.25345404624189394,-0.05683441834651893,0.25,-0.1754709447434047
46.7,-1.1869425030631864,2.9799041123540575,0.39871556277199655,0.24995371132103134,-0.07306104312914634,0.25,-0.17445531052523994
46.8,-1.1630755731843758,2.9901195416356665,0.39118242221339744,0.24962721105244826,-0.08193050878226274,0.25,-0.17445531052523994
46.9,-1.1390645397219936,3.0001055589365344,0.38358842404570337,0.25099248455647505,-0.06467326461954012,0.25,-0.17442263731908125
47.0,-1.1230488921735817,3.006712126041962,0.37879534210202503,0.25638515271339735,-0.07565975452125305,0.25,-0.17083211557482247
47.1,-1.0992466840459447,3.0161215094689813,0.37282539340364834,0.24535390868702223,-0.052883961981291826,0.25,-0.17083211557482247
47.2,-1.0756760288728466,3.0253768855202527,0.36731499467546885,0.25054490578681876,-0.05596387914044987,0.25,-0.17565220680148463
47.3,-1.0523559278553716,3.0343827842675997,0.3615794496869188,0.2393264315898208,-0.06370901296327613,0.25,-0.17565220680148463
47.4,-1.0288872731550829,3.0432639462468765,0.3544237006454735,0.2496732104030214,-0.07530958021046387,0.25,-0.18313910289723687
47.5,-1.0052656480805657,3.0518083995522356,0.34589760348522514,0.24353658065686062,-0.08061919996371471,0.25,-0.18313910289723687
47.6,-0.9813699386994802,3.060336599851241,0.3375369790889056,0.2515075694741209,-0.07411095646799326,0.25,-0.1901067744659509
47.7,-0.9572756903383907,3.068777622735006,0.3313078053085203,0.2510007933420056,-0.05866116293943812,0.25,-0.1901067744659509
47.8,-0.9328818590387253,3.0770735318676,0.3255122421990777,0.2622008527634932,-0.04881985487729917,0.25,-0.18946995245244652
47.9,-0.9080045170054486,3.0852872546974166,0.3196863081800987,0.2601606989261148,-0.07298429945435561,0.25,-0.1927333306639832
48.0,-0.8833842164082896,3.0934089653781633,0.3120034119718558,0.25694587262645435,-0.07762738641881936,0.25,-0.1927333306639832
48.1,-0.8586316391084804,3.10136866017316,0.3032610421944819,0.26152232077581467,-0.08332982606103212,0.25,-0.20055510863548798
48.2,-0.8341873197280223,3.1089811281355986,0.2944603474704024,0.2502048674090121,-0.06701431359427641,0.25,-0.20055510863548798
48.3,-0.8098173309555071,3.11632269191221,0.28592112312865325,0.25416341168415946,-0.09701389380431681,0.25,-0.2015020687098708
48.4,-0.7860840715571746,3.123419044558669,0.279602613639211,0.239913910135824,-0.050227849462115434,0.25,-0.2015419639237639
48.5,-0.7623745516806629,3.130314552039345,0.27429242231002127,0.23839657440562673,-0.051387574830509826,0.25,-0.2015419639237639
48.6,-0.7463854703566268,3.1348504882614705,0.2703961617582139,0.24567786565971095,-0.06958778674772423,0.25,-0.2048532267133904
48.7,-0.7223173558938412,3.1414746238044877,0.2627450466382886,0.2525496328854186,-0.08153369473400184,0.25,-0.2048532267133904
48.8,-0.6977341111728869,3.1480746163571993,0.2532435349773356,0.25185661669769044,-0.08699221173196515,0.25,-0.2136195166495806
48.9,-0.6728666349005232,3.1543874891112234,0.2442940513974445,0.2573177718066393,-0.08787956148413471,0.25,-0.21267615522146166
49.0,-0.647225289499596,3.1605534962271054,0.23816476455953098,0.26353909520325863,-0.0491481787293993,0.25,-0.21267615522146166
49.1,-0.6214760609008332,3.1666030309060558,0.23311143228488673,0.24970357860566017,-0.054414681266779834,0.25,-0.20962427901098615
49.2,-0.5957396062402016,3.172551115514238,0.22785104407728773,0.26497164608960677,-0.04381420206202598,0.25,-0.20962427901098615
49.3,-0.5703829531908926,3.1783695428775856,0.22146371621203856,0.2547701133869612,-0.07804397875740214,0.25,-0.21061943880280642
49.4,-0.5455550116585404,3.183951307216794,0.21261246969842507,0.24363454959395053,-0.09372646360831792,0.25,-0.21415380568614822
49.5,-0.5208709216890317,3.1891167481748446,0.20201066296156728,0.2418762139451296,-0.09980419265567485,0.25,-0.21415380568614822
49.6,-0.49621783738760056,3.1940714573501734,0.19419015275737547,0.2489446774757465,-0.06867733417242185,0.25,-0.20999573024145346
49.7,-0.4718123436938466,3.198911545181649,0.18791402587987918,0.2384090655350768,-0.05595184828455376,0.25,-0.20999573024145346
49.8,-0.44746995843782084,3.2035897883609046,0.18263931407275646,0.23802265220258542,-0.043666903649030565,0.25,-0.20813914238199324
49.9,-0.4225146693113736,3.208201323561571,0.17703253495600224,0.2534110111299326,-0.06390149611062085,0.25,-0.21005309176343614
50.0,-0.3970711472292765,3.212710381615389,0.17000460884246985,0.2621319977697795,-0.08391679376097935,0.25,-0.21005309176343614
50.1,-0.37143297043303525,3.217047531065495,0.1622605439389555,0.2641331018912309,-0.059042865695188,0.25,-0.21285993200684522
50.2,-0.34547562078041016,3.2211908874357142,0.15695489849580138,0.25714171924022466,-0.052142793254354884,0.25,-0.21285993200684522
50.3,-0.328259532055183,3.2238658312086463,0.1529932616955488,0.2535541119831404,-0.05757831959508059,0.25,-0.21271467423253582
50.4,-0.30266008313888876,3.227784997922029,0.14668611497078085,0.2479197434864303,-0.08653710631374849,0.25,-0.20720140828927452
50.5,-0.27737187577994066,3.2314962610754456,0.13686859505150095,0.2506546604725302,-0.09513101685021194,0.25,-0.20720140828927452
50.6,-0.2521456450496765,3.234878224922818,0.1279666902694327,0.24116601443880506,-0.08774736487764878,0.25,-0.19603657323176876
50.7,-0.22714437881055047,3.2380183586603786,0.11863754631705234,0.24403108620203862,-0.07174947198212467,0.25,-0.19603657323176876
50.8,-0.20239164886283478,3.2410044658647177,0.113252209551085,0.2424207177161959,-0.040599209831077655,0.25,-0.17509990651668672
50.9,-0.17753328562911877,3.243860821410151,0.10898300095273505,0.24320687554122092,-0.0429291193536001,0.25,-0.16633621287092526
51.0,-0.15238258248069841,3.246584417636815,0.10475342424942877,0.24378434382918399,-0.04981083705933189,0.25,-0.16633621287092526
51.1,-0.12700318347245473,3.249226427207441,0.09950216138635382,0.24570492397387425,-0.05231439425083547,0.25,-0.15916104967734743
51.2,-0.10139571861768068,3.251708302146733,0.09286570468601348,0.2524111477798184,-0.06628214349506256,0.25,-0.15916104967734743
51.3,-0.07565639416414817,3.253996398877599,0.08764957776104712,0.25838579061449324,-0.03565867716338134,0.25,-0.1509293619527142
51.4,-0.04986051939676927,3.2562347754249874,0.08413874041402618,0.2582777222057994,-0.034358782534941124,0.25,-0.14235438960143326
51.5,-0.024274198667677556,3.2583137030199185,0.07916110873047043,0.2518369766309414,-0.060307214405900034,0.25,-0.14235438960143326
51.6,0.001198533526547814,3.260325718596444,0.07363244426503851,0.24741288153330263,-0.05291044423887477,0.25,-0.13522960785324326
51.7,0.02664322559725102,3.26220631815988,0.06866804945386809,0.2467171687994691,-0.04635475667207092,0.25,-0.13522960785324326
51.8,0.051970686484848656,3.2639292527689725,0.06362559523032887,0.24764940721723847,-0.054229307578184546,0.25,-0.12424263188980278
51.9,0.07715096821400119,3.2654872327550124,0.05997829289332144,0.24316491365896298,-0.027338379899837423,0.25,-0.11234245387504269
52.0,0.09393518954195593,3.266482165578896,0.05818064636571106,0.24395168217928556,-0.02508858906491801,0.25,-0.11234245387504269
52.1,0.1193652024946116,3.267923892055422,0.05553608683618683,0.2487377840834667,-0.023469903221840838,0.25,-0.10962604961835343
52.2,0.14485658639341017,3.269323025105372,0.052947846837112136,0.2507850840464829,-0.028892171019881733,0.25,-0.10962604961835343
52.3,0.17033867206031936,3.2706437791962086,0.04941326982805145,0.24769299887807938,-0.0397499843230775,0.25,-0.10540558991077868
52.4,0.1958502263654086,3.271878868237251,0.045650634394097465,0.2548134262595743,-0.03305450193061001,0.25,-0.10540558991077868
52.5,0.22152582033784396,3.2730596226897446,0.04289670984544719,0.25606710885390777,-0.023395158266054265,0.25,-0.09860791074161801
52.6,0.2471515153180914,3.2741722375937345,0.0403140456839307,0.2497838015418438,-0.02784898406289613,0.25,-0.09860791074161801
52.7,0.2726308016343394,3.2751827846592416,0.0376734258675543,0.2525789848643369,-0.02506351400297402,0.25,-0.09122783474826347
52.8,0.29811612017509503,3.2761148996895844,0.034681448134598225,0.24798168169898366,-0.030012450929757906,0.25,-0.08864628256709943
52.9,0.3236052301952555,3.276986177582631,0.0314859892540502,0.2519137052279528,-0.03218647538599089,0.25,-0.08864628256709943
53.0,0.34900112017960644,3.2777877737474777,0.02852760319541026,0.2478830216650823,-0.02083388279532624,0.25,-0.08175332354926415
53.1,0.37432343686950065,3.278465602151085,0.026582701359353207,0.24769397766884646,-0.018391889445020376,0.25,-0.08175332354926415
53.2,0.3998335701549825,3.2791291383850196,0.02475142648831414,0.2498107086658644,-0.01536648259923676,0.25,-0.07480249430404722
53.3,0.41683824002809766,3.2795471323994625,0.023746777303844623,0.2476608319591403,-0.013423046935934066,0.25,-0.07480249430404722
53.4,0.44234217341089704,3.2801450910725576,0.02223284103051139,0.2516694429415702,-0.016660876090200165,0.25,-0.07207630967477202
53.5,0.4678661264105241,3.28069807437225,0.02034109081134903,0.2510025338047532,-0.02451945003234213,0.25,-0.06921956177864977
53.6,0.4933908655064705,3.281209168468355,0.018479344166106974,0.24871868301250116,-0.02271545876542252,0.25,-0.06921956177864977
53.7,0.5187684571204095,3.2816868338112153,0.016268127263520237,0.250772614108158,-0.01990350336215562,0.25,-0.06445038541016589
53.8,0.5442569709949185,3.2820976497935814,0.01449450424252191,0.2498488917648979,-0.016689648779125894,0.25,-0.06288954503442523
53.9,0.5697739656056677,3.282454564602286,0.01271118172738945,0.2521373722570209,-0.01698503333167188,0.25,-0.06288954503442523
54.0,0.5952734208365833,3.282745546468644,0.01074691980087258,0.24856707491071958,-0.022933301007473754,0.25,-0.05699852198865518
54.1,0.620728896663493,3.2829899957985895,0.008823907738607174,0.2506351684964313,-0.019386200227476707,0.25,-0.05699852198865518
54.2,0.6462078719894483,3.283185351848869,0.007339645565359167,0.24940457922628487,-0.01611687761896527,0.25,-0.052178751319150396
54.3,0.6717693726144077,3.2833581954255084,0.005995586049898852,0.24852219586553395,-0.010713674105419627,0.25,-0.050062539228531655
54.4,0.6972608944738715,3.2834978830974264,0.004937978164391171,0.2499587971857963,-0.010258545308842775,0.25,-0.050062539228531655
54.5,0.7227668508398062,3.283618691805132,0.0038544482254949364,0.24836531527030917,-0.011741425830272547,0.25,-0.04785682266763783
54.6,0.7482568704847402,3.2837058724115598,0.0025943421885505427,0.25194161957439964,-0.013376404295897693,0.25,-0.04785682266763783
54.7,0.7737134545033855,3.283754980783199,0.001308528567085644,0.24776954492014852,-0.011408762631561962,0.25,-0.043824684355942355
54.8,0.799136367059864,3.28379571918754,4.722860629547893e-05,0.2512545634452276,-0.012374067539667105,0.25,-0.04343368135608447
54.9,0.8246299812564488,3.283790438004075,-0.001017350351510001,0.24807604911358952,-0.010518086739389235,0.25,-0.04343368135608447
55.0,0.8416399923219389,3.2837635662698728,-0.0017726810833025082,0.2507911363441118,-0.011200860436627902,0.25,-0.037235928048748534
55.1,0.8671511615397327,3.283715830493067,-0.002796529978441876,0.2500692362376217,-0.009442490985038821,0.25,-0.037235928048748534
55.2,0.8926582604611348,3.283637005049536,-0.004039076205249913,0.25007887034093806,-0.009033709614867349,0.25,-0.03506751312613236
55.3,0.9181494505132423,3.2835269022976314,-0.00495497898980298,0.2522174407070937,-0.00949277611208433,0.25,-0.03316950662128691
55.4,0.9437054561089386,3.2833842308661128,-0.005968930592798931,0.2520835934740915,-0.0108877474545425,0.25,-0.03316950662128691
55.5,0.9692386677166835,3.283219842726215,-0.006649742230610875,0.25054992451641594,-0.006134037264094479,0.25,-0.02982205981287999
55.6,0.9947735027146458,3.2830303853327734,-0.007232932223838623,0.25152813363529836,-0.005329152461319672,0.25,-0.02982205981287999
55.7,1.0202832567791282,3.282843429104815,-0.007857344534057948,0.24864218718995668,-0.005814393779861314,0.25,-0.025782375913655033
55.8,1.0457921590352803,3.2826435302597985,-0.008579262527637103,0.24941626461070082,-0.007437523193831889,0.25,-0.025782375913655033
55.9,1.071235056116205,3.282418664160869,-0.009329323045327123,0.25139653498151693,-0.008612931777350362,0.25,-0.023627569257496248
56.0,1.0967087505480797,3.2821714273050926,-0.009905094812454822,0.2500923106512031,-0.0016963142921874402,0.25,-0.023299608992023366
56.1,1.1222119770402408,3.2819193361069487,-0.0102761713740618,0.24890949605008342,-0.0049323354472562905,0.25,-0.023299608992023366
56.2,1.1477077941161338,3.281658354896504,-0.010773177596273747,0.24920153398918418,-0.005003857867970668,0.25,-0.02129719027141172
56.3,1.1732097130849886,3.281379696494917,-0.011452240203737236,0.2501376256240122,-0.005371502727678639,0.25,-0.02129719027141172
56.4,1.198730881864917,3.2810763737961515,-0.01214438717475255,0.24984395671270188,-0.008027367334477908,0.25,-0.01828646122998534
56.5,1.2242754808059275,3.2807576953756623,-0.012806047745993263,0.2510403041464149,-0.006074144870771324,0.25,-0.01828646122998534
56.6,1.2498038621512018,3.280427644988105,-0.013164651716530638,0.24959200855783106,-0.0029111831839752807,0.25,-0.017500645763491276
56.7,1.2668204766745337,3.280200476937979,-0.013372436897199238,0.25021181627738165,-0.0029300894060092972,0.25,-0.013963551977063192
56.8,1.2923508568268962,3.2798487465243364,-0.013633025728332939,0.24981158436888243,-0.0024043516735756006,0.25,-0.013963551977063192
56.9,1.3178536128034053,3.2794999085089866,-0.013990401408554416,0.2496614405170883,-0.006334435609321548,0.25,-0.010803654153707716
57.0,1.343342486346036,3.279141418554649,-0.014435748503912429,0.2494365288801112,-0.003009520953175707,0.25,-0.010803654153707716
57.1,1.3688311700757176,3.2787728971832792,-0.0148108937212139,0.25006716385120825,-0.0035873283375751556,0.25,-0.009747136519950772
57.2,1.3943367939433675,3.2783914231187103,-0.014969556914341004,0.2504190439757741,4.0870412359941366e-05,0.25,-0.009747136519950772
57.3,1.419847613479435,3.2780092796371423,-0.015060262297440143,0.25032652551197143,-0.0015705275594807603,0.25,-0.008738248915228737
57.4,1.4453506174659783,3.2776246817165515,-0.015187258328283423,0.24988453760150886,-0.002511146197939589,0.25,-0.0066822947727662695
57.5,1.4708546807565444,3.2772399644716663,-0.015538858071527622,0.25002886034938293,-0.0016404718816712578,0.25,-0.0066822947727662695
57.6,1.4963730107141062,3.276843257981383,-0.01579549794586711,0.2505512333816577,-0.0025729127005823206,0.25,-0.005787136349905195
57.7,1.5218859145034584,3.2764347596745025,-0.01599564762639295,0.249974722656175,-0.0003807890357965522,0.25,-0.005787136349905195
57.8,1.547390055433652,3.276022829354307,-0.016030487000824396,0.2503906221363522,-0.0005075064949659941,0.25,-0.004103688880370333
57.9,1.5728978150643242,3.2756161509771333,-0.016045122733026766,0.24989619175024005,-8.777874899657628e-05,0.25,-0.004103688880370333
58.0,1.5984002426264627,3.275204960402689,-0.016132353691585798,0.2500222185147019,-0.0010124018395516055,0.25,-0.003044880259513971
58.1,1.62389674628373,3.2747931087489586,-0.016277009404253247,0.25013404477633067,-0.002216619513292513,0.25,-0.002409405621773851
58.2,1.649393888881855,3.274378109520674,-0.016434611191743824,0.2501366307178847,-0.0015397568149620533,0.25,-0.002409405621773851
58.3,1.6663969833370509,3.2740972277606866,-0.016421367614745566,0.25019664125928354,0.001181084931795621,0.25,-0.002409405621773851
58.4,1.6919072671117827,3.2736812316482293,-0.016251168194499482,0.2501234403810174,0.0021385160378226673,0.25,-0.00043000536262087496
58.5,1.7174154211767154,3.2732694150591364,-0.01610060043405002,0.24992341083617264,0.0002247465839207351,0.25,0.00020787942430024187
58.6,1.7429206787370908,3.2728584008128565,-0.01611019684320729,0.25023851698287136,-0.003511639448158424,0.25,0.00020787942430024187
58.7,1.7684274830926596,3.27244960944737,-0.01623785891881948,0.2498540779747804,-0.0009377837387513991,0.25,0.0005308024010061731
58.8,1.7939353115772672,3.2720361038295045,-0.01630786383127383,0.2501830325738264,3.0080656516639765e-05,0.25,0.0009861706778811173
58.9,1.8194404610613597,3.271620721568691,-0.016231401067020996,0.2502432847351957,0.0017540296663917671,0.25,0.0009861706778811173
59.0,1.8449458141483215,3.2712101938493046,-0.016054523229436134,0.2500476698586164,0.0011656644477266182,0.25,0.0035092769578323416
59.1,1.8704493996096798,3.270802084824876,-0.0159374004885425,0.2499731086746566,0.0006445256688770109,0.25,0.0025623058225195255
59.2,1.8959516239431604,3.2703954959538675,-0.015921028039825254,0.2503005682993065,-2.553240691088912e-05,0.25,0.0025623058225195255
59.3,1.921454497552019,3.2699881414454093,-0.015926022241658892,0.25008708148163283,0.0006107167513584946,0.25,0.0028024490139936416
59.4,1.9469590276507835,3.2695810790266298,-0.01586418545858388,0.25013802603976276,0.0028879353616977016,0.25,0.0028024490139936416
59.5,1.9724644840842267,3.2691759660711073,-0.015637163509749273,0.2500354574780387,0.003428911064055265,0.25,0.0037633655938693767
59.6,1.9979714811819393,3.2687807457222746,-0.015337852201292555,0.2502692265645105,0.002164787470666694,0.25,0.004485711927548883
59.7,2.023477325301459,3.2683972218602753,-0.015246563095740715,0.25025345605005306,-0.0005165297626088712,0.25,0.004485711927548883
59.8,2.0489795568138596,3.2680069887202583,-0.015266891813015795,0.24981416741356002,5.338818505314772e-05,0.25,0.005655672003252691
59.9,2.0744806562069873,3.26762254523067,-0.01520907061140325,0.24963666987278282,0.0005122483735229284,0.25,0.005655672003252691
60.0,2.0914817154281695,3.2673652749779145,-0.015121216757229567,0.24997610249649885,0.00160249713584838,0.25,0.006114429324629119
60.1,2.1169786187627144,3.2669862548991526,-0.014953309980532794,0.24999490454031154,0.0016231146985104953,0.25,0.006114429324629119
60.2,2.142480589148656,3.266609645809461,-0.014782934728004758,0.2500906158491826,0.002101076901785064,0.25,0.006075500442477205
60.3,2.1679855319093906,3.2662337343533627,-0.014668485893025175,0.24997328207419486,0.000312535429830438,0.25,0.006033485181191482
60.4,2.19349358410315,3.265857043583158,-0.014613659624633506,0.2500062163366827,0.00046915934647830365,0.25,0.006033485181191482
60.5,2.219001833988536,3.265483045437878,-0.014533811739291738,0.2500719419682396,0.0010653515245720587,0.25,0.0077415424350764685
60.6,2.2445096739458186,3.265107305883128,-0.014194979758905673,0.25019931293864234,0.006529848144441273,0.25,0.0077415424350764685
60.7,2.2700154504710635,3.2647511879319193,-0.013778731215553905,0.25030698045487737,0.0029234289443597467,0.25,0.007770199685452402
60.8,2.295518277378886,3.2644037815583724,-0.013493612112357103,0.24954535067210287,0.0018821463283113398,0.25,0.007770199685452402
60.9,2.3210245487156262,3.2640618086263187,-0.01344704383004835,0.24973817528207523,0.00047835723248024534,0.25,0.007063285404983661
61.0,2.346529370982802,3.2637236000571526,-0.013344819158566968,0.2495859793714582,0.0010058970862733992,0.25,0.007467109513164705
61.1,2.372029779387058,3.263389819840244,-0.01320681882770236,0.24961441925220484,0.0026308797728922177,0.25,0.007467109513164705
61.2,2.3975285481366133,3.263058782025523,-0.012963109079671943,0.24973022977838916,0.002013776205637827,0.25,0.008400888484256186
61.3,2.423029391822237,3.2627315692521677,-0.012750892821055251,0.25044998235657095,0.002411365270513036,0.25,0.008400888484256186
61.4,2.4485351011737153,3.2624070923304793,-0.012608750281835054,0.24984497970530564,4.407301957258371e-05,0.25,0.0087969596008372
61.5,2.474041467679736,3.262083106521645,-0.012523308940232132,0.2507576709006993,0.0020631901503800707,0.25,0.0087969596008372
61.6,2.4910462910122977,3.2618674174914677,-0.012415008673741212,0.2504204189081059,0.0012800354628820186,0.25,0.009873740118426282
61.7,2.5165576670553373,3.2615516549960017,-0.01213243702120809,0.2501317380646491,0.002530475807287693,0.25,0.009873740118426282
61.8,2.542064454001246,3.261248064428307,-0.01154088116346024,0.2501612896450734,0.008042852588496083,0.25,0.011518999920077294
61.9,2.567571660920731,3.2609572284903674,-0.011010515582378042,0.25054209044629194,0.003757286190281515,0.25,0.009609960473024292
62.0,2.5930779934657817,3.260678246191384,-0.01088559220997924,0.2500581499257033,6.797039127011337e-05,0.25,0.009609960473024292
62.1,2.61858177332116,3.260404557649472,-0.010809838792259958,0.2503046887591678,0.0010545160647377637,0.25,0.008492877832107868
62.2,2.6440820179061273,3.26013407506642,-0.010672798177331138,0.24951127645301943,0.0010789541993248347,0.25,0.008492877832107868
62.3,2.6695853774641063,3.259867260794298,-0.010414367565641092,0.25044386509723027,0.0033823666126425573,0.25,0.008610812118469343
62.4,2.6950869726844866,3.259607116468084,-0.010193056419712533,0.25005965394113605,0.001685851672808183,0.25,0.008725940150755881
62.5,2.7205885933803193,3.2593502898867297,-0.00998796436826344,0.24977573832808198,0.0017468984741938502,0.25,0.008725940150755881
62.6,2.74609798314575,3.2590938441400232,-0.009842570156518281,0.2504218095907575,0.0020378338253856524,0.25,0.007923050363721125
62.7,2.7716147786533045,3.2588414563083345,-0.009718012699322402,0.24993411423913944,0.0012261811976111063,0.25,0.007923050363721125
62.8,2.797123366482506,3.2585931688662777,-0.009476516741305728,0.24992218987062323,0.0027563714211499392,0.25,0.00761993682632257
62.9,2.8226306221891675,3.258351748670554,-0.009219662990165144,0.249502845044238,0.0022927236102662563,0.25,0.00761993682632257
63.0,2.848137060796976,3.258121316046019,-0.008710877826244525,0.25023569728901807,0.0035298678677301346,0.25,0.008473842949666473
63.1,2.8736437794124243,3.2579035666122125,-0.00854059264292084,0.25006533746253806,0.0008531913859472522,0.25,0.008459633408210257
63.2,2.8991487625835943,3.2576886966981826,-0.008417307791826345,0.25001542328807275,0.001070632966197172,0.25,0.008459633408210257
63.3,2.9161500732919783,3.257550087570142,-0.008337227314917726,0.2504505247430575,0.0012644141336624673,0.25,0.008333341055008965
63.4,2.9416487204406407,3.257343866392324,-0.00814626882421309,0.2500932779890755,0.0023770195969953427,0.25,0.008333341055008965
63.5,2.967147158608859,3.2571425587652985,-0.00793435058034592,0.24948187279402526,0.001760185272929977,0.25,0.008372417018805004
63.6,2.9926537364110954,3.2569405531326887,-0.00773405118452738,0.25042595545389995,0.0018257979719571887,0.25,0.008445923285885745
63.7,3.0181613837998076,3.256743586675223,-0.007662269220356965,0.24990174217908864,0.0003236762998976739,0.25,0.008445923285885745
63.8,3.0436696799993856,3.25654728436678,-0.007531614300439481,0.2503556282262579,0.0005280650075764568,0.25,0.00757426984900769
63.9,3.0691766439904558,3.2563523448180565,-0.0073857048892340535,0.25010391126497816,0.0021967644350769045,0.25,0.00757426984900769
64.0,3.0946827981503153,3.256168083014438,-0.007037157806797977,0.2501905482618527,0.002275201350356828,0.25,0.007891501565237144
64.1,3.120190355586474,3.25599008882897,-0.006707667460642493,0.24990529921310028,0.0026651825074414364,0.25,0.007891501565237144
64.2,3.14569613252982,3.2558193636444934,-0.0065563741439117595,0.24963642253923285,0.001041197034029475,0.25,0.006596580747267586
64.3,3.1712031266981975,3.2556520550448007,-0.006462639326210151,0.2501385319968861,0.0016597716213425748,0.25,0.005141603571676284
64.4,3.1967107275339512,3.2554920835272965,-0.006347454278954036,0.25035554108337377,0.0010639645561080365,0.25,0.005141603571676284
64.5,3.2222161645765635,3.2553326678067953,-0.006220750124662477,0.2503085532210566,0.003676589748161884,0.25,0.004177377237907717
64.6,3.24772588616872,3.255175548002681,-0.005910460009997537,0.2500791838146985,0.0029492469016353857,0.25,0.004177377237907717
64.7,3.2732355240713726,3.2550270672422745,-0.005759451397498344,0.2501450412224562,0.0003033407343405221,0.25,0.0024238013536925646
64.8,3.298741083780112,3.25487848729745,-0.005762537498365752,0.2500929367541174,-0.00039737329916320074,0.25,0.0024238013536925646
64.9,3.315742972241738,3.254780141323333,-0.0057677241185260025,0.24979875096250762,0.0002470733391123777,0.25,0.00038692442408327227
65.0,3.341244520562657,3.2546314540987415,-0.005866510798085551,0.2501750743407347,-0.000315806854433462,0.25,-0.000831685931827017
65.1,3.366753678759227,3.254484147248049,-0.005819281311653495,0.2503526641169063,0.002519356770347878,0.25,-0.000831685931827017
65.2,3.392262878428127,3.2543377801375453,-0.0056530477355759496,0.25015040162359753,0.0005076969597737235,0.25,0.000767387058081978
65.3,3.417772299324533,3.254197262176196,-0.005536233910012032,0.24998217348051527,0.0003831543814436217,0.25,0.000767387058081978
65.4,3.443280497877894,3.254059157750497,-0.0056826678138703025,0.24987364981204066,-0.004240123028431284,0.25,-0.005568583773699634
65.5,3.4687911370708684,3.25391684778795,-0.005890628514246188,0.25026448985598276,-0.002314589052462798,0.25,-0.008068959667411495
65.6,3.494304072818184,3.2537639075157005,-0.0061460233728101825,0.2503970685003601,-0.001400221961359501,0.25,-0.008068959667411495
65.7,3.5198120909843498,3.253605715542702,-0.006183758552435993,0.25045769041924526,-0.0011338086500291247,0.25,-0.013909599744972842
65.8,3.545320299647576,3.253445453016968,-0.006400379094599187,0.250260870720428,-0.0029945229637961075,0.25,-0.013909599744972842
65.9,3.5708293715748853,3.253279267329342,-0.00673985643578476,0.25016056031394535,-0.0047772482346190425,0.25,-0.01481468324851444
66.0,3.5963261217592435,3.253100934089489,-0.007285039588545057,0.24957377940668468,-0.004746733902464532,0.25,-0.01481468324851444
66.1,3.6218000444956835,3.2529102044065845,-0.007715066648509028,0.2496394469546596,-0.0060181176596543345,0.25,-0.0178328013996345
66.2,3.647296210232094,3.252710826216394,-0.008107139775614289,0.25100733516093443,-0.0032820600328999435,0.25,-0.017019458747151925
66.3,3.672800575983666,3.2525026227514466,-0.008417257404692199,0.25101853907095806,-0.0033721134240699718,0.25,-0.017019458747151925
66.4,3.6983087343719045,3.2522891565886463,-0.008777205037105882,0.24925074633852154,-0.004220754328732725,0.25,-0.018499087607095274
66.5,3.7238174426507,3.2520670229296527,-0.009243179183047527,0.2500887732949489,-0.004960637741247068,0.25,-0.01955823099395814
66.6,3.74082590383138,3.251907040161784,-0.009622715609773564,0.2501696605432402,-0.005774344703774985,0.25,-0.01955823099395814
66.7,3.766368796307155,3.25165897539315,-0.010196581568775735,0.2506637895592018,-0.008141554283136837,0.25,-0.021509361106395758
66.8,3.791897045081639,3.251395114120235,-0.010659456228030821,0.2494828040547034,-0.0031427863889484766,0.25,-0.021509361106395758
66.9,3.817418563319562,3.2511174802744898,-0.011037428067551258,0.2485769202214632,-0.0036490926136877543,0.25,-0.02211427644951606
67.0,3.8429346352383296,3.2508333879579823,-0.011458074970370621,0.24986620877842888,-0.004987765628751056,0.25,-0.023456797600052516
67.1,3.8684449905510605,3.2505381461662286,-0.012068518669515006,0.24879034255567659,-0.006583363143965448,0.25,-0.023456797600052516
67.2,3.8939012257470798,3.250224630935781,-0.01276100777660549,0.2495703933479298,-0.006946088364248848,0.25,-0.008239415100057226
67.3,3.9193771438466323,3.249889288483291,-0.013102410695838089,0.2497077331007674,-0.0008703271658921122,0.25,-0.008239415100057226
67.4,3.9448858860631417,3.2495541174588873,-0.013163932028246108,0.2500917430911711,-0.00012085046737901111,0.25,-0.012595091489806046
67.5,3.9703946164168276,3.2492144883537852,-0.01330422962228996,0.2505731387251925,-0.0028012357510857453,0.25,-0.01343856936667727
67.6,3.995899507730854,3.248876355046467,-0.013605260290456042,0.25075654602084346,-0.0035487499890848673,0.25,-0.01343856936667727
67.7,4.021411717488872,3.248523188827804,-0.014088348423695411,0.2504554259840008,-0.0051560657146478344,0.25,-0.015397804156985578
67.8,4.046939176222427,3.248153595266249,-0.014596084290687835,0.2509716844649808,-0.0046480251010907,0.25,-0.015397804156985578
67.9,4.072466699779323,3.24776828236346,-0.015015834756415023,0.25015862887402607,-0.003153047337989317,0.25,-0.019625152644184726
68.0,4.097987530312439,3.247378256528196,-0.015322843365271418,0.25021709213945714,-0.0027005978745389663,0.25,-0.019625152644184726
68.1,4.123495965759628,3.246984815457724,-0.01570327449503229,0.2485930878392679,-0.005696546953008502,0.25,-0.024659820342515723
68.2,4.140500400036628,3.246717423620254,-0.016160730378178077,0.25022769134473033,-0.006619769165439733,0.25,-0.024659820342515723
68.3,4.165972313200957,3.246304915670961,-0.01710836104208049,0.24934788710784367,-0.010443935980949668,0.25,-0.03599428978080976
68.4,4.1914022482327615,3.245871751617281,-0.01811230628793353,0.25030260644487917,-0.010202595871887427,0.25,-0.04113888165107434
68.5,4.216876209712792,3.245400732406894,-0.019141391122826302,0.2517249990948149,-0.010050376070429865,0.25,-0.04113888165107434
68.6,4.24237467063402,3.244906653865843,-0.020161641321715933,0.25077977258475403,-0.010147300948241341,0.25,-0.04296103344412756
68.7,4.267876805636549,3.2443851298948707,-0.021235763293515734,0.24730815630344324,-0.008687610792219386,0.25,-0.04296103344412756
68.8,4.293389839554375,3.2438213942885015,-0.022556742540037884,0.2512703174257781,-0.01049677779000162,0.25,-0.043721517296035156
68.9,4.3189682914237935,3.2432281949086876,-0.023666671973407265,0.2509999841546792,-0.011142116874150834,0.25,-0.04500033827511633
69.0,4.344549000739721,3.2426053311404157,-0.024759586006643096,0.24995380347556476,-0.010164795268307419,0.25,-0.04500033827511633
69.1,4.370074080215097,3.2419600544017313,-0.025704540940497136,0.251390206548157,-0.007941569367653828,0.25,-0.04805545145813019
69.2,4.39560068700027,3.241294749396847,-0.026572406769360613,0.2521815402980443,-0.008462665406068753,0.25,-0.04805545145813019
69.3,4.4211199659938805,3.2406060373381336,-0.02761711019166747,0.2501684990327668,-0.011630475353804175,0.25,-0.04693357836145743
69.4,4.4465629288764115,3.2399118610539404,-0.028951517487197032,0.24973535226441732,-0.01480198751447738,0.25,-0.04854865104229027
69.5,4.471963386707945,3.239184057872802,-0.030300229480091666,0.24955180561934975,-0.014043766933037043,0.25,-0.04854865104229027
69.6,4.497402329580438,3.23841391049848,-0.031748472474721186,0.25141252171375233,-0.013711270628065661,0.25,-0.055555174393285854
69.7,4.52290573691464,3.237584468112006,-0.03319438714118726,0.250748595608326,-0.014594472578139136,0.25,-0.055555174393285854
69.8,4.548410997785648,3.2367298311037627,-0.034666643794403644,0.24963878385688992,-0.014799786562246111,0.25,-0.0579973603686869
69.9,4.56540696453193,3.2361331119215606,-0.035694647103759726,0.2533835515740858,-0.014407049912162325,0.25,-0.060843151346113525
70.0,4.5909613358512145,3.2351793938898536,-0.03757516380801201,0.24988251519225715,-0.019060302674049068,0.25,-0.060843151346113525
70.1,4.616526421153404,3.2341575144675025,-0.03924756525004001,0.2502878577499268,-0.01568341169605978,0.25,-0.06643600973380082
70.2,4.642084034952422,3.2331237008530493,-0.04072702317956498,0.24726283907983151,-0.012712273272303435,0.25,-0.06643600973380082
70.3,4.6675981901622094,3.23206127382873,-0.04209106759966468,0.25082330727062285,-0.013000641919105348,0.25,-0.07026370247145385
70.4,4.693117741472077,3.230969862090261,-0.043455120219993565,0.24834363858439326,-0.015587701070491646,0.25,-0.07266734158640084
70.5,4.718497217887578,3.22985622139542,-0.0453563013423911,0.24632659645560995,-0.019029502654746795,0.25,-0.07266734158640084
70.6,4.743869263839665,3.2287403851952003,-0.047533097938268855,0.24820164535704345,-0.019701426590842647,0.25,-0.08073940687457334
70.7,4.769206677255828,3.2275452505042894,-0.04980769947931671,0.247382506933033,-0.019695702904643113,0.25,-0.08073940687457334
70.8,4.794686446986473,3.2262420635018345,-0.052064673764921514,0.2542469441500072,-0.022226091374394803,0.25,-0.07857144436026181
70.9,4.820177109153507,3.2248966717578327,-0.05433315037579183,0.2491077096867095,-0.021971958684666167,0.25,-0.07857144436026181
71.0,4.845625277330575,3.2235090729598443,-0.0564745705836598,0.2521002559193676,-0.021802454449030367,0.25,-0.08231360060520604
71.1,4.871187789594666,3.2219913248095744,-0.05881957191246889,0.2484073829383193,-0.02168191186809951,0.25,-0.09276510345926987
71.2,4.8968616001273695,3.2204162631220754,-0.06120055595741423,0.2505455953012639,-0.02393755418880706,0.25,-0.09276510345926987
71.3,4.922439226596708,3.218816470866594,-0.06373837153764061,0.24934401612986287,-0.020202357604110575,0.25,-0.10208437460635506
71.4,4.947866001773519,3.2171907171108742,-0.06565478225641827,0.2471561677235947,-0.019848338100133277,0.25,-0.10208437460635506
71.5,4.964788188981378,3.2160763324406116,-0.06702482905742022,0.24795289397277165,-0.021569986215363657,0.25,-0.11238944723535516
71.6,4.990184960488479,3.2143737686559324,-0.06924078798142283,0.25024489217514667,-0.029141757652300135,0.25,-0.11745656825946835
71.7,5.015221908783699,3.212613704043927,-0.0722580512387654,0.24454193006969802,-0.031594718937393386,0.25,-0.11745656825946835
71.8,5.040433390868057,3.2108388747024175,-0.07552325318465361,0.2501939160208201,-0.03284156788087407,0.25,-0.1287245167675391
71.9,5.065647586393124,3.208886154900892,-0.07999654439127049,0.25191572435365556,-0.04237425039465581,0.25,-0.1287245167675391
72.0,5.091089477040917,3.2068042767747915,-0.0841130485679753,0.25393712409712055,-0.03975093537477198,0.25,-0.13471137648200343
72.1,5.116485374117462,3.204612575877409,-0.08837041329351843,0.24916042815659753,-0.03827991706242052,0.25,-0.13471137648200343
72.2,5.1420116210616245,3.202330776729185,-0.09239841231668898,0.2541845085275565,-0.03946128430245553,0.25,-0.13643776773755656
72.3,5.167834212953361,3.199920554158844,-0.0962246362021644,0.2517915276576869,-0.0362475820464184,0.25,-0.14003761644320517
72.4,5.193734062517109,3.1973961627280394,-0.09958081952313523,0.25748708549562394,-0.04238494116563142,0.25,-0.14003761644320517
72.5,5.219141203838543,3.194826683272053,-0.10361442516585263,0.2474148235687834,-0.028621647780540816,0.25,-0.14514219846105808
72.6,5.244534608081618,3.1921709934939337,-0.10635816799184449,0.24721809640125128,-0.027270590804870452,0.25,-0.14514219846105808
72.7,5.269807434730627,3.189482770479266,-0.10921663247171391,0.24071179444342466,-0.033110347831443926,0.25,-0.15289661530727156
72.8,5.294587242255074,3.1867223819582793,-0.11303198946858331,0.2519140927910115,-0.04121137272353638,0.25,-0.1599057409024482
72.9,5.319470842240088,3.183843994717994,-0.11766568819183595,0.24631976991650825,-0.049894670496404184,0.25,-0.1599057409024482
73.0,5.344391024919577,3.180861056047951,-0.12279901498900447,0.24624776851900357,-0.06775932029166053,0.25,-0.16393122649739145
73.1,5.36966264756676,3.1778378009409876,-0.12847643982318838,0.2489314992113416,-0.05450486289895117,0.25,-0.16393122649739145
73.2,5.386479282740348,3.1756921272217347,-0.13241579916594215,0.25321214498559647,-0.05562267264380979,0.25,-0.16906080159931325
73.3,5.411787556650807,3.1723745796807403,-0.13885048204175368,0.2600668196587248,-0.056064851857222396,0.25,-0.16906080159931325
73.4,5.437686092696608,3.1687392681438493,-0.14344521284347408,0.2513868963681972,-0.036933976946021546,0.25,-0.1700178283125547
73.5,5.463445968030097,3.1649543017697646,-0.1477234092922043,0.25689675705850556,-0.03977514479716945,0.25,-0.17733650974287765
73.6,5.489370627286444,3.1611379967369815,-0.15195643381821175,0.24171982786177096,-0.05586765420491403,0.25,-0.17733650974287765
73.7,5.514563222738657,3.1572760381096923,-0.15778610623375122,0.25213000371769545,-0.04026542126097087,0.25,-0.17462052897526353
73.8,5.5396232115101345,3.153321188098294,-0.16137831022958757,0.2496102615003561,-0.03450843353057804,0.25,-0.17462052897526353
73.9,5.564242833249747,3.149265211288465,-0.1651542078269195,0.23988761240127499,-0.04662696970528984,0.25,-0.17407273944282872
74.0,5.588759908522448,3.145098975076681,-0.17007514766570223,0.24729813817954163,-0.05374433470449477,0.25,-0.1809801855912465
74.1,5.613319511697268,3.1408257521263945,-0.1750275692368391,0.23957605136905066,-0.0431857839089714,0.25,-0.1809801855912465
74.2,5.6381610381820675,3.136393313670407,-0.18139034368136234,0.25116592519835523,-0.08728055027876033,0.25,-0.1909266289032073
74.3,5.663162742804796,3.131974149903032,-0.18969452513199642,0.25129820035737155,-0.07138946241673295,0.25,-0.1909266289032073
74.4,5.68844259539982,3.1272231162237545,-0.197012959614181,0.25922685933332856,-0.060501171402383896,0.25,-0.1880896246928595
74.5,5.714080745859166,3.1221626577632238,-0.2024970885282781,0.26093380396265575,-0.05027544184327001,0.25,-0.19672633336621412
74.6,5.7399462954045015,3.116892107802941,-0.20774785748644337,0.26046952176176813,-0.05195325768733097,0.25,-0.19672633336621412
74.7,5.765898453246638,3.111527354802028,-0.21243297244497272,0.2600139743551661,-0.044861611751514666,0.25,-0.19968391869786262
74.8,5.782753137257883,3.1078604368643252,-0.21709620275593897,0.2570324353953173,-0.09286124650697679,0.25,-0.19968391869786262
74.9,5.807610902692921,3.1022589399089857,-0.22709119397573405,0.24446157513652392,-0.10132575094906075,0.25,-0.20421094680856514
75.0,5.832043150534463,3.096665727708047,-0.23766221804077473,0.24163800644046526,-0.09140606341516846,0.25,-0.20747001265268805
75.1,5.856257531347422,3.0908490479750363,-0.24603032096830754,0.24724472060865615,-0.07843075909596985,0.25,-0.20747001265268805
75.2,5.880365565746052,3.084784208953966,-0.2533644259299723,0.2460766098794506,-0.06100467619947999,0.25,-0.2075894606445737
75.3,5.9042018969187415,3.0784429786061587,-0.25941355640491026,0.24052640472825812,-0.055877455667690104,0.25,-0.2075894606445737
75.4,5.928775583117223,3.0718265703604164,-0.26542403468826153,0.25659992946915433,-0.06172263465173096,0.25,-0.20751362143131336
75.5,5.953695307636114,3.0650060818107607,-0.2725399318874812,0.24663472519715396,-0.07317811106232905,0.25,-0.21252221211674094
75.6,5.978798846677851,3.0579900906290223,-0.2811195603705967,0.25442780951800537,-0.08297911178306398,0.25,-0.21252221211674094
75.7,6.003890805938568,3.0507103874646044,-0.2894242333867899,0.25211465941279193,-0.07861918048307989,0.25,-0.2131764623214069
75.8,6.028883232260223,3.0433555091470916,-0.29785814369526353,0.25327206702732125,-0.08996132973576108,0.25,-0.2131764623214069
75.9,6.053523490718284,3.0358027155074745,-0.3051904392153221,0.2542817929946926,-0.07822676069565342,0.25,-0.21383973279689322
76.0,6.077730638148158,3.0280902984280034,-0.3132245833850571,0.25195242114449784,-0.08056164266656181,0.25,-0.21564838972868344
76.1,6.101670172639824,3.0202194910259417,-0.32215843757929546,0.24441229586170615,-0.08857188390090592,0.25,-0.21564838972868344
76.2,6.12543765699036,3.0124055137561845,-0.33185890498245774,0.25055783096102946,-0.09060973949237265,0.25,-0.21883045361643497
76.3,6.149090635163424,3.0041841554082582,-0.3401949105535545,0.2561034590535285,-0.09377769047518754,0.25,-0.21883045361643497
76.4,6.172658214303529,2.9958799114272687,-0.3495963948150796,0.24893177483943682,-0.07722242803768078,0.25,-0.21543117606060774
76.5,6.18854672805405,2.990019190917047,-0.3545799207044138,0.24246958109090583,-0.07543047308261627,0.25,-0.2147292839392144
76.6,6.212803179761919,2.981099461549942,-0.36180014280777945,0.2509622843115596,-0.07183160251387767,0.25,-0.2147292839392144
76.7,6.237045197626127,2.971976646578711,-0.37048039481804707,0.2507570255188271,-0.10159895025583557,0.25,-0.21240227367232417
76.8,6.261269969350517,2.962686950657323,-0.37956013391534194,0.25346974727412713,-0.08013821761282981,0.25,-0.21240227367232417
76.9,6.285433007828396,2.9530769439643816,-0.38778891959837714,0.25969840250523196,-0.08483889205739925,0.25,-0.21176555751379225
77.0,6.309248064950254,2.943287373853698,-0.3969598921610407,0.2516852916488391,-0.0765516205624472,0.25,-0.2148446199899046
77.1,6.33275115511934,2.933385364079259,-0.4047700131562494,0.2542545052051829,-0.0744226342537572,0.25,-0.2148446199899046
77.2,6.3561489007474545,2.9232737508173607,-0.4124617895887486,0.25313202750485736,-0.07350975442400914,0.25,-0.21580031329100297
77.3,6.3792008667228615,2.91318332710745,-0.4223423862136414,0.2503054128123803,-0.10369518679872569,0.25,-0.21580031329100297
77.4,6.402077033551018,2.903098863525765,-0.43256316586044613,0.2460693687347129,-0.10545842316429696,0.25,-0.21861412380191864
77.5,6.42483018549833,2.8926127772600645,-0.4427022907539001,0.24652411304418825,-0.09617536121850875,0.25,-0.21966586980556302
77.6,6.447733005416439,2.8816882512347135,-0.452044808899904,0.262300454510099,-0.09430419663042171,0.25,-0.21966586980556302
77.7,6.470692415308376,2.8704696808619534,-0.4609458143825528,0.261054904636407,-0.08614050431466566,0.25,-0.220801249659239
77.8,6.493781427479014,2.8589127415494326,-0.47162422771984003,0.243197551844461,-0.10854825236852395,0.25,-0.220801249659239
77.9,6.5168063179523035,2.847061689327357,-0.4840453072248172,0.2564346300544494,-0.10741727206282611,0.25,-0.22034778940162836
78.0,6.539633967700289,2.8350038872829124,-0.49454981686817656,0.24272349251691566,-0.10131143206151351,0.25,-0.21673284249846572
78.1,6.5547383192689415,2.8266736667736243,-0.5013614759803845,0.24984880012205016,-0.1005013348451203,0.25,-0.21673284249846572
78.2,6.57707299315093,2.814390351222373,-0.5108067665997506,0.24750923467989192,-0.10913809996782504,0.25,-0.21367487500827267
78.3,6.599331162896871,2.8018809118026233,-0.5197795920992538,0.2538325300367984,-0.08113609963604433,0.25,-0.21367487500827267
78.4,6.621413913875572,2.789145086950932,-0.5279488659450746,0.24654620951022221,-0.08212213119709999,0.25,-0.21332855368672055
78.5,6.643117581021802,2.7765068534645123,-0.537402229046602,0.24918755106354223,-0.09467789729754901,0.25,-0.2127394394927149
78.6,6.66472388367873,2.763705516704503,-0.5473104625911779,0.26087468023612514,-0.09023163318729126,0.25,-0.2127394394927149
78.7,6.686459696322592,2.750525393675263,-0.5568303595315907,0.24893910909610417,-0.10297097075810048,0.25,-0.21150242817501003
78.8,6.708117370125395,2.736943111882546,-0.5665959002277212,0.26097071398055893,-0.08821544555978766,0.25,-0.21150242817501003
78.9,6.7295893022748094,2.7231908009436157,-0.5760878741222097,0.26006416927650894,-0.09798624175058528,0.25,-0.20863439693663843
79.0,6.751190644070214,2.709069815832634,-0.5841226887181326,0.25402159351912945,-0.07764257522907435,0.25,-0.2051165152101228
79.1,6.772261164302625,2.695087352576879,-0.5935388567013479,0.2423265193741232,-0.08704658300889717,0.25,-0.2051165152101228
79.2,6.793234958118357,2.680916410057247,-0.6026405711515936,0.24892577314025466,-0.0856511231406175,0.25,-0.2038054705002602
79.3,6.814248899064627,2.6666617900899827,-0.6118234156111251,0.25763053074640907,-0.08583435394408684,0.25,-0.2038054705002602
79.4,6.835076472799286,2.6521744279701363,-0.6208468029841402,0.24869982109166106,-0.08961590013312673,0.25,-0.2028778004610992
79.5,6.855769954621439,2.63732931673286,-0.6292855872387907,0.25199523146338293,-0.07885582859428146,0.25,-0.19923656889693986
79.6,6.876907501151342,2.6220933004000377,-0.637222570932657,0.26020340491637484,-0.0784084424785088,0.25,-0.19923656889693986
79.7,6.897921247866226,2.606600449486797,-0.6455391781483263,0.2505996955930351,-0.08522485738888147,0.25,-0.19929010561956279
79.8,6.911565505755841,2.5962948772920766,-0.6517258419138888,0.24382149564427433,-0.09515273188417367,0.25,-0.19929010561956279
79.9,6.9317737837831075,2.580960604000925,-0.6612783577115463,0.24674849089991754,-0.09734328734405681,0.25,-0.1927755189744913
80.0,6.951834721841586,2.565613986122056,-0.6709015093498603,0.24705944106038655,-0.09087571950343874,0.25,-0.1927755189744913
80.1,6.971674716748756,2.5499556685202416,-0.6801349091999719,0.24569389926427662,-0.07919618017465979,0.25,-0.19030035162186648
80.2,6.990910775978868,2.5340118221128605,-0.6879480791204926,0.25063936576087353,-0.07712162936418902,0.25,-0.19030035162186648
80.3,7.0102621906468165,2.5179270734814296,-0.6962583867243769,0.24388698004673834,-0.08605198538025279,0.25,-0.1874600417104471
80.4,7.029805487822296,2.5016791562134912,-0.7041930569862289,0.2510858765461862,-0.07774011773078447,0.25,-0.18845517186636784
80.5,7.049209237338106,2.485265263691913,-0.7121651995170696,0.25318895415076764,-0.07734598376883868,0.25,-0.18845517186636784
80.6,7.06848378317753,2.4687142964875957,-0.7201224067436953,0.25013660438741864,-0.0774447609948133,0.25,-0.1869450982719989
80.7,7.087836688454869,2.4518127811953914,-0.7280859195587998,0.25471826368306544,-0.0773459810154277,0.25,-0.1869450982719989
80.8,7.1074938777741,2.434559325049182,-0.7360433826569184,0.2605780602920612,-0.07589172753475273,0.25,-0.186579564112012
80.9,7.126865418043538,2.4171683659475542,-0.7442448529672039,0.2590873370601355,-0.08378542007985786,0.25,-0.186579564112012
81.0,7.145593998231564,2.3997827056389136,-0.7525260939022254,0.2544015632214905,-0.07310526265561004,0.25,-0.18591271200645154
81.1,7.164132657499786,2.382336326730857,-0.7600608281520933,0.25149900271877923,-0.07895091872948738,0.25,-0.18516770621736364
81.2,7.182543300340196,2.3649598434142023,-0.7686489271880692,0.25350935794135243,-0.0829210509063382,0.25,-0.18516770621736364
81.3,7.200345329383598,2.3474555261589423,-0.7769526769501958,0.2436985857026453,-0.07959493672429566,0.25,-0.18496296753058086
81.4,7.212228397091488,2.3356280162444647,-0.7822758711894103,0.2464586035542865,-0.07559385524053049,0.25,-0.18496296753058086
81.5,7.230111947541504,2.317783969562803,-0.7905325826715454,0.243826752017609,-0.07843459643257109,0.25,-0.18325207211909555
81.6,7.248018379486809,2.299698706672189,-0.7982285858303487,0.24522977776814484,-0.07324246738605827,0.25,-0.1810279607112275
81.7,7.265785740739529,2.2815231595996366,-0.8055012824233642,0.2521577312144202,-0.0693129115255152,0.25,-0.1810279607112275
81.8,7.2834848172906055,2.2629645602733683,-0.8128099879928183,0.2556792402005765,-0.08085305088250389,0.25,-0.17935551802908975
81.9,7.301438675435536,2.24410961540599,-0.8208384747719809,0.2568357191583983,-0.08260030563866037,0.25,-0.17935551802908975
82.0,7.31920444451037,2.2251361426032306,-0.8290634012788539,0.2593352400358741,-0.078428216981859,0.25,-0.17950175527385798
82.1,7.336665248913633,2.206096136412132,-0.8372132474481884,0.2520869265529422,-0.07841220055435183,0.25,-0.1790485870732998
82.2,7.353662480308653,2.1871344393300447,-0.8449393016668433,0.24376101630393224,-0.07613465720446073,0.25,-0.1790485870732998
82.3,7.370532581514861,2.1681266547485634,-0.8523479314860747,0.24185562879873765,-0.0701997526118243,0.25,-0.17874598709915784
82.4,7.38706305956883,2.1492470769548144,-0.859730933275308,0.24419882545359406,-0.07073219511548894,0.25,-0.17874598709915784
82.5,7.403387877024404,2.130225347194637,-0.8678978545220497,0.24073285696814078,-0.07718772259474681,0.25,-0.17914539004863664
82.6,7.419580408802092,2.110982415778258,-0.8760649916062203,0.25085454769318644,-0.08398651305473577,0.25,-0.17661441665214667
82.7,7.435813681811328,2.0915365346171346,-0.8835776775259756,0.25604190088301876,-0.06635149661115539,0.25,-0.17661441665214667
82.8,7.451959027280068,2.0718655285627943,-0.8903740127885734,0.2559238990105914,-0.06564096179395033,0.25,-0.17414178480752662
82.9,7.46804139283614,2.0516156226681312,-0.8973013505447952,0.2550671463589481,-0.06486819168680241,0.25,-0.17414178480752662
83.0,7.4840696008488115,2.0311223374755305,-0.903804994087627,0.2581122949803923,-0.06401570576890708,0.25,-0.16907629851882602
83.1,7.494742180881231,2.017557483383419,-0.9085283277627453,0.24977069419522044,-0.07370274612458638,0.25,-0.16907629851882602
83.2,7.5107058086438165,1.9971117989585512,-0.9161692960214155,0.25429000017093933,-0.07646236537502224,0.25,-0.16941440858028783
83.3,7.526321030516445,1.9767418830952446,-0.9237052188329926,0.2503189218056794,-0.07558788860983859,0.25,-0.17577958675159336
83.4,7.5416168775695915,1.9563647425423347,-0.9315119659723811,0.24416108497948058,-0.07503807855790812,0.25,-0.17577958675159336
83.5,7.55665575369522,1.9361978631235646,-0.9382221255458508,0.243133497593789,-0.060357425950239824,0.25,-0.17429670205231815
83.6,7.571578490071975,1.9162728768779405,-0.9446703856705823,0.2447441334853325,-0.06541062105598701,0.25,-0.17429670205231815
83.7,7.58634333212384,1.896149459075803,-0.9511839177446587,0.25628371792806115,-0.06725531311856724,0.25,-0.17486180351189612
83.8,7.600907406682693,1.8756563161602187,-0.9583055684644098,0.25123348130094464,-0.07464384094792871,0.25,-0.1791849527289099
83.9,7.6155664221418276,1.8547475390178303,-0.9665168754224454,0.24992092446180736,-0.08848842365891563,0.25,-0.1791849527289099
84.0,7.630054201677249,1.8335835446716064,-0.9746128320216042,0.25369506973009126,-0.06035180481253138,0.25,-0.17999112467588224
84.1,7.644498457782576,1.8119345245342013,-0.9810221989418684,0.25651402543924523,-0.06012124427127277,0.25,-0.17999112467588224
84.2,7.658765362930145,1.7900211517235882,-0.9873456103071181,0.2583969304619618,-0.06242757010904273,0.25,-0.17993661748429432
84.3,7.672901509090322,1.768117708258951,-0.9936840870638723,0.25329431922558776,-0.06322885551213049,0.25,-0.17993661748429432
84.4,7.686839793610641,1.746651811182508,-1.00171248381859,0.24773297561367302,-0.08321851300638958,0.25,-0.18216333172189508
84.5,7.70058835753354,1.7251159440733979,-1.0100943602533632,0.24783910046197383,-0.0829736662768879,0.25,-0.18132660482780552
84.6,7.713977777766064,1.7036434135956136,-1.0187472244199105,0.24851762652439022,-0.07000202480204001,0.25,-0.18132660482780552
84.7,7.722799506824534,1.6895225805211453,-1.0231122205981396,0.2444689564579982,-0.06058875478836142,0.25,-0.18132660482780552
84.8,7.735968840788715,1.6684891220716649,-1.0293736711363297,0.24231383099492246,-0.06060757247586573,0.25,-0.1818657832781594
84.9,7.748970800141149,1.6472424268616124,-1.035602153400584,0.24727705246066561,-0.06133649991994343,0.25,-0.18158374177555456
85.0,7.761911605294121,1.625424880074677,-1.0431823053595157,0.25337015169773375,-0.08885022962319081,0.25,-0.18158374177555456
85.1,7.77476731617301,1.60326312374845,-1.0521445665868503,0.2465240826117334,-0.0882294728076843,0.25,-0.18356616025736378
85.2,7.787454455256869,1.5806819758954855,-1.0602846948814189,0.25864662958381823,-0.06274927544009234,0.25,-0.18398152917519725
85.3,7.800000387846469,1.5577282974184652,-1.0664721166049431,0.24999510104547293,-0.06166507544126743,0.25,-0.18398152917519725
85.4,7.812385039306253,1.5346981852178434,-1.0725909918505783,0.25616109993385133,-0.05876036823175926,0.25,-0.1845388926824079
85.5,7.824661142039954,1.5120534254539075,-1.0798141399838443,0.2505001354195635,-0.08584973530672665,0.25,-0.1845388926824079
85.6,7.836859207477635,1.4894862218783287,-1.0885624556005487,0.24744521790180238,-0.0867903528926085,0.25,-0.18536869973155262
85.7,7.848654051206893,1.4668676832035927,-1.0972914905000763,0.24763020703483915,-0.0979156193892402,0.25,-0.18505838509261668
85.8,7.860066232011265,1.4444527546236907,-1.107099489060092,0.24084036435377654,-0.06454928439029063,0.25,-0.18505838509261668
85.9,7.871291794020175,1.4220007831951558,-1.113285425683961,0.24134740546977243,-0.051275682215344384,0.25,-0.18172668259553068
86.0,7.882397655916312,1.3998283840794794,-1.118918237221751,0.25305349641934477,-0.05833282075463534,0.25,-0.18172668259553068
86.1,7.8936393226236525,1.3769018702986302,-1.1267275032800028,0.2452976610542277,-0.08899858924143718,0.25,-0.17939610155850366
86.2,7.904776674104079,1.3537939944278028,-1.1356349874954514,0.24250713178673713,-0.08681917607975467,0.25,-0.18194388710392218
86.3,7.915625007667868,1.3304972859403004,-1.143981831799448,0.2607124375999435,-0.0637767194939477,0.25,-0.18194388710392218
86.4,7.922708448824661,1.3145077303014219,-1.1478133654422724,0.25728139293879965,-0.05620587312883331,0.25,-0.18489575451916737
86.5,7.933224784118267,1.290631733774294,-1.1533634470922358,0.2553270928951129,-0.05811672431915816,0.25,-0.18489575451916737
86.6,7.943585802809503,1.266925143333151,-1.159529314135629,0.2443576685231942,-0.07608563781164183,0.25,-0.18222066169082202
86.7,7.953880244088291,1.243496422721283,-1.1676626353950963,0.24760024514631657,-0.08401212784846168,0.25,-0.19136080436672429
86.8,7.964083851911406,1.2199585438669422,-1.1772787813267276,0.24701542233096088,-0.08856253590615738,0.25,-0.19136080436672429
86.9,7.973836250549002,1.1964421208357743,-1.1861099868001854,0.25645844421177744,-0.07869820877226194,0.25,-0.18849839572424837
87.0,7.983303950531732,1.1733957281047875,-1.1923153296559181,0.24356257151246063,-0.052471290821924504,0.25,-0.18849839572424837
87.1,7.9925827262676,1.1502867412114577,-1.1978812615451022,0.24550488076857077,-0.05210456484217533,0.25,-0.18900825242495928
87.2,8.001817956983711,1.126570721135956,-1.2035215082174944,0.25537149277348514,-0.05535534573766522,0.25,-0.19278690726516187
87.3,8.010916419404602,1.1027145840902206,-1.2098261068388354,0.2431521158604917,-0.05918059038595525,0.25,-0.19278690726516187
87.4,8.019918034611228,1.0787132203908534,-1.2175885553665287,0.2521922269749144,-0.09100708694735571,0.25,-0.19691272384231406
87.5,8.02876755320032,1.0544056027712503,-1.2263590667977309,0.252953065639445,-0.08185741376553105,0.25,-0.19691272384231406
87.6,8.037502294025106,1.030597514713076,-1.2347309342869426,0.24396664331324242,-0.09087176410425787,0.25,-0.19857186873497681
87.7,8.045868666264598,1.0066659927735213,-1.2425607083117411,0.2489503313758107,-0.05680753455695821,0.25,-0.1981519211474807
87.8,8.054043346303539,0.9825231057058706,-1.248369962404512,0.25550702286085203,-0.057457398794153666,0.25,-0.1981519211474807
87.9,8.062122749425367,0.9583273935929316,-1.2550774380178635,0.25260230888585467,-0.07665160013019351,0.25,-0.1987307797042311
88.0,8.06745020199975,0.9421382829415093,-1.2611047425036637,0.24943698203934428,-0.09414708375541844,0.25,-0.1987307797042311
88.1,8.075166515755662,0.9178575741256741,-1.2712363948769998,0.2517425237536734,-0.09763119125092277,0.25,-0.19815164205130595
88.2,8.082716532431835,0.8932224460209267,-1.2805213834099667,0.2618737876200904,-0.0812943472418352,0.25,-0.19967331362993773
88.3,8.089997684035268,0.8686542723908486,-1.2878045787125025,0.2594057340885682,-0.06206681588197245,0.25,-0.19967331362993773
88.4,8.097080807749753,0.8441476565302564,-1.2931154076079512,0.26093718500172763,-0.048107788717582,0.25,-0.20078864738820204
88.5,8.104019863658667,0.8195979291577941,-1.2982313109808037,0.2507506200788251,-0.05145547747749138,0.25,-0.20078864738820204
88.6,8.110866442082957,0.7951283542463823,-1.3039083891773642,0.23806515077913543,-0.06201940414959579,0.25,-0.19905229721698936
88.7,8.117388903858686,0.7708938829130139,-1.312237399691614,0.24682221770510918,-0.09458033777308625,0.25,-0.20030256055921591
88.8,8.123721375847028,0.7464895978496237,-1.3221293594065098,0.2505882167692344,-0.0921013751973436,0.25,-0.20030256055921591
88.9,8.12991211320538,0.7217439392385314,-1.3288065317882343,0.2523663050620964,-0.0580737585549359,0.25,-0.20040093274412377
89.0,8.135989174482607,0.6970013819862462,-1.3347119499387756,0.2504729543698104,-0.0555624042415853,0.25,-0.20040093274412377
89.1,8.141926496752532,0.6722016980000679,-1.3404621754096644,0.2525098153798554,-0.055750627534999805,0.25,-0.20028519868741418
89.2,8.147809234537151,0.6469760074483695,-1.3474081971467635,0.2520219170570012,-0.08804228376323639,0.25,-0.20469591936347728
89.3,8.153611958171199,0.6216212333643767,-1.3573060780207753,0.24336576585256237,-0.09185782117557965,0.25,-0.20469591936347728
89.4,8.159020077784279,0.5964981127676028,-1.3675653470520703,0.24423103924785397,-0.10802028380629368,0.25,-0.20785164085361568
89.5,8.164099737855349,0.5714282845211073,-1.3760354276300262,0.23950931681811768,-0.07047174120131461,0.25,-0.20785164085361568
89.6,8.16899040123999,0.5463925029225373,-1.3827833777055971,0.23709526846209356,-0.06194051630743593,0.25,-0.2048459213945685
89.7,8.172117418871483,0.529777102537499,-1.3874592254523395,0.2404512287645909,-0.09681166624752123,0.25,-0.2048459213945685
89.8,8.176590955647944,0.505096036904116,-1.399303199094856,0.23963382864351992,-0.1039437756005674,0.25,-0.2068576696062867
89.9,8.180684878098045,0.4802113309290532,-1.4104584566469027,0.2543515613150392,-0.10246320647189139,0.25,-0.21037575036838996
90.0,8.1846678783635,0.45521732802137244,-1.4211409896406442,0.25286172191526674,-0.10107507464063417,0.25,-0.21037575036838996
90.1,8.18848149596378,0.4299406248741179,-1.4283567358461227,0.24832718440157064,-0.056571816293703676,0.25,-0.20673872616964778
90.2,8.19208050347727,0.4046590996018329,-1.4341020779480618,0.241709722546358,-0.05796927507210664,0.25,-0.20673872616964778
90.3,8.195572328811012,0.37909219833168684,-1.4404808036803711,0.2586452161571859,-0.07354155096499596,0.25,-0.20812490218548785
90.4,8.198920557096777,0.35316030514308794,-1.4481969410388085,0.26136325893784235,-0.0796456877305854,0.25,-0.21118381650734838
90.5,8.20199929468657,0.32730429718095,-1.456750116095744,0.24327163517281444,-0.08364635345324185,0.25,-0.21118381650734838
90.6,8.204901468538562,0.30180191193622835,-1.4658464418233939,0.24069824612992213,-0.08591717420508872,0.25,-0.21167256466536044
90.7,8.207464240965654,0.2763612582832823,-1.4733067121270838,0.23722739026455014,-0.05446474787025486,0.25,-0.21167256466536044
90.8,8.209905945650418,0.25122699580773417,-1.478641542386357,0.24689699255504208,-0.036113882269228535,0.25,-0.21200380788957812
90.9,8.212207711307016,0.22668989871245593,-1.4835253612226618,0.2372039305205835,-0.0554253058589269,0.25,-0.21305379370397004
91.0,8.214374150673653,0.20211537635837773,-1.4893671174871443,0.2378048153647466,-0.06326035678055117,0.25,-0.21305379370397004
91.1,8.216507526682523,0.1773415856986548,-1.4956248468906532,0.23703038613950747,-0.05839270997222543,0.25,-0.2176838115799225
91.2,8.218529335303703,0.15206070870053073,-1.5040279697613128,0.2479465081770689,-0.07575968116163426,0.25,-0.2186492162885705
91.3,8.219796481230185,0.1350961326561919,-1.5089055750614084,0.24831743812994708,-0.06665652744361944,0.25,-0.2186492162885705
91.4,8.2214148664121,0.10906914938789698,-1.5149848630158906,0.2612086556660821,-0.04486143879872041,0.25,-0.2223343773437219
91.5,8.222814845373373,0.08273590565559213,-1.5198329409278404,0.2549758796902516,-0.04821235739063304,0.25,-0.2223343773437219
91.6,8.22407373751353,0.05623963364911306,-1.5253838472784813,0.25635715517233293,-0.05941383047102161,0.25,-0.22624910394839115
91.7,8.225273998119595,0.03010662415239025,-1.5324530757140662,0.2462190769243616,-0.07702695282760931,0.25,-0.2247977439590208
91.8,8.226149974088313,0.004464323850393176,-1.5426475944467584,0.24326735109202735,-0.11019788605992475,0.25,-0.2247977439590208
91.9,8.226878065336741,-0.020769227810371646,-1.5542364097114016,0.2530877977690057,-0.11456686205180101,0.25,-0.22291854880246958
92.0,8.227206668252297,-0.045888574204710514,-1.5638690557534551,0.24687251146643416,-0.09834213408306261,0.25,-0.22291854880246958
92.1,8.227405191312428,-0.0704069697845976,-1.5696828585997749,0.23845832427169364,-0.037641275837095985,0.25,-0.2214539678083674
92.2,8.227395491097623,-0.09481529899667597,-1.5733663979576968,0.2346909690181569,-0.04305301462209896,0.25,-0.22217844866789685
92.3,8.22730759276626,-0.11968868979860868,-1.57931345662098,0.260193432942174,-0.0662405356540144,0.25,-0.22217844866789685
92.4,8.227058626271278,-0.1453174836016781,-1.5863634726210647,0.2602995397942994,-0.08730288017678901,0.25,-0.22875100399434287
92.5,8.226506654016898,-0.17131289983758535,-1.5950808004134809,0.2656590402594657,-0.06487727277822626,0.25,-0.22875100399434287
92.6,8.225903120988983,-0.19794193175804786,-1.5994079265568883,0.26173386461031867,-0.03313449991729854,0.25,-0.23403944534111454
92.7,8.225148905148302,-0.22437694703631125,-1.60359605025265,0.2462469766749431,-0.047659430141742315,0.25,-0.23482793100950522
92.8,8.224280676282913,-0.25051513424334065,-1.609066030421231,0.24569735127153633,-0.07269880125510485,0.25,-0.23482793100950522
92.9,8.223287042002887,-0.27612332241705145,-1.6183706574774361,0.24756538548306642,-0.10005557356851699,0.25,-0.24642618745191625
93.0,8.222453835450704,-0.2930195102875098,-1.6256652702562968,0.25727049433644134,-0.10498440897075444,0.25,-0.24642618745191625
93.1,8.220873129975304,-0.3181982829390403,-1.6382982586651098,0.2499678175200976,-0.1449441911233323,0.25,-0.24948819180715048
93.2,8.219131173544461,-0.34320917596317196,-1.649927190511425,0.2501247237531735,-0.10534334444781891,0.25,-0.24948819180715048
93.3,8.217210064933907,-0.36788853544130223,-1.659297078665432,0.2372645383468142,-0.0780652231912933,0.25,-0.24549174769342544
93.4,8.214967074855586,-0.3925373287419813,-1.6674305129648266,0.24213113408988016,-0.07578288777486387,0.25,-0.24429625783945358
93.5,8.212496922202426,-0.4177802450371603,-1.6756930490960715,0.2497007298468602,-0.08812174577104216,0.25,-0.24429625783945358
93.6,8.209655414034497,-0.4436154283885362,-1.6836949613899717,0.24036543492313964,-0.07883937934551766,0.25,-0.24475575873914152
93.7,8.20666198003134,-0.4694823013020642,-1.6927189703721401,0.25354552990964846,-0.08392902433238239,0.25,-0.24475575873914152
93.8,8.203466620672424,-0.49578516545424445,-1.6997238018888647,0.26221200702391095,-0.06162405494479597,0.25,-0.24499677686839041
93.9,8.20011448221104,-0.5220356660521214,-1.7065178302398727,0.2616851549534884,-0.07506899398193226,0.25,-0.24521614301769235
94.0,8.196690079956719,-0.5475478540381519,-1.7164121588534305,0.248604265248305,-0.11020549161165126,0.25,-0.24521614301769235
94.1,8.192848768563637,-0.5728401940769491,-1.7269175337889435,0.2486842160077964,-0.09923246286245295,0.25,-0.2484170427393361
94.2,8.188916835085813,-0.5977743616198664,-1.737495036386425,0.2553764807747691,-0.11659747137387241,0.25,-0.2484170427393361
94.3,8.184698020781834,-0.6225418868958477,-1.7514589866591646,0.24793836474471742,-0.13223797984989205,0.25,-0.24729510369511867
94.4,8.180120744964933,-0.647182266782508,-1.762193719817379,0.24411981153912862,-0.09479983466515796,0.25,-0.24356010951058943
94.5,8.175249981426038,-0.6719071560454399,-1.7704979522562843,0.26491071836989893,-0.0739323042333807,0.25,-0.24356010951058943
94.6,8.17193473201908,-0.6884903460763417,-1.775547197250843,0.2442091468093508,-0.08546066660797888,0.25,-0.2400261540487704
94.7,8.166636373918188,-0.7134487750421501,-1.7855360208585938,0.24242714537871835,-0.0973589223773307,0.25,-0.2400261540487704
94.8,8.161101263828641,-0.7386061188318473,-1.7958440875021584,0.25135422268516394,-0.10409008518882826,0.25,-0.23934667717535588
94.9,8.155247662935764,-0.7639810236867051,-1.8061843313345427,0.2466184899192017,-0.10381044149496622,0.25,-0.2372114837438762
95.0,8.149238405826251,-0.7890655725103027,-1.817628842573521,0.24207387236946798,-0.13318248783774606,0.25,-0.2372114837438762
95.1,8.14318428867935,-0.8137474733061214,-1.8296643523360578,0.256833987807772,-0.11179332255983893,0.25,-0.22580218278307038
95.2,8.13670027885975,-0.8383949360173854,-1.8403010822000496,0.25349047786456674,-0.09482131715796634,0.25,-0.22580218278307038
95.3,8.129889807439971,-0.8629123871602044,-1.8487454919450617,0.25328323615640813,-0.07821950798094585,0.25,-0.22590588654890148
95.4,8.122809960285549,-0.8873173453983523,-1.857629398496033,0.2507459940321372,-0.10244463997997161,0.25,-0.22363967029976198
95.5,8.11562892468886,-0.9114784511146696,-1.8677664787551933,0.23864127794743428,-0.09626265002212618,0.25,-0.22363967029976198
95.6,8.108117937421534,-0.9358615592156937,-1.8780731576356489,0.23706106164702537,-0.08871959861439963,0.25,-0.22189071063332946
95.7,8.100329553998426,-0.9602337794742458,-1.886386503927598,0.26328649919487906,-0.08606243911848335,0.25,-0.22185776315837077
95.8,8.092299823596045,-0.9845702706028263,-1.8941464700340152,0.26378387300337397,-0.07048325458886089,0.25,-0.22185776315837077
95.9,8.084198782093107,-1.0086133923123017,-1.9025281561903873,0.2598309141329317,-0.09696232488145187,0.25,-0.2233688142150493
96.0,8.075839312535724,-1.032637686196646,-1.9133512791536667,0.2515900381323889,-0.1087436810969376,0.25,-0.2233688142150493
96.1,8.067288185379953,-1.056326083020223,-1.9227259849628608,0.23979796555005778,-0.07491479100934488,0.25,-0.2238276539201208
96.2,8.058699248612138,-1.0800994805100166,-1.932301219252353,0.2510653058458547,-0.10495165664616266,0.25,-0.2238276539201208
96.3,8.05286959416447,-1.0960079729139751,-1.9396579669520324,0.2504475598593214,-0.10486640846842857,0.25,-0.22026452702695004
96.4,8.044050653128856,-1.1197257310465225,-1.9505677144497697,0.24886049906024846,-0.10649644105825921,0.25,-0.21482411420250339
96.5,8.034920788043445,-1.143344062392745,-1.9611828756906715,0.24689870163829103,-0.0890931889331776,0.25,-0.21482411420250339
96.6,8.025085166923906,-1.167692466743897,-1.968245770098938,0.26353079415142905,-0.06764186293547358,0.25,-0.2099326373172289
96.7,8.014992095189005,-1.1921890533729038,-1.9744432400182008,0.26086639400493444,-0.06226108942926698,0.25,-0.2099326373172289
96.8,8.004795012783696,-1.2159418070167962,-1.982115937793685,0.25229661862798874,-0.09098816341971476,0.25,-0.2103132692278314
96.9,7.994925278239385,-1.2392478927751478,-1.9924446771730022,0.24890940439083856,-0.10573838018766842,0.25,-0.21126198954205622
97.0,7.984775618477543,-1.2624640292921343,-2.0033926807678606,0.2454503853575205,-0.11224859845090293,0.25,-0.21126198954205622
97.1,7.974064685481481,-1.2854902666167576,-2.014369354806658,0.25648688838201983,-0.10055587076943946,0.25,-0.20363569836220935
97.2,7.963198111748244,-1.3081013670015453,-2.024195805046728,0.24216819579980423,-0.08079132069439322,0.25,-0.20363569836220935
97.3,7.952114649446673,-1.3304501325257725,-2.0313983040500956,0.24456757202695992,-0.06362489874028657,0.25,-0.19899800930915906
97.4,7.940804146194162,-1.3532034890879407,-2.0398726719089098,0.24852823352351192,-0.09374910380433242,0.25,-0.19899800930915906
97.5,7.929625511776925,-1.3759384452330174,-2.049490728097651,0.2443723311267129,-0.0910793958531294,0.25,-0.19314426714919752
97.6,7.918000721813352,-1.3985347845420444,-2.0586049820349666,0.2546816549488874,-0.08115438350057345,0.25,-0.19018521705234476
97.7,7.905894257441035,-1.4217126745183413,-2.065398402029536,0.2570452502903598,-0.06193939418462999,0.25,-0.19018521705234476
97.8,7.89358160502823,-1.44489569040761,-2.072032598348248,0.2603674976785287,-0.06429436550832927,0.25,-0.1885374676244865
97.9,7.885268359774867,-1.4601941560136749,-2.0763566934001867,0.24672732253836105,-0.06521348373829974,0.25,-0.1885374676244865
98.0,7.872848839146667,-1.4825472075103774,-2.085394214837829,0.24755646427580366,-0.09350940387276482,0.25,-0.18908804728786677
98.1,7.860401089461557,-1.5047283193063385,-2.0949391729542564,0.24752860975619514,-0.09394885459959071,0.25,-0.17953870111536233
98.2,7.847828518600321,-1.526621577998199,-2.1037192270733676,0.2501342099344975,-0.06890323397278755,0.25,-0.17953870111536233
98.3,7.835046681181125,-1.5480484482006684,-2.1106122329758032,0.2432087702919386,-0.06996839989873588,0.25,-0.1741404814083956
98.4,7.822045647919305,-1.569401365667185,-2.116892592021186,0.24590415891072315,-0.06297951590046887,0.25,-0.1741404814083956
98.5,7.808872218897228,-1.5908987367249772,-2.1234897697976485,0.2467974150323536,-0.07104458059466967,0.25,-0.1745607042779765
98.6,7.795641480741297,-1.6125610121319252,-2.1314235060243294,0.2493115904568243,-0.08057097271546132,0.25,-0.17669385012287503
98.7,7.782129119072859,-1.6341338514719839,-2.1396454805088605,0.256618450369599,-0.08083526797671367,0.25,-0.17669385012287503
98.8,7.768086513327269,-1.6559207989431382,-2.147101611185339,0.2549826337026538,-0.06230964919488187,0.25,-0.17451660527170507
98.9,7.7539133920490215,-1.6778453394811912,-2.153676633294805,0.25245261882422465,-0.0635217065920176,0.25,-0.17451660527170507
99.0,7.73964586053522,-1.6997192822117748,-2.160121523709094,0.2569622107730797,-0.06439857734155814,0.25,-0.17575302057159375
99.1,7.7253800599970255,-1.7210376326015817,-2.1675358500189073,0.24053778497588102,-0.07648815311529036,0.25,-0.1784515562435252
99.2,7.711087146427476,-1.7420884956035056,-2.175739189075103,0.25101455936688477,-0.08264708702444584,0.25,-0.1784515562435252
99.3,7.696736103052189,-1.7628144063186424,-2.1837907197623703,0.25382484518366316,-0.07883288418685724,0.25,-0.17869406816383307
99.4,7.68225250202593,-1.7833401979692263,-2.191129815230072,0.2582371745809459,-0.06374039909730961,0.25,-0.17869406816383307
99.5,7.667613050769968,-1.8037129019091094,-2.1991297681119053,0.24279179139779922,-0.08028583864322218,0.25,-0.17726860321004506
99.6,7.657740813285132,-1.817269392324372,-2.20520208861856,0.24528162255258884,-0.0805342233128858,0.25,-0.17726860321004506
99.7,7.642707069831138,-1.837696050824684,-2.212920808763905,0.2455466699844881,-0.0746221121740177,0.25,-0.1749949659865217
99.8,7.627384199794369,-1.858289046714417,-2.220246038501461,0.24923757723020917,-0.07398750593939989,0.25,-0.1744849258779239
99.9,7.611707367190416,-1.8788635052823435,-2.227110470694511,0.2563654435763203,-0.07414036601605763,0.25,-0.1744849258779239
100.0,7.595796532840681,-1.899315703282456,-2.234596536928357,0.2588499968567307,-0.07867614316888315,0.25,-0.17306650809065088
100.1,7.579650624484605,-1.919596011861269,-2.242534465686124,0.2526286562210144,-0.07607450224715141,0.25,-0.17306650809065088
100.2,7.563545052560496,-1.9399495483994202,-2.2495831450929282,0.25327339874778665,-0.06726221598616001,0.25,-0.17347249806345236
100.3,7.547499630906315,-1.9597310739302949,-2.2564086379689066,0.2469897331618516,-0.06731400063207332,0.25,-0.17347249806345236
100.4,7.531310416138661,-1.9793010321158713,-2.263221855267979,0.24104520056681034,-0.07021375255566845,0.25,-0.17275159038712723
100.5,7.515338279919315,-1.998692431230502,-2.270664411520615,0.248224923286726,-0.0760486916592511,0.25,-0.17275159038712723
100.6,7.49923781619385,-2.0179459345400645,-2.2784233370849876,0.24603812245591808,-0.07749089998022543,0.25,-0.17357227249204152
100.7,7.4829855953391,-2.037049238839321,-2.2858731617164096,0.24204889623370396,-0.07479313034468249,0.25,-0.1717515042006983
100.8,7.466290352370331,-2.0562011989870537,-2.2932990266834175,0.25545657268550825,-0.07034786670619417,0.25,-0.1717515042006983
100.9,7.449356797663159,-2.0755024984807875,-2.300752121738336,0.2477479280349598,-0.07419565212486547,0.25,-0.17107840438264804
101.0,7.432194273176875,-2.0947203866834947,-2.3078977866086023,0.25813116995300395,-0.06626131032247111,0.25,-0.16735892302097072
101.1,7.414673858002259,-2.1137504663033697,-2.3150882496339142,0.25444706453309895,-0.0637806420959633,0.25,-0.16735892302097072
101.2,7.402958003113916,-2.1264229401336965,-2.319240970981081,0.26014637662450363,-0.06359716957527203,0.25,-0.16735892302097072
101.3,7.385240849835915,-2.1453067961245287,-2.326241286948575,0.25260685216611345,-0.06453118004340905,0.25,-0.16002443817762493
101.4,7.367690808252729,-2.1638872905730393,-2.3326715047502486,0.24709633088012795,-0.06282233953249236,0.25,-0.16433010330867537
101.5,7.350038447458024,-2.182261553385048,-2.339271172346452,0.24669392355919859,-0.06691592743780339,0.25,-0.16433010330867537
101.6,7.3323521602815545,-2.2004814531166295,-2.3459728994739737,0.24351885920089947,-0.06953475941217531,0.25,-0.16768083585304255
101.7,7.3206889585328705,-2.2124904101458265,-2.3507790033449703,0.2404687079837745,-0.0664280591560982,0.25,-0.16768083585304255
101.8,7.297281235105874,-2.2363312299267877,-2.3604719870432915,0.24446330674502043,-0.07498842849317416,0.25,-0.17125337109330577
101.9,7.2793703585252105,-2.254062532333154,-2.3678685028881192,0.24788088839705816,-0.07614046469347985,0.25,-0.17332270085666296
102.0,7.261068055648336,-2.272015632274359,-2.375725305840882,0.25240082085667426,-0.07741603222477265,0.25,-0.17332270085666296
102.1,7.24261056811878,-2.2899169596905598,-2.383461923204563,0.25498464316210634,-0.07322026222945474,0.25,-0.17399890027927017
102.2,7.223732356155234,-2.3076505356647266,-2.390735697537156,0.2501290220378526,-0.0711318353449013,0.25,-0.17399890027927017
102.3,7.204568585339734,-2.3251575464573144,-2.398024603567104,0.2538495362150994,-0.0703567512162701,0.25,-0.17276059564564292
102.4,7.185522737412402,-2.3425193400454503,-2.405362536610563,0.2540963051084939,-0.07211824830803164,0.25,-0.17455570550056487
102.5,7.166574414169715,-2.3596395562709658,-2.412662931556075,0.24888190997535264,-0.07021307609008433,0.25,-0.17455570550056487
102.6,7.147503665033631,-2.3766459131022253,-2.4199885596533144,0.2460346553048029,-0.07153064999471932,0.25,-0.17470433344125658
102.7,7.128317994114027,-2.3934323550834606,-2.4272832352483213,0.2441574980141028,-0.06876443102524167,0.25,-0.17470433344125658
102.8,7.109357163079297,-2.4099622643523206,-2.4346274084853525,0.24373867579971584,-0.069939352397082,0.25,-0.17460546847765102
102.9,7.096758933626757,-2.420908434011043,-2.439438133379013,0.2442577929022649,-0.07069179508077066,0.25,-0.17493357538420765
103.0,7.0775662872097085,-2.437159043439623,-2.4464974048886305,0.2535768560558135,-0.065905618702148,0.25,-0.17493357538420765
103.1,7.0579722996961785,-2.4534688400573446,-2.4538027414633135,0.2542113401030478,-0.07696649582331112,0.25,-0.17512372737580786
103.2,7.03826921876831,-2.4697321658705365,-2.4615310010983706,0.24859039895908036,-0.08207837449195415,0.25,-0.17512372737580786
103.3,7.018334599275833,-2.485927551280828,-2.469675277318998,0.2518250119582717,-0.0828548963341247,0.25,-0.1765710464527948
103.4,6.998008541573657,-2.5019516887682607,-2.475991550237876,0.25602578188590575,-0.06626145469960534,0.25,-0.1765710464527948
103.5,6.97762415243549,-2.5177898215476495,-2.48313694248286,0.25447844775118067,-0.07002200678911885,0.25,-0.17497611565800283
103.6,6.957435449716055,-2.5333725278480173,-2.4901281117653773,0.2511067555422902,-0.06838343950642557,0.25,-0.1758779367589988
103.7,6.937081014674017,-2.5488503780736167,-2.4976233603991695,0.25293400921698594,-0.07427727681205049,0.25,-0.1758779367589988
103.8,6.916626087707579,-2.564232940198212,-2.5051859826599197,0.24765375054121505,-0.07214308910906744,0.25,-0.17710620211120606
103.9,6.896189974728388,-2.5792475791079346,-2.512771551799792,0.25779105598641183,-0.06693001224813745,0.25,-0.17710620211120606
104.0,6.87593774010699,-2.5940416985213237,-2.5198625262520453,0.24708374437744274,-0.06761617084772636,0.25,-0.17544216708131483
104.1,6.855198190996569,-2.6087757930728506,-2.527101135979319,0.24393737886792527,-0.0717902129106713,0.25,-0.17257831140091295
104.2,6.8343536433524,-2.623409140914851,-2.534274981042184,0.2507864748418356,-0.07039146528657933,0.25,-0.17257831140091295
104.3,6.813443535471431,-2.637915231681031,-2.5418542411799634,0.24601896055559908,-0.0788902565019004,0.25,-0.16789491447339452
104.4,6.799363053582454,-2.647515112211292,-2.5467724855270815,0.24253437216571694,-0.06652969703442578,0.25,-0.16789491447339452
104.5,6.778221089303402,-2.66188824832773,-2.5544636545727597,0.25242197608820804,-0.07241847752311104,0.25,-0.17098052263718158
104.6,6.75721767195444,-2.675771978363658,-2.5620306282889844,0.2448363186033673,-0.07085339599038575,0.25,-0.17217430519258328
104.7,6.735998481581872,-2.68964187186067,-2.5692210248792224,0.24884793676468933,-0.06199907650825687,0.25,-0.17217430519258328
104.8,6.714561662314371,-2.7033916029795177,-2.575474766502004,0.2490474041829639,-0.06108196870912758,0.25,-0.1677810567738025
104.9,6.69297787281935,-2.7170178058623344,-2.581601586149608,0.2547764827937034,-0.05482900770550153,0.25,-0.1677810567738025
105.0,6.671317251574807,-2.7305737888272774,-2.588126963347415,0.25479497129968137,-0.07545120713851984,0.25,-0.17011967045486442
105.1,6.6493326802694765,-2.7441754766146014,-2.595746878213814,0.2529315100973984,-0.07500701332179921,0.25,-0.17495897659145554
105.2,6.627214018630852,-2.7575246998050664,-2.6036469670899076,0.25896531497685643,-0.08540233948080189,0.25,-0.17495897659145554
105.3,6.6051843277430695,-2.7705760869691916,-2.610252311634078,0.26133732939101173,-0.05423487161064466,0.25,-0.17418229526069426
105.4,6.583226231133276,-2.783444465140652,-2.616869558767451,0.24661748151599475,-0.06579600701164112,0.25,-0.17418229526069426
105.5,6.561251732178039,-2.7961662862676753,-2.623561125610149,0.250980839273525,-0.06575998639334993,0.25,-0.1769404992823979
105.6,6.5392957939880265,-2.8086904824209085,-2.6310702863498294,0.2456006794480712,-0.07526385214625786,0.25,-0.1771118919516689
105.7,6.517272622292521,-2.8209674804460043,-2.639155229633498,0.24932219040725548,-0.08032195387945133,0.25,-0.1771118919516689
105.8,6.495125043600809,-2.8331128656343263,-2.647109002687686,0.24801578550330972,-0.06725328076157737,0.25,-0.17910802527171804
105.9,6.472688065983342,-2.8452000848653505,-2.6534914116324257,0.2480824060150082,-0.061601463888269634,0.25,-0.17910802527171804
106.0,6.450086512350606,-2.85708063533867,-2.6594932329824426,0.25448983906720735,-0.061093284911183154,0.25,-0.17922068446436068
106.1,6.427396448852552,-2.8688933793795277,-2.6655696679816168,0.2601536991570866,-0.06403336488972478,0.25,-0.18193709034698852
106.2,6.412102753392289,-2.876907501152224,-2.67081379688718,0.25267456945706995,-0.08172891992201504,0.25,-0.18193709034698852
106.3,6.389049854668434,-2.888746103950832,-2.67929405526978,0.245370067656378,-0.08055748656975623,0.25,-0.1839860954454554
106.4,6.365955034720967,-2.900116857041433,-2.6886222417510828,0.2424609921849974,-0.1060506321017258,0.25,-0.1839860954454554
106.5,6.342861367241378,-2.911273892136073,-2.6985450279678793,0.2431351712070392,-0.07725246105581629,0.25,-0.1874095865638782
106.6,6.319861544309673,-2.9221666239688626,-2.705480953917628,0.2390204958074497,-0.06131630018411621,0.25,-0.17325819627690198
106.7,6.2969641572475386,-2.9328141721607928,-2.7116979311828424,0.25103430203023885,-0.06756438731154862,0.25,-0.17325819627690198
106.8,6.274077288326307,-2.943206897254715,-2.7191137389606452,0.24569926222281688,-0.07560072578193008,0.25,-0.1749849460601877
106.9,6.2510398753529905,-2.9534830554777587,-2.727273512060351,0.2521784137047699,-0.08589816771646512,0.25,-0.1749849460601877
107.0,6.227751966946049,-2.9636101560295964,-2.735779116097172,0.25039553820731103,-0.05860157724384529,0.25,-0.17571789118879072
107.1,6.20426053590647,-2.9736366283398623,-2.7417288674080154,0.24685951390806327,-0.055817822403261455,0.25,-0.17571789118879072
107.2,6.1807275922382985,-2.9835112888873954,-2.7475328218719155,0.24213416382880726,-0.05655940941232331,0.25,-0.174157573601348
107.3,6.156866017274767,-2.99352349224848,-2.7541650784975635,0.25787715208570167,-0.06806763322549518,0.25,-0.16844977473358266
107.4,6.1328964236349455,-3.0033608531638953,-2.760611345535219,0.254168758583056,-0.06734420102767331,0.25,-0.16844977473358266
107.5,6.108826015279114,-3.0131991488463954,-2.767363428997142,0.2575430171936204,-0.06063299482346735,0.25,-0.17217015940584562
107.6,6.085028719987419,-3.0225013332623085,-2.774838504366035,0.24893559645471774,-0.054248637617523465,0.25,-0.17217015940584562
107.7,6.061440263681987,-3.031618245997519,-2.780288529418754,0.24916092464285616,-0.05400435944320913,0.25,-0.17596972377706532
107.8,6.045723354911578,-3.037611572300699,-2.784152089326442,0.2502524341725476,-0.059456044530115625,0.25,-0.17596972377706532
107.9,6.022225303362309,-3.046378935182315,-2.7908358905288906,0.2551981857176637,-0.07424560153294078,0.25,-0.18454765106387122
108.0,5.998594715391166,-3.0549112864026675,-2.7997969313852544,0.241151837859835,-0.10593079054769765,0.25,-0.19010275817674815
108.1,5.974814550515502,-3.063341102112288,-2.809412718888693,0.24785446612256384,-0.08408529104148094,0.25,-0.19010275817674815
108.2,5.950798669228423,-3.07160561210485,-2.8168797651378514,0.24498924309931797,-0.0645234009098605,0.25,-0.18906724291952115
108.3,5.926627220850243,-3.0796868921130773,-2.8227901918899816,0.24758850143843011,-0.05635282521235436,0.25,-0.18906724291952115
108.4,5.901750241440831,-3.0877151710781767,-2.8281217296690095,0.2503002445117821,-0.05213664995058738,0.25,-0.18985692252753447
108.5,5.8768209244274185,-3.095673806859363,-2.8336890469280447,0.24495826267539914,-0.06561405816549723,0.25,-0.19583022903009084
108.6,5.852084978557265,-3.1035612279498177,-2.841729805111709,0.24394517412901393,-0.08280192460406613,0.25,-0.19583022903009084
108.7,5.827418549132447,-3.1111959424137074,-2.850455771608303,0.243499263590515,-0.1054092838380699,0.25,-0.19766784759623013
108.8,5.803028033792228,-3.1184455828831217,-2.858094362944766,0.2525521451560274,-0.07075358979380013,0.25,-0.19766784759623013
108.9,5.778741297803568,-3.125449678562872,-2.8658840574250917,0.23918636707701205,-0.06521657523428945,0.25,-0.2006404892421558
109.0,5.75484842119945,-3.1322755576972754,-2.8715749611765466,0.2469455731008264,-0.05531684322145001,0.25,-0.2049974407789256
109.1,5.731116768887451,-3.138961843594298,-2.877114380604582,0.24033339685396973,-0.05499993648577328,0.25,-0.2049974407789256
109.2,5.707206189110266,-3.1454608050738795,-2.883539472878658,0.24118759069193008,-0.07444707783663909,0.25,-0.2095109859075981
109.3,5.68268212124718,-3.1519909396777255,-2.8921454427544675,0.2573830971446495,-0.08218552727667003,0.25,-0.2095109859075981
109.4,5.657890813939955,-3.1582414242283288,-2.900700852185503,0.24573414476748506,-0.09025057949922606,0.25,-0.21060316395306636
109.5,5.6410164905500615,-3.162327785682897,-2.9057928531916644,0.2619561905839029,-0.05596759088514884,0.25,-0.21330927177695858
109.6,5.615294216494273,-3.168319213338671,-2.911119030105463,0.25536172092441,-0.051445415973960754,0.25,-0.21330927177695858
109.7,5.58956917698732,-3.1741601400304584,-2.9164964849756663,0.25000706354116636,-0.06033747777372935,0.25,-0.20975557792291322
109.8,5.563770053524815,-3.1799151544386794,-2.9216279581103946,0.26257959308079554,-0.05860181307196958,0.25,-0.20975557792291322
109.9,5.538826125161044,-3.1855235033904634,-2.9300640692086333,0.2521911033416384,-0.08754159787132619,0.25,-0.21082655398590242
110.0,5.513970439469899,-3.190805052554363,-2.9399518185701132,0.24616494122927818,-0.11050627397026476,0.25,-0.2131354655866035
110.1,5.489260488628732,-3.195797468178105,-2.952190942709154,0.2464121665803437,-0.09145888613910376,0.25,-0.2131354655866035
110.2,5.4648719167996305,-3.200516132540213,-2.95832224696098,0.23746841175701522,-0.051161115131334076,0.25,-0.21277037580919084
110.3,5.440742858121537,-3.2050862828520854,-2.963199534872766,0.2509494510686077,-0.04925963572414778,0.25,-0.21277037580919084
110.4,5.416058653101076,-3.2094699245969847,-2.9692975130208468,0.24366973896076347,-0.07527685892671063,0.25,-0.20866766480714202
110.5,5.390768535196972,-3.2138285560180613,-2.9770901834623498,0.24867521831706993,-0.08533679537751748,0.25,-0.20986195400842067
110.6,5.365227010785273,-3.217902608158838,-2.9854703327858534,0.24606271765292712,-0.08396423419309418,0.25,-0.20986195400842067
110.7,5.339566643709034,-3.2218247864336838,-2.995128145380334,0.26181662941071776,-0.07986294836263969,0.25,-0.20943778739565738
110.8,5.313530125258495,-3.225615278064121,-3.0005987142550046,0.2636112547363567,-0.0511344519635878,0.25,-0.20943778739565738
110.9,5.28760449767647,-3.2292102896098887,-3.0054239257747843,0.2539213792338066,-0.06513122664270005,0.25,-0.19509693427667324
111.0,5.262245372647693,-3.2326984982316684,-3.013523025353606,0.25466592190370785,-0.08545626603062724,0.25,-0.18568717569533305
111.1,5.245385975906364,-3.234873694682596,-3.019026990716613,0.24334521302966258,-0.07703786058164112,0.25,-0.18568717569533305
111.2,5.220266216784633,-3.237946414291179,-3.0279360636771835,0.24737863829031276,-0.08715990904483191,0.25,-0.17216679864314025
111.3,5.195276154678416,-3.240741987207192,-3.034971446280018,0.24581260321228138,-0.04758738431435934,0.25,-0.17216679864314025
111.4,5.1703988522546664,-3.243394056432126,-3.03918845181551,0.24179031891106328,-0.039686469334648845,0.25,-0.15379205901801207
111.5,5.145391381320284,-3.245961643353052,-3.043141062096005,0.2515739111058285,-0.03996270040656865,0.25,-0.15379205901801207
111.6,5.119985225127037,-3.248412798063902,-3.047907681848711,0.25077091848592464,-0.050911238320081986,0.25,-0.14990944362535263
111.7,5.094522571536662,-3.2507971782072675,-3.053511654889795,0.2433387729321178,-0.05938161032605817,0.25,-0.14307877980511494
111.8,5.068830782082292,-3.2530635949819233,-3.058658282583704,0.24612871574465436,-0.04442227205030898,0.25,-0.14307877980511494
111.9,5.042948722649558,-3.255153066510291,-3.0620849007916267,0.25503664250404734,-0.028178455793946875,0.25,-0.1315028945347157
112.0,5.017226058975341,-3.257199059420382,-3.0652621811106266,0.2528498760998087,-0.03297869187440305,0.25,-0.1315028945347157
112.1,4.991756173315388,-3.2591606195491076,-3.06947148924004,0.2541188652993886,-0.04585723346244432,0.25,-0.1286790208736995
112.2,4.966280947717885,-3.2609638224929154,-3.074666832012027,0.24992013540336508,-0.053976548936636955,0.25,-0.12274187382364649
112.3,4.9408546738501,-3.2626262071092547,-3.0795459000783545,0.24799767866892,-0.04220084085085254,0.25,-0.12274187382364649
112.4,4.915536077538077,-3.2641536613116764,-3.083954403091876,0.2538432450464241,-0.03566899721838749,0.25,-0.11191557044922697
112.5,4.890259349102142,-3.265554999381847,-3.0870376152056176,0.24832567003424558,-0.02708884293658372,0.25,-0.11191557044922697
112.6,4.864947417989139,-3.266901187239229,-3.089377363374354,0.2553673842406704,-0.02254268889271745,0.25,-0.10668975470551822
112.7,4.839457650071586,-3.2682102271261915,-3.092057494102755,0.25091261008015725,-0.03065364030348305,0.25,-0.10002351271885525
112.8,4.822463933352812,-3.2690472323906112,-3.0940339999522046,0.24628974560802677,-0.0317085067791931,0.25,-0.10002351271885525
112.9,4.796963915331364,-3.2702301788002015,-3.097491286755314,0.2572330200647474,-0.028428196557537023,0.25,-0.09524940811142135
113.0,4.771276130547458,-3.271346009844086,-3.100219698390646,0.24928148607373024,-0.01868308188035954,0.25,-0.09524940811142135
113.1,4.745593026228335,-3.2724086520506868,-3.1024716272404027,0.25544584136079296,-0.023526034212955838,0.25,-0.09171449756113091
113.2,4.720008868533919,-3.2733797344286453,-3.104923124219984,0.24767142019659763,-0.026728283567458905,0.25,-0.08571677031566786
113.3,4.69454466989528,-3.2742875554127204,-3.1078226235704602,0.2504534397788607,-0.03115205826750501,0.25,-0.08571677031566786
113.4,4.6689916226516734,-3.2752067186387315,-3.1105844792192694,0.2526521310341471,-0.028799507214083548,0.25,-0.08052916408991376
113.5,4.643540123695677,-3.2759523614587662,-3.113365339143077,0.25200666875336536,-0.0265593713940887,0.25,-0.08052916408991376
113.6,4.618212334186228,-3.276647720058933,-3.1153170088308766,0.2462059420567361,-0.017444553775882218,0.25,-0.07625072120715008
113.7,4.59282076412051,-3.277306004352702,-3.1171064816486593,0.25318639821781364,-0.015859387892112792,0.25,-0.0719931987011719
113.8,4.5673381219659,-3.2779276881311095,-3.118607344400448,0.24692918100490158,-0.01635049597200398,0.25,-0.0719931987011719
113.9,4.541851109630324,-3.278507613345812,-3.1206752827272273,0.25169048053396925,-0.018518037689707934,0.25,-0.06593270325804641
114.0,4.516347688351,-3.279012461667962,-3.1229469233304945,0.2498805535335703,-0.02185839291808675,0.25,-0.06593270325804641
114.1,4.490822703509506,-3.279469290966904,-3.124755367345659,0.25148432700042106,-0.015044153348442684,0.25,-0.06476026858103073
114.2,4.465342721778865,-3.2799094549786836,-3.126590700095157,0.25039310189950736,-0.019926935301953223,0.25,-0.06037615063418807
114.3,4.439872812452593,-3.2802666041795328,-3.128311101744346,0.24697585029482363,-0.015937524203756184,0.25,-0.06037615063418807
114.4,4.4228612001309155,-3.280489120147642,-3.1294382671894505,0.24899657224726218,-0.018637521069493686,0.25,-0.05504566775517744
114.5,4.3973493074477705,-3.2807961660259592,-3.1309013634746847,0.24977650128321602,-0.02112614226371681,0.25,-0.05504566775517744
114.6,4.371857853553942,-3.2810588989001,-3.13287811499066,0.25039421737081957,-0.01701949400996375,0.25,-0.053551821313382875
114.7,4.3464102520056676,-3.2812653006551176,-3.134389880670394,0.24862702716679286,-0.011316118187096894,0.25,-0.04846054510481268
114.8,4.320949831036994,-3.2814236921848265,-3.135525547769311,0.25070614302410005,-0.009584958262883326,0.25,-0.04846054510481268
114.9,4.295426379131531,-3.281575139587104,-3.1364859016223705,0.2489498472211184,-0.009212664087022792,0.25,-0.045494751327890375
115.0,4.269919881909425,-3.2817069582629532,-3.137387550155443,0.2523292280789659,-0.009509224809740065,0.25,-0.045494751327890375
115.1,4.244407557660564,-3.2818155586059805,-3.1384643189335444,0.25279466546486423,-0.013096909514902968,0.25,-0.04392818401010134
115.2,4.218896322651944,-3.2818857588377863,-3.1397876790719845,0.2514563082809917,-0.014262076500259959,0.25,-0.04027357010065742
115.3,4.1934303872853125,-3.2819313806538983,-3.1410024004209918,0.24977733338799593,-0.011553494557475437,0.25,-0.04027357010065742
115.4,4.167978377648224,-3.2819501864677947,3.1410311862730653,0.2511160438106853,-0.007443917864629101,0.25,-0.037108511072618575
115.5,4.1424688457858485,-3.2819188468576055,3.14013696125063,0.2478360162092864,-0.00896971394601006,0.25,-0.037108511072618575
115.6,4.116950869851417,-3.2818686696422743,3.139112731743082,0.2505827052667691,-0.008701772593708395,0.25,-0.036019323972684
115.7,4.091446240570446,-3.2817914791458436,3.1379776210512924,0.2505017620744849,-0.011821982404084146,0.25,-0.036019323972684
115.8,4.065965449767451,-3.281686350717434,3.13703680471814,0.24995417188119956,-0.006428595885438323,0.25,-0.03255162442056129
115.9,4.04045490380764,-3.2815586305926057,3.1362685014180305,0.2515152093315413,-0.010533404743578808,0.25,-0.02781608077992711
116.0,4.014921600508932,-3.281418564061952,3.1355943301573013,0.25169370979039873,-0.004726096725256921,0.25,-0.02781608077992711
116.1,3.9979016007185426,-3.2813136621445227,3.1352533387660784,0.2516887626632432,-0.004737599718659599,0.25,-0.024900603730209588
116.2,3.972388130136921,-3.2811469126344983,3.1346963445791673,0.24904090485810532,-0.009444101743811115,0.25,-0.024900603730209588
116.3,3.9468761921561453,-3.280967025431041,3.1340068524840166,0.25071890486486753,-0.00672482922291295,0.25,-0.02427261835875251
116.4,3.921385101806434,-3.2807727352848755,3.133371637078296,0.24875775233969621,-0.0059640483480659446,0.25,-0.023131435657729824
116.5,3.8959228050798447,-3.2805678880212636,3.132636096401078,0.24943247473538405,-0.006152862804029471,0.25,-0.023131435657729824
116.6,3.8704213969687205,-3.2803347786984705,3.1321604578565116,0.24991186862653128,-0.006128030939966634,0.25,-0.020511569582145447
116.7,3.8449101717368044,-3.2800950542788354,3.1318253333489063,0.25010138764749673,-0.0017788022427271026,0.25,-0.020511569582145447
116.8,3.8194066894658616,-3.2798470318911876,3.1313767339058187,0.24940215694629372,-0.005758253146686642,0.25,-0.01940891994959442
116.9,3.793905799886096,-3.2795816932240895,3.1306506287875484,0.2489644695017473,-0.005485354172351474,0.25,-0.01940891994959442
117.0,3.7683880873847544,-3.2793022162754135,3.1301807400545747,0.24953580696473052,-0.005714974059313917,0.25,-0.01739944339324389
117.1,3.742859472412172,-3.279006922117315,3.129712329655179,0.2501664623727409,-0.0027317324421804227,0.25,-0.014645809663746071
117.2,3.7173443629001626,-3.278700958730777,3.129539041838566,0.2495826018277885,-0.0020767379757810475,0.25,-0.014645809663746071
117.3,3.691836830089238,-3.278389076526701,3.1293017692894787,0.24974893991812452,-0.0016434942413746365,0.25,-0.01283578193708488
117.4,3.666336386750296,-3.2780734277895887,3.128932916952914,0.2503686502468828,-0.004468129545920986,0.25,-0.010741886551773577
117.5,3.6408401187222763,-3.2777479590894436,3.128563681626419,0.249642964939076,-0.002866212235826581,0.25,-0.010741886551773577
117.6,3.615352498571009,-3.27741420899447,3.128256215828562,0.24939732422755131,-0.0021269572097035797,0.25,-0.009937249105838158
117.7,3.598353587271393,-3.277188061667229,3.128114556738754,0.25069573375652193,-0.0012128036944583488,0.25,-0.009937249105838158
117.8,3.5728521379712608,-3.276844290542928,3.128015082812901,0.24957625412575327,-0.0016609554769402165,0.25,-0.008974589558826941
117.9,3.5473457222205758,-3.276496559029616,3.127820394110832,0.25066194610261283,-0.0019350213023788484,0.25,-0.008974589558826941
118.0,3.521842431273305,-3.2761473801254435,3.127500792201657,0.250329481119619,-0.0033963778626897403,0.25,-0.0075742895512981735
118.1,3.4963411553998607,-3.2757817581415485,3.1272249086530444,0.24953400823433736,-0.0023796334757508757,0.25,-0.006677275282718158
118.2,3.470827404951063,-3.275414642729331,3.1270136711362437,0.2505412576830041,-0.002036011646212985,0.25,-0.006677275282718158
118.3,3.4453181382065363,-3.275040235403329,3.1269737690040245,0.25008863509201035,-0.00016359667576087362,0.25,-0.005245375321148505
118.4,3.4198074149955913,-3.2746676982370486,3.127031759182759,0.25042580504636475,-0.0009267496146093735,0.25,-0.005245375321148505
118.5,3.3943016316841335,-3.274296149901584,3.1269603238885217,0.25021436323379587,-0.0009990209013108025,0.25,-0.003172231474755871
118.6,3.3687981294881206,-3.2739225414778343,3.126806662922239,0.24975961053777881,-0.0015484563834078017,0.25,-0.0026521601458303
118.7,3.343303213234419,-3.273542628028679,3.1266065887922343,0.2499992964138616,-0.0011428392919638156,0.25,-0.0026521601458303
118.8,3.3178054895065365,-3.2731579733995844,3.12647286656319,0.25014121106264603,6.101954382523723e-05,0.25,-0.0019504653668034697
118.9,3.292300914616834,-3.272771528114308,3.1266571978743913,0.2497459510203865,0.0035088609628590177,0.25,-0.0013034215330288285
119.0,3.266795833500829,-3.2723919894483107,3.126794975181169,0.25004756079696955,-0.00044113922464550153,0.25,-0.0013034215330288285
119.1,3.2412914136709086,-3.2720148413850803,3.126693784938909,0.2501189939944101,-0.0005806815379876268,0.25,-0.00019971755238314126
119.2,3.215788776851057,-3.2716315606941713,3.126575621113688,0.25037004473698937,0.00016107563637184956,0.25,-0.00019971755238314126
119.3,3.1902815416809056,-3.27124893021852,3.126493623926222,0.2500053665554759,-0.0012452019594843282,0.25,-0.00018152779381782128
119.4,3.173277931459147,-3.270992256625962,3.126493824862032,0.25019406729715904,0.0008532049404224123,0.25,0.0028412960542488867
119.5,3.1477735501743873,-3.2706114346468858,3.126623547872124,0.2500658738712638,0.000989046091667311,0.25,0.0028412960542488867
119.6,3.1222680308607837,-3.2702315047559516,3.1267548049215623,0.2501335174483697,0.001319191321242412,0.25,0.0028143065051907026
119.7,3.096763670264591,-3.26985276425514,3.126760776661265,0.25018309022341917,-7.935240652796486e-05,0.25,0.0028143065051907026
119.8,3.0712612867141478,-3.269474721854781,3.1267676057534284,0.24996305939838254,-0.00022429027588194498,0.25,0.0023953978436482056
119.9,3.0457556211032704,-3.2690960795592687,3.1267485878981667,0.2500928894336759,-0.00017913348107606505,0.25,0.0025883921230617727
120.0,3.0202486351638114,-3.268719773500633,3.1269334020645068,0.2502644409275131,0.0023720728639079866,0.25,0.0025883921230617727
120.1,2.9947426054004085,-3.2683466958894636,3.1270938771132575,0.25007169937934,0.003761972340034096,0.25,0.004488909948618577
120.2,2.969240701558801,-3.267979341836536,3.1272555965402478,0.2496824538217951,-0.00032828041023728546,0.25,0.004488909948618577
120.3,2.9437348385690774,-3.267611180959526,3.1271597134446925,0.24990080877253126,-0.00037741327053384397,0.25,0.004281896448985986
120.4,2.9182316440031077,-3.267244222690496,3.1272217045457205,0.25023409457846757,0.0008897200060759594,0.25,0.004909715813186664
120.5,2.89272964516613,-3.266878957251807,3.1272996261810992,0.2498609647166108,0.0016209372748658627,0.25,0.004909715813186664
120.6,2.8672295011851547,-3.2665185936769694,3.1274628378245275,0.24995003911711128,0.0013920332450660774,0.25,0.00630671507734174
120.7,2.8417311737215143,-3.266161197024517,3.12762166357526,0.24961027907633215,0.0011313656775781698,0.25,0.00630671507734174
120.8,2.8162276114798868,-3.2658059094831984,3.127715492338138,0.2499333605583113,0.0002463642361681782,0.25,0.005786139330811886
120.9,2.7907239514313136,-3.265450712907359,3.127771444901967,0.25002590093590416,0.0005650776069745342,0.25,0.006456616467523121
121.0,2.773718807388003,-3.2652133705648345,3.127839289023145,0.2505239145089205,0.0009239252027853445,0.25,0.006456616467523121
121.1,2.7482076634072716,-3.2648618128996243,3.128037811944582,0.2501376502442096,0.0022409209445183945,0.25,0.006937880254042228
121.2,2.722700430993974,-3.2645168539646074,3.1282836086454555,0.2501151672451112,0.0019910741061771797,0.25,0.006937880254042228
121.3,2.6971942630061427,-3.2641791363053523,3.1285631664405678,0.2504202111723602,0.0024734161815334076,0.25,0.007062102821166871
121.4,2.671687591217724,-3.263845878508529,3.128634009416458,0.250042612002084,0.0001369386837255733,0.25,0.006829169552260521
121.5,2.6461832075226788,-3.2635155910581597,3.1287073082909895,0.2501907415700349,0.0010690673104758828,0.25,0.006829169552260521
121.6,2.620682600598878,-3.2631923380283294,3.1288103332153545,0.25066811035590525,0.0008178607654364223,0.25,0.008046671323751356
121.7,2.5951819829710687,-3.262870106585106,3.1291666652526313,0.24961994238219257,0.003795115854633518,0.25,0.008046671323751356
121.8,2.5696810468209796,-3.2625596404180333,3.1293889455959394,0.2494141439790753,0.0022386916725449586,0.25,0.00916618236457174
121.9,2.544176014845543,-3.2622505077318253,3.129565651812184,0.25017949459115707,0.001130420082673911,0.25,0.007949791805342624
122.0,2.5186679883596694,-3.2619438290633775,3.129718124908477,0.25069341318780514,0.001298582936846069,0.25,0.007949791805342624
122.1,2.493158332931888,-3.261636456044465,3.129878763919817,0.2499046745270475,0.0017127256082826458,0.25,0.00977516201554381
122.2,2.4676391450839277,-3.2613385358951557,3.1300964582521833,0.25030173122392024,0.0046063994185135074,0.25,0.00977516201554381
122.3,2.442133831756087,-3.2610463384466613,3.1304141639799266,0.24979179395846154,0.003912187318186992,0.25,0.008818635096949754
122.4,2.4166234399171382,-3.260766683923859,3.130853238659452,0.24970477999303647,0.00234527840245741,0.25,0.008914156047013524
122.5,2.39111388234807,-3.260498131600677,3.130931757273153,0.2506533926119511,0.0011895558102409203,0.25,0.008914156047013524
122.6,2.3656081347434337,-3.260229557281268,3.1310687314092687,0.24983907905122557,0.0012410600994426557,0.25,0.008746067970381551
122.7,2.3486074385334406,-3.260053476795138,3.1312075001180792,0.2501260700330962,0.001708041344903457,0.25,0.008746067970381551
122.8,2.323108088743243,-3.2597901034616874,3.131399774592971,0.24956321726026082,0.00296930158481522,0.25,0.00867982389960754
122.9,2.2976114884289736,-3.25953843457146,3.1316402772001375,0.24961767022150227,0.0018401806358734139,0.25,0.00947560297823109
123.0,2.272107654399043,-3.2592881739540323,3.1318778770077116,0.25023986570915013,0.0014021530205180655,0.25,0.00947560297823109
123.1,2.2466043020986035,-3.2590408468531114,3.131954172790966,0.24982440880776424,0.0011596129115199864,0.25,0.008863566226964471
123.2,2.2210978794215177,-3.2587909922032194,3.132123084492339,0.2500501324968838,0.002008472264025297,0.25,0.008863566226964471
123.3,2.2040839634521996,-3.2586309542716045,3.1322132807321945,0.2502508874122814,0.001088539489063462,0.25,0.008755905145563658
