t,x,y,yaw,v,w,v_cmd,w_cmd
0.0,7.713947891846659,-0.329196896992149,-1.6577072600698572,0.2436980389365616,-0.12829575838491317,0.25,-0.291052826439936
0.1,7.711681521323468,-0.35463560392131765,-1.6724166936269624,0.25040395209075805,-0.14887987557204352,0.25,-0.291052826439936
0.2,7.709102894936006,-0.37956099146025796,-1.6880910435097376,0.24472473778862575,-0.17303117513784824,0.25,-0.2815727715136104
0.3,7.706048044990404,-0.4043866391451988,-1.7022124352356691,0.23480748858197112,-0.10876409928998866,0.25,-0.2855803533870846
0.4,7.70272589641163,-0.42900364805269453,-1.712028743077506,0.2306599650615985,-0.06955210397814118,0.25,-0.2855803533870846
0.5,7.699162715214081,-0.4539893570861741,-1.7208650444095792,0.24815913033970033,-0.11418633739336127,0.25,-0.2663259499184513
0.6,7.695229198465241,-0.4792307781614587,-1.7339969163788973,0.2631256872872665,-0.09733037108785826,0.25,-0.2663259499184513
0.7,7.690863672829231,-0.504575507003633,-1.745195574033577,0.24355812791075865,-0.12540999745227888,0.25,-0.2667830765102344
0.8,7.6877802366263275,-0.5216642371612775,-1.7545858777409344,0.2637093902490051,-0.13076265707349366,0.25,-0.26174105858911995
0.9,7.683112939582796,-0.5474911528016528,-1.7662641086010233,0.26107263784539086,-0.10069212874857705,0.25,-0.26174105858911995
1.0,7.678156817392336,-0.5730157438643253,-1.7775839153290491,0.24441391583950653,-0.11451797373574779,0.25,-0.25080705471462406
1.1,7.672856093729113,-0.5979232082667714,-1.788432182965248,0.2502901256993811,-0.10476842548043114,0.25,-0.25080705471462406
1.2,7.667163855522793,-0.6228503481092218,-1.8006375220891704,0.24913982190502387,-0.1297543202582012,0.25,-0.250633860998678
1.3,7.661206258637763,-0.6476958124854588,-1.814089344673684,0.2451787845616205,-0.14213923030140474,0.25,-0.2445350519924998
1.4,7.655011605142548,-0.6722857573232994,-1.8262233632207405,0.24330829751732222,-0.12258464065466701,0.25,-0.2445350519924998
1.5,7.64867664072822,-0.6965433941828703,-1.835692267757796,0.2519893663008257,-0.08989195283747023,0.25,-0.24006028277651584
1.6,7.642069482848709,-0.7210385027286301,-1.845541554745354,0.25001286053228156,-0.10146688455954984,0.25,-0.24537928888603594
1.7,7.63529828375141,-0.745629477974306,-1.8547670284484248,0.25871784519899926,-0.0812222376111417,0.25,-0.24537928888603594
1.8,7.628004584042655,-0.770183434108734,-1.8649739787376052,0.26552715703750857,-0.09892692310672843,0.25,-0.24185841129820346
1.9,7.620499980251113,-0.7945744230421552,-1.876125500084704,0.24403328895058718,-0.09260601325413426,0.25,-0.24185841129820346
2.0,7.612775383984462,-0.8188576139179806,-1.8857123427482574,0.2497858907303767,-0.11131411987860781,0.25,-0.2406057377792605
2.1,7.604832683126961,-0.8428679592647598,-1.8963610478383721,0.24244767686539068,-0.10525491767044717,0.25,-0.2368028320023672
2.2,7.59698452607752,-0.8669646597824207,-1.9082407051999688,0.2489097325656806,-0.1168487514119599,0.25,-0.2368028320023672
2.3,7.58880219808575,-0.8909566238044007,-1.9199110682288902,0.247823477590947,-0.10827274940712156,0.25,-0.22625169557565677
2.4,7.580263578394036,-0.9148966039476513,-1.931199952490703,0.24812034224293358,-0.1016439886860216,0.25,-0.22625169557565677
2.5,7.574259601396833,-0.9308127445760144,-1.9373744953236347,0.2550539071284918,-0.07211769125729334,0.25,-0.2234351693594005
2.6,7.564982125035698,-0.9555760610396334,-1.944187602525519,0.26024142211977924,-0.06139815106591539,0.25,-0.23674828093098915
2.7,7.555496333273012,-0.9803622172013925,-1.9510491049021783,0.25422168957059577,-0.07340111925591067,0.25,-0.23674828093098915
2.8,7.546439896018372,-1.0039241306475217,-1.9616866759899123,0.2455987231851229,-0.11989956267834707,0.25,-0.2396017459754061
2.9,7.537031325875598,-1.027452013360921,-1.97463330421115,0.2504219281763645,-0.12764407965522048,0.25,-0.22582141472709416
3.0,7.526919916109517,-1.0508633465094455,-1.9867299256390247,0.2611420218541999,-0.11332484951843712,0.25,-0.22582141472709416
3.1,7.516692509625956,-1.073773611195196,-1.996274079634196,0.23696596142390836,-0.08564348891620703,0.25,-0.22590302521288302
3.2,7.506335762312285,-1.0963206258159643,-2.0046121942364246,0.24236724329729573,-0.09024400406986942,0.25,-0.22590302521288302
3.3,7.495674825854204,-1.1190595981770688,-2.0132742515196362,0.24992010388568747,-0.09902809247921558,0.25,-0.21875606150473603
3.4,7.48531121856417,-1.1420493799620481,-2.023975728157481,0.24757472227441574,-0.10926207133624204,0.25,-0.21347671380508546
3.5,7.474642362350573,-1.1649274274416708,-2.0346797621010553,0.245175513148368,-0.10404828055782064,0.25,-0.21347671380508546
3.6,7.463419838735325,-1.1878090024039194,-2.044344106837818,0.24422620037898393,-0.07480534933060201,0.25,-0.21469632121156818
3.7,7.45164402714069,-1.2114588335988332,-2.0514632081619766,0.26026315935594024,-0.06482934328087947,0.25,-0.21469632121156818
3.8,7.439616702388399,-1.234881202950076,-2.058775890783267,0.25504101302236004,-0.07709381723585004,0.25,-0.21267217598437643
3.9,7.427466340433401,-1.2576974244555679,-2.067232328415968,0.24408694293644354,-0.10316721044724317,0.25,-0.21881417591190305
4.0,7.415453751709973,-1.2800382185732697,-2.077668229632415,0.2546877228576549,-0.10973438207396993,0.25,-0.21881417591190305
4.1,7.407378210007008,-1.2948567294966253,-2.08520024742121,0.24825500734366582,-0.11619761315115239,0.25,-0.22227713788115003
4.2,7.394967401208596,-1.3166001562928606,-2.095636141041518,0.24368409084504591,-0.08600482780099374,0.25,-0.2189169866675118
4.3,7.382304608940956,-1.3381342333447825,-2.1062683974798864,0.24557298909534958,-0.11487975076894234,0.25,-0.2189169866675118
4.4,7.369467761350624,-1.3595805497978808,-2.1175281535833177,0.2489486303122547,-0.11311204568813295,0.25,-0.2210099104166534
4.5,7.35634625582416,-1.3811519143339601,-2.128372640345975,0.24681905846617605,-0.10280166888553637,0.25,-0.2210099104166534
4.6,7.343085647168133,-1.4027703926491193,-2.1387503127594436,0.24556921706733884,-0.09919866712761613,0.25,-0.2156043895602086
4.7,7.329393231434765,-1.4243717406296024,-2.1490077489769863,0.25590367598183006,-0.09727507204153195,0.25,-0.2156043895602086
4.8,7.315137859169764,-1.4462972782274712,-2.157729300910313,0.26481668000200703,-0.07404542547702568,0.25,-0.21589409849477598
4.9,7.3007674120030766,-1.4682938324345347,-2.165719952606471,0.2584350754220186,-0.07912783452610313,0.25,-0.20527858913482772
5.0,7.28616099975358,-1.4901444267576318,-2.17332622646536,0.26153407959758834,-0.07907971962904146,0.25,-0.20527858913482772
5.1,7.271529690614036,-1.5112167379627188,-2.1819633015535564,0.2534622019003244,-0.09444160972675304,0.25,-0.21046316844581384
5.2,7.257154246429274,-1.5319303273818805,-2.1927726840945945,0.24936575642276296,-0.09977538976052976,0.25,-0.21046316844581384
5.3,7.242621961118068,-1.552290202583111,-2.2021316017715518,0.2438528881787022,-0.09540930951318899,0.25,-0.21785186000966383
5.4,7.227945489657726,-1.5724264541499982,-2.211923343446741,0.24873005182106248,-0.0949404749815577,0.25,-0.2192833987149243
5.5,7.212927300875054,-1.5923969506935394,-2.221028002027082,0.2594554472604015,-0.07126245383145867,0.25,-0.2192833987149243
5.6,7.197745141631776,-1.6122108560119626,-2.231413526599056,0.2525830612072008,-0.11551914613716908,0.25,-0.20443716660620206
5.7,7.1820497379161194,-1.632250012031084,-2.2424627417311007,0.2587488524639218,-0.11523885002358751,0.25,-0.20636946619678032
5.8,7.171200161728319,-1.645763903463626,-2.2490587657682513,0.2497660281350636,-0.09202918349975475,0.25,-0.20636946619678032
5.9,7.1547116837266085,-1.6658805773407663,-2.258045052412092,0.2618831773874665,-0.08137409486002462,0.25,-0.19226779684831063
6.0,7.138176799540971,-1.6858097909613936,-2.267022710482987,0.251262466237737,-0.08505494624205655,0.25,-0.19226779684831063
6.1,7.121466124000794,-1.7056512855756376,-2.275316366841694,0.2569404583896139,-0.07909066579777181,0.25,-0.19283660336498712
6.2,7.104757489992291,-1.7254013172359992,-2.2832258046905114,0.24786289412002258,-0.07537596995482516,0.25,-0.1935815078844439
6.3,7.088015684113243,-1.7446727801817863,-2.2909540569961497,0.2479401104959331,-0.07745310924093643,0.25,-0.1935815078844439
6.4,7.0712849959452635,-1.7636035825259082,-2.299084372168616,0.2402340405920435,-0.08311870335221143,0.25,-0.1957754775797006
6.5,7.054797134469766,-1.7823664200082865,-2.307639798544095,0.24197225682194487,-0.0831324948883222,0.25,-0.1957754775797006
6.6,7.038120651756925,-1.8009855467882732,-2.316270784736672,0.2411640466654907,-0.08618757890857298,0.25,-0.1988278488552248
6.7,7.0211446517236915,-1.8194188565616767,-2.3251326044658205,0.24323402843028083,-0.0871258053729803,0.25,-0.20035536084597366
6.8,7.0037426693730245,-1.8377788671301993,-2.333932503167069,0.24770185544446616,-0.08774053035753647,0.25,-0.20035536084597366
6.9,6.985983452852922,-1.856486357209459,-2.342948234213234,0.2543106851679333,-0.08596881025718686,0.25,-0.19857544059868382
7.0,6.9678161856463765,-1.874965633767781,-2.3512358448148007,0.2604117429800646,-0.08346715025586325,0.25,-0.19857544059868382
7.1,6.949341881143361,-1.8932489301183912,-2.3602174683620962,0.2570017346752993,-0.0877354957325779,0.25,-0.21008922532821994
7.2,6.93064512281569,-1.9113530563981627,-2.369252740858618,0.2433424129994263,-0.09073526787111198,0.25,-0.20331204772430228
7.3,6.912277186390572,-1.9292904402481892,-2.3778447455413905,0.25415746662096966,-0.08191071897605308,0.25,-0.20331204772430228
7.4,6.899970996491901,-1.9410496348467556,-2.383511898108063,0.24631813008131434,-0.08295145432658921,0.25,-0.20257210706094408
7.5,6.881390145020583,-1.9586177149324484,-2.391934919445833,0.2540207198349623,-0.08522584616389657,0.25,-0.2146556834371293
7.6,6.862902180183442,-1.97575807608045,-2.40217464474333,0.25203621174510604,-0.10043911886382509,0.25,-0.2146556834371293
7.7,6.844693534825663,-1.992705967551446,-2.4113160082435936,0.23858151503964514,-0.09012223287551555,0.25,-0.21538378774004885
7.8,6.826411882066528,-2.009470374946392,-2.4204045809852244,0.24377501536966864,-0.08687500721383433,0.25,-0.21538378774004885
7.9,6.80732056910711,-2.0262039251193578,-2.4299090421220098,0.251239015096744,-0.10123902410797293,0.25,-0.21466319755936453
8.0,6.787873318123234,-2.04281075108928,-2.44009576810095,0.2571225946616908,-0.09812164321016734,0.25,-0.2137456702983258
8.1,6.768270885548857,-2.0594080731478326,-2.4493358316930705,0.25679784171416886,-0.09695652661083864,0.25,-0.2137456702983258
8.2,6.748187508201822,-2.0758615348809757,-2.458402335849721,0.2591775786341831,-0.08391377011682619,0.25,-0.21177060864709563
8.3,6.727840972796404,-2.0920623242806697,-2.467022549785236,0.25626448375551975,-0.08203221071913158,0.25,-0.21177060864709563
8.4,6.707756025602298,-2.107975197619092,-2.4752834646462247,0.25283998954756115,-0.08700230822717042,0.25,-0.20930409783056186
8.5,6.687646222676235,-2.1238278947958404,-2.484571214853443,0.24520269469573694,-0.09112330553087496,0.25,-0.21154622918776095
8.6,6.667427596725873,-2.139395499157942,-2.493964001396298,0.25604167319309923,-0.1006204314277705,0.25,-0.21154622918776095
8.7,6.647035856746297,-2.154667487660632,-2.503283675411519,0.24934062552202696,-0.09331535136972931,0.25,-0.20958089369094252
8.8,6.626963850240279,-2.1696244838125596,-2.511738733125631,0.24751328861355157,-0.08203230995378819,0.25,-0.20958089369094252
8.9,6.606824357253409,-2.184491143358275,-2.5200428275268134,0.25178044779937725,-0.08514457259813915,0.25,-0.20730861384139349
9.0,6.586041775985231,-2.199279535411047,-2.5290678466402747,0.24398290985729357,-0.08804377722045795,0.25,-0.29576290793383675
9.1,6.572108119390618,-2.20904826245469,-2.5370586600357186,0.23360024860019998,-0.13583771479226323,0.25,-0.29576290793383675
9.2,6.550839769852358,-2.223350417536641,-2.5531275601336776,0.24882311026179735,-0.1756894551793184,0.25,-0.31639614304754116
9.3,6.529320104929167,-2.237589700053014,-2.5715535735350836,0.2672653265826495,-0.16295499266881305,0.25,-0.1502964205982573
9.4,6.507916065003555,-2.2513081798260965,-2.581892890544844,0.25513551341165885,-0.06759492182450644,0.25,-0.1502964205982573
9.5,6.486378605944744,-2.264789082414888,-2.588106583555104,0.24912025422680215,-0.05663234993998497,0.25,-0.2009756810283139
9.6,6.464673541621964,-2.2781609225338335,-2.595377979859016,0.24933960326163757,-0.07782401921493177,0.25,-0.2009756810283139
9.7,6.442834945446314,-2.2913636765131815,-2.6027856031415353,0.25053935240049086,-0.07568146586781242,0.25,-0.1964614057961911
9.8,6.4209443000615245,-2.304432854111331,-2.610363465065099,0.25372665991045396,-0.07927570182670964,0.25,-0.18930606101417355
9.9,6.398812146320749,-2.3173497254414888,-2.6187688898990276,0.24309842416587835,-0.08763063235254721,0.25,-0.18930606101417355
10.0,6.376508290016989,-2.330039747125269,-2.6284513975991475,0.2557929922973082,-0.10947904098235917,0.25,-0.15822585482294543
10.1,6.354229150112628,-2.3425833378147027,-2.6386041200732504,0.25197727683176335,-0.05964429996562705,0.25,-0.15822585482294543
10.2,6.33200833981468,-2.354850763529133,-2.6445291985686907,0.250977573895915,-0.061273552251893924,0.25,-0.17294253150743222
10.3,6.309708269573842,-2.3669780475986895,-2.6508418727979444,0.2485312176804,-0.06271590605327013,0.25,-0.17294253150743222
10.4,6.287348989092973,-2.37892392180131,-2.657362156257256,0.24857985986758088,-0.06112283100875821,0.25,-0.16006712272578552
10.5,6.265003996708943,-2.3906294060144884,-2.6641608639046255,0.2507940800842729,-0.0628164271131465,0.25,-0.18369448393256022
10.6,6.242602810963447,-2.4022460871312945,-2.671371068082635,0.2572189774113219,-0.06080596503602054,0.25,-0.18369448393256022
10.7,6.22742353832363,-2.4099313098914843,-2.675690493170978,0.24991796194399468,-0.06438934406039518,0.25,-0.19033323463236157
10.8,6.204675300207065,-2.421361456582827,-2.682248941244957,0.2507424256620028,-0.06410491275977029,0.25,-0.19033323463236157
10.9,6.181801457517431,-2.4326166552599378,-2.688694209854865,0.24598148853955848,-0.060152283166621745,0.25,-0.18433283787652854
11.0,6.158759714127251,-2.4437657387499994,-2.69589411163715,0.25723731618565804,-0.07369450455272124,0.25,-0.17659533992755536
11.1,6.13535964316336,-2.4549746380106368,-2.703600230095331,0.2560532919109263,-0.07781673508015607,0.25,-0.17659533992755536
11.2,6.111873452848576,-2.466087473346291,-2.711172254477344,0.2473885126159045,-0.07634580422886193,0.25,-0.18997451227059606
11.3,6.088707207609391,-2.4766728495243515,-2.7177456026380695,0.24875494926041652,-0.06488058073121257,0.25,-0.18997451227059606
11.4,6.065660051147936,-2.4870833772787275,-2.7242094773409566,0.24274951188618932,-0.06268861682113089,0.25,-0.18655747260653283
11.5,6.042545339701843,-2.497323428961644,-2.730730128114101,0.243360158787072,-0.08299156504795109,0.25,-0.18655747260653283
11.6,6.0195153778569574,-2.507251033849472,-2.738921337601854,0.249358549311563,-0.08028876839760597,0.25,-0.1930125473216292
11.7,5.996392305063358,-2.5169901832480552,-2.7473187968194965,0.2501907833536641,-0.07926960226578794,0.25,-0.19099578257441338
11.8,5.972993577688509,-2.526717885775308,-2.7551568792715226,0.249945845634822,-0.06143542581592475,0.25,-0.19099578257441338
11.9,5.949290546810827,-2.536276687353882,-2.7613842018783816,0.24787854707352153,-0.06120288986054213,0.25,-0.18793103374983972
12.0,5.925615742768551,-2.545697284665232,-2.767632022123834,0.24736223266844629,-0.0597663161759974,0.25,-0.18793103374983972
12.1,5.901571253024245,-2.5551095621729254,-2.7744795918849383,0.25733101248780127,-0.07742993607635727,0.25,-0.21354358966633427
12.2,5.877300625084566,-2.564636389449482,-2.7834971788024636,0.2597186043961516,-0.0975043361198737,0.25,-0.21354358966633427
12.3,5.852853461662958,-2.5737693881416623,-2.7936131931068746,0.24613207936376202,-0.10428704047999779,0.25,-0.2161209566956354
12.4,5.836672661230648,-2.5796149804245907,-2.800706497760401,0.25204610217548873,-0.11586924447021414,0.25,-0.2161209566956354
12.5,5.812490906468867,-2.588134917295582,-2.809786943345325,0.2582455607805122,-0.06305492537983676,0.25,-0.22228921750017544
12.6,5.78857558054367,-2.5963606302278537,-2.8165911109349673,0.23877100102618257,-0.06291900502111107,0.25,-0.22228921750017544
12.7,5.765046058429351,-2.6043588553667734,-2.8243492559826318,0.2418493854378953,-0.07726593372263574,0.25,-0.21971328616693997
12.8,5.7412628675743225,-2.612142108134671,-2.8344288347861952,0.23823048979547462,-0.10312442913073867,0.25,-0.22923337437529742
12.9,5.717297407586025,-2.6196599460138414,-2.84475279927005,0.25838635689700634,-0.10145550661596205,0.25,-0.22923337437529742
13.0,5.6930413944430525,-2.6269540833232536,-2.855882763378888,0.24714089687140087,-0.09141886944188986,0.25,-0.22832048489831908
13.1,5.6684855207104645,-2.6341086409875065,-2.863101134133619,0.2487652605410903,-0.06697497333909296,0.25,-0.22832048489831908
13.2,5.643222057874043,-2.641182748086031,-2.8694558046025644,0.2643867320391813,-0.05546732856163344,0.25,-0.22561533184134086
13.3,5.617533537590705,-2.6481128640026763,-2.8752398686504925,0.2633860684110449,-0.0613935205718755,0.25,-0.22561533184134086
13.4,5.592211665771426,-2.6549753289801337,-2.8826807098977256,0.2528131218155112,-0.10357550621246091,0.25,-0.23111033914992724
13.5,5.566969668137114,-2.6616221032770175,-2.892877814407762,0.25286632106667456,-0.0965636214439443,0.25,-0.23111033914992724
13.6,5.541998501684464,-2.667896003240865,-2.9027662028349446,0.2448545358400468,-0.10842573540221831,0.25,-0.22792384306923608
13.7,5.517530190161099,-2.673842180052713,-2.9158336557022384,0.24278897421099124,-0.14014285056711034,0.25,-0.22622878184644082
13.8,5.493283972206435,-2.679545440170026,-2.9254486847139143,0.23905900637202215,-0.07778396243232365,0.25,-0.22622878184644082
13.9,5.469179696109692,-2.684942777256838,-2.931467406307453,0.2501076769149198,-0.05392189758859752,0.25,-0.21205757685766644
14.0,5.453264178586237,-2.6884335995019883,-2.9346412606075267,0.25139034256020754,-0.04683716028830819,0.25,-0.21205757685766644
14.1,5.429011566887183,-2.6935164020354505,-2.940829329679049,0.2395002119995964,-0.06895575384653595,0.25,-0.20780316925777043
14.2,5.404110559784439,-2.6985676038333635,-2.9493958767376864,0.25109194155344106,-0.08637957468500669,0.25,-0.21207513564620767
14.3,5.378670862154558,-2.7034237581181584,-2.9578093031623003,0.2598154667647563,-0.07740457831700735,0.25,-0.21207513564620767
14.4,5.352723159125964,-2.7080749794192944,-2.963718832664819,0.2644870399283047,-0.042642458708601214,0.25,-0.2087875310287548
14.5,5.326641190574094,-2.712600659326344,-2.967988131277248,0.25391780095889344,-0.044040939838908805,0.25,-0.2087875310287548
14.6,5.300532701557613,-2.7170421638095044,-2.9724442413600767,0.2552542348942317,-0.04986819963123783,0.25,-0.20945335000160004
14.7,5.2751316661920535,-2.7214072881349276,-2.979071013051376,0.253890004059125,-0.07998073150176663,0.25,-0.21249553913559133
14.8,5.249874589373559,-2.7256949825539696,-2.9882893362775818,0.24404069186290897,-0.09666726677922931,0.25,-0.21249553913559133
14.9,5.224958259705184,-2.7295754276054507,-2.997266755092067,0.24079083352806688,-0.06818897070794498,0.25,-0.21250843591089658
15.0,5.20020447698109,-2.733120365153928,-3.003444952289825,0.2600708135972472,-0.061694457396568335,0.25,-0.21250843591089658
15.1,5.175530455431602,-2.7365653630335993,-3.009924565187155,0.24589748823798308,-0.05927010137528904,0.25,-0.20454342153839503
15.2,5.150864454022806,-2.739895233972952,-3.014917348199039,0.240087646517793,-0.044037100074273965,0.25,-0.20454342153839503
15.3,5.125613169961932,-2.743044608927379,-3.0202062975892283,0.26151225596942296,-0.06147038036630682,0.25,-0.19081837150226127
15.4,5.100017495683146,-2.746076196435307,-3.027307554812151,0.2514958259735161,-0.07843219669641355,0.25,-0.18106809647907696
15.5,5.074211251351256,-2.748942499142386,-3.033629490683215,0.2573375790102491,-0.04527963832394129,0.25,-0.18106809647907696
15.6,5.048085206830948,-2.7517078180343226,-3.037140672212336,0.26136582298586986,-0.03114285686637627,0.25,-0.1687296361461371
15.7,5.0307589266536965,-2.7534984051319804,-3.039625190377372,0.2462388768176428,-0.047986579671325406,0.25,-0.1687296361461371
15.8,5.005246968988513,-2.756065249328828,-3.045433330916803,0.2482001503714875,-0.07149653221844307,0.25,-0.1635508798505417
15.9,4.979859136517133,-2.7584731627348638,-3.0524971145356976,0.2521996858746368,-0.07127725486880403,0.25,-0.15861710979861338
16.0,4.954483098496438,-2.7607003265225245,-3.0589286896273644,0.25478822301928655,-0.06702094553862556,0.25,-0.15861710979861338
16.1,4.929313196107165,-2.7628272394572253,-3.0649218294908,0.2505244065974645,-0.040814199108230975,0.25,-0.14340809910801997
16.2,4.904252146900865,-2.7647257368311955,-3.068608868212242,0.24183502615477612,-0.03812879642631543,0.25,-0.14340809910801997
16.3,4.879169662302876,-2.766573650705151,-3.072322470884151,0.2522391255843261,-0.03809895653346613,0.25,-0.1358452911008164
16.4,4.853729098015445,-2.768289848635185,-3.076101570864885,0.24688615625519997,-0.03900355250361038,0.25,-0.12796802989068182
16.5,4.828229720585409,-2.769909943626393,-3.0800415026009587,0.25060760868214343,-0.0383664482756908,0.25,-0.12796802989068182
16.6,4.802652385040108,-2.771467295359158,-3.0847932334988855,0.24564097470190774,-0.04305417260864366,0.25,-0.11988324842242651
16.7,4.776856059338348,-2.7729531702231185,-3.0879693769090206,0.24639255409782193,-0.02630408615570672,0.25,-0.11988324842242651
16.8,4.751097188713145,-2.7743300332176877,-3.09092479561047,0.2551391533647764,-0.027404431860473793,0.25,-0.11601207059663377
16.9,4.725594502706126,-2.7756498239506433,-3.0944049664925553,0.24440257936465348,-0.03904585469850343,0.25,-0.10764131824071145
17.0,4.700148366090299,-2.7768203706243213,-3.0981579161635615,0.2501335029402836,-0.031141082545509142,0.25,-0.10764131824071145
17.1,4.674702777422193,-2.7778810803957175,-3.101612103011146,0.2464255926986582,-0.03424473711350725,0.25,-0.0999780097437541
17.2,4.6492777100257285,-2.7788851009166966,-3.1049817708801744,0.24886557459189354,-0.029477109340867492,0.25,-0.0999780097437541
17.3,4.632431943097465,-2.779480955493419,-3.1065389805101304,0.24447955797082507,-0.0188484725567383,0.25,-0.0962619471888357
17.4,4.607166610481389,-2.780343021401277,-3.1088759241144888,0.250541147676927,-0.020411618054122078,0.25,-0.08891505293742238
17.5,4.581665273062082,-2.781164907584466,-3.110774503707853,0.2543760554267543,-0.01999599316334881,0.25,-0.08891505293742238
17.6,4.556174924642653,-2.78194892926503,-3.1128316730347154,0.24719879091362673,-0.01852478151850921,0.25,-0.08224165488921198
17.7,4.530673828159311,-2.7826658959447124,-3.1150370621128873,0.2496120613064356,-0.016402036021423448,0.25,-0.08224165488921198
17.8,4.505092249503338,-2.783326580434754,-3.1171065554017745,0.25271169499535057,-0.01691638781842323,0.25,-0.0814406747702863
17.9,4.47937030913509,-2.783957408555373,-3.1187880016924208,0.2536756292279278,-0.019622094501676225,0.25,-0.07692875567299129
18.0,4.453834977330646,-2.784543336094547,-3.1208741009219043,0.25039669602442094,-0.02053237627966031,0.25,-0.07692875567299129
18.1,4.428337041017073,-2.785063163317896,-3.1231768254176537,0.25253941725973433,-0.027966783263221925,0.25,-0.072256305523613
18.2,4.4028300860542675,-2.7855210046768346,-3.1257999179938776,0.25052436514079834,-0.023649389024261114,0.25,-0.072256305523613
18.3,4.377343103431776,-2.7859014494313863,-3.1281401189099878,0.2503173820908414,-0.019893663352218937,0.25,-0.06766456756462376
18.4,4.3518987406494185,-2.7862403659617714,-3.1300450833063516,0.24944763557613656,-0.01662641861368777,0.25,-0.06766456756462376
18.5,4.3264519366824485,-2.7865178037702067,-3.131535941150221,0.2510375189213629,-0.012595818598345845,0.25,-0.06449147168394807
18.6,4.300917395638791,-2.7867572942622165,-3.1328775913114946,0.24924034689413696,-0.014244318264000395,0.25,-0.056743748151973125
18.7,4.275407283126213,-2.786959828033971,-3.134361760050558,0.24833991230197083,-0.015582804441858595,0.25,-0.056743748151973125
18.8,4.24991208661774,-2.787133410775358,-3.1361287353522793,0.24819779824226096,-0.017612317825722017,0.25,-0.05414395167383179
18.9,4.2243781917655845,-2.7872672453012504,-3.137590760509407,0.252149998626531,-0.014254715866785287,0.25,-0.05414395167383179
19.0,4.207331831809532,-2.7873485740836625,-3.1384575456229395,0.24976954447206723,-0.012786584704338511,0.25,-0.05065699536974478
19.1,4.181769430799885,-2.787431782118481,-3.139683215389059,0.24935265682721305,-0.013143481540270098,0.25,-0.049806496144464474
19.2,4.156262302019221,-2.787475155990428,-3.1410274778433793,0.24955132542077169,-0.012731504590027226,0.25,-0.049806496144464474
19.3,4.130766208145271,-2.7874770578761496,3.140961057673909,0.25215399482805095,-0.01225157693657135,0.25,-0.04417771301555046
19.4,4.105275279620986,-2.7874452716515927,3.1394841506310307,0.2503462922565721,-0.013696292009066833,0.25,-0.04417771301555046
19.5,4.079785332936346,-2.787383803312953,3.1380238500577424,0.2511464490480124,-0.015510827500578236,0.25,-0.03907224547462969
19.6,4.054351084646279,-2.78727300765115,3.1370875756219276,0.24823664398758705,-0.008141780389523649,0.25,-0.03754243533067261
19.7,4.028826490028708,-2.7871409073277187,3.1363409438801533,0.24795811983891786,-0.007353783447122284,0.25,-0.03754243533067261
19.8,4.003312501986693,-2.786998289256147,3.1355652734980093,0.2499127742977225,-0.008945846710881519,0.25,-0.03475317012320471
19.9,3.977802114393929,-2.786845772211962,3.1347416666721424,0.249210129498536,-0.0073876218157962244,0.25,-0.03475317012320471
20.0,3.952290807192102,-2.7866631441543857,3.133820115711951,0.25188306057938253,-0.008468345157920802,0.25,-0.03273629003051014
20.1,3.926779194559678,-2.7864505862868283,3.1329748175522534,0.2511059461140112,-0.006796795935030397,0.25,-0.030680736207884272
20.2,3.901284306228916,-2.7862192995823167,3.132219264084264,0.2497984741923655,-0.006173458226759906,0.25,-0.030680736207884272
20.3,3.875778199663766,-2.785980119241339,3.1314984484885136,0.25055553384650975,-0.007324599986039766,0.25,-0.02629584066919466
20.4,3.850267115706179,-2.7857181849233794,3.130867618558277,0.25015238277543295,-0.006216933015047111,0.25,-0.02629584066919466
20.5,3.824767107744528,-2.785433468706866,3.1300323178493583,0.24891103782759882,-0.008428002847806487,0.25,-0.025546177618349306
20.6,3.8077573980619963,-2.7852379556215623,3.1294680096247567,0.2504849855601732,-0.006273226299249037,0.25,-0.025546177618349306
20.7,3.7822631931168336,-2.784916873474267,3.1287725190212323,0.24860388068279513,-0.004069396955108941,0.25,-0.022855983648007394
20.8,3.7567619459961303,-2.7845857144298707,3.1283820899989037,0.2513622884237753,-0.0041446413147518376,0.25,-0.020189256852086016
20.9,3.731240469402367,-2.784240600997989,3.1279515874680666,0.24885746195130293,-0.004256038759130895,0.25,-0.020189256852086016
21.0,3.7057286471777493,-2.7838886892743093,3.1275340039879995,0.25116737213551243,-0.0045560423154798625,0.25,-0.017855759204716624
21.1,3.6802271996361786,-2.7835272135011855,3.127061754738377,0.24899897947756072,-0.007139899648980905,0.25,-0.017855759204716624
21.2,3.654724709128446,-2.7831524733453166,3.126577531282098,0.24999776033442475,-0.006082909919788503,0.25,-0.015544926755115923
21.3,3.6292345295879866,-2.782770878663665,3.126065612539817,0.2502732212000104,-0.0034332380628938246,0.25,-0.015544926755115923
21.4,3.603734173628081,-2.7823766173721993,3.1258494852235144,0.2507881884201538,-0.002864704339289769,0.25,-0.014332420759624223
21.5,3.5782234122635628,-2.7819688487545364,3.1255628680652214,0.250819464126542,-0.003791195559560311,0.25,-0.014332420759624223
21.6,3.5527188443951347,-2.7815605912362713,3.125218451962738,0.25069944222802604,-0.0013524115824129297,0.25,-0.01078747607576671
21.7,3.527217663396913,-2.7811403002740596,3.124787536851894,0.2500973121923159,-0.00502995004057754,0.25,-0.009147333267021558
21.8,3.501721787153053,-2.7807096958538158,3.1244546097928625,0.249523216815034,-0.0014528405713747096,0.25,-0.009147333267021558
21.9,3.4762162778254626,-2.780269210985815,3.124338823111237,0.24991314740875278,0.0008219967428771096,0.25,-0.0067378398796568185
22.0,3.450699770519891,-2.7798282743705522,3.124305194922628,0.24970538191060807,-0.0008848685600511309,0.25,-0.0067378398796568185
22.1,3.425190715035401,-2.7793848484025854,3.1242172799176338,0.24997587252715622,-0.0014659561250836963,0.25,-0.0055807779152324405
22.2,3.3996854369097416,-2.7789396687551022,3.1240553092970638,0.24964881953692872,-0.0017007862833407815,0.25,-0.004983142371990153
22.3,3.3826820612469723,-2.7786456013546266,3.12393896107663,0.2500135317639836,-0.0014227479781723283,0.25,-0.004983142371990153
22.4,3.3571887487981384,-2.778192360225975,3.1237612528761654,0.24989918676510237,-0.0015649440256473072,0.25,-0.004236574699212097
22.5,3.331688766875924,-2.7777380586272904,3.123718277166821,0.24995099452881706,0.0006022245421244776,0.25,-0.004236574699212097
22.6,3.306178512512137,-2.7772843513190923,3.1238171860622943,0.2502701959735708,0.0011122585084644596,0.25,-0.0037998170689299933
22.7,3.2806703727315263,-2.7768299445678615,3.123807200288891,0.25042632908474555,9.677630488728177e-05,0.25,-0.0025221696633360973
22.8,3.2551652594197154,-2.776376962971652,3.123753090263785,0.2501797915190734,-0.0017956301176129887,0.25,-0.0025221696633360973
22.9,3.229661359177525,-2.775916215976629,3.1233748993862993,0.24988380645318853,-0.0007979827366521108,0.25,-0.0016226189861518123
23.0,3.204159693166254,-2.7754500912789744,3.1233317554017432,0.2501702446613372,-0.00019724386367479325,0.25,-0.0016226189861518123
23.1,3.1786547553543913,-2.774984980474972,3.1233859016506695,0.25008456681555874,0.0009750599016365415,0.25,0.00047383469385159187
23.2,3.1531483107332368,-2.7745219342220664,3.123451777219197,0.25005005425784205,0.0001032258911230376,0.25,0.00047383469385159187
23.3,3.1276429814663773,-2.7740585066360506,3.1234195006066847,0.25022132244710316,-0.0012688735239922038,0.25,0.0014200825796104911
23.4,3.102138909189382,-2.7735954407436116,3.123280459057276,0.2501501893244177,-0.0011802047869385963,0.25,0.0036195698840878017
23.5,3.076637935049983,-2.7731274781857813,3.123298095763724,0.2502049891923604,0.0003200248727171033,0.25,0.0036195698840878017
23.6,3.051136748099578,-2.7726597576854597,3.123437227799939,0.2501091802676622,0.0014009197038084321,0.25,0.004576014505212724
23.7,3.0256331646348964,-2.7722003801110984,3.1236817723291743,0.25020971215334953,0.0032764299297436995,0.25,0.004576014505212724
23.8,3.0001274065848067,-2.771742975897002,3.1238823393429844,0.25034730267669536,0.0011003514007480433,0.25,0.004675448782549357
23.9,2.9831223687183672,-2.7714464220584594,3.123923475948986,0.24986429537455396,-0.00023162383547811318,0.25,0.004389115604051828
24.0,2.957617972163635,-2.7709945818885937,3.1239046567548012,0.24981850739661712,-0.0014737779996164561,0.25,0.004389115604051828
24.1,2.932114083455406,-2.7705399007507947,3.1238745623109208,0.2497543741882433,0.0008318339004601065,0.25,0.0062604357095461605
24.2,2.9066193386399943,-2.7700927465476273,3.1240249043417334,0.25035415756061885,0.0019062525596120529,0.25,0.0062604357095461605
24.3,2.8811249617685997,-2.769651293485429,3.1242113234912328,0.25049010231433394,0.002085656621024974,0.25,0.00739464154408755
24.4,2.8556212190649592,-2.769212703279599,3.1244308340889417,0.24959822321725242,0.001140746016101544,0.25,0.008029282377540359
24.5,2.8301210008861832,-2.768774512765111,3.1245467923488257,0.2503126547034537,0.0014316951677890524,0.25,0.008029282377540359
24.6,2.8046204997796225,-2.768341128781846,3.1246739927328298,0.2498034657837919,0.0015001645468885685,0.25,0.00756040544246312
24.7,2.779116237375201,-2.7679055593615294,3.124824727512144,0.2503064551307106,0.0034912422271134334,0.25,0.00756040544246312
24.8,2.7536142738291796,-2.767483393830263,3.1251772055658416,0.2498764881840826,0.003174998962796416,0.25,0.008209255063103289
24.9,2.728109330700156,-2.7670663712619596,3.125532307968284,0.2502184250904541,0.002850762608609399,0.25,0.008132822856457105
25.0,2.702603001965672,-2.7666611055184815,3.1257207927602044,0.2500344486572364,0.0016287718782609277,0.25,0.008132822856457105
25.1,2.6770939077266025,-2.7662600025907427,3.1258231953972606,0.2496763423970672,0.00028657891847346076,0.25,0.008546789858004403
25.2,2.651590368415542,-2.765859121560602,3.1259710287760556,0.2505520086423155,0.002474529657371553,0.25,0.008546789858004403
25.3,2.626092822362083,-2.7654677975672226,3.1262180091168563,0.2503708270982302,0.0025513985055848776,0.25,0.008511663193798842
25.4,2.600594364754598,-2.765080997781903,3.1264476946455977,0.2501507626178515,0.002379871403359391,0.25,0.009196054230209166
25.5,2.5750891751965588,-2.7646965157163974,3.126687166260152,0.25056218923572604,0.0015779325396592147,0.25,0.009196054230209166
25.6,2.5580838129784444,-2.7644437082877324,3.126781136454564,0.2500349649660617,0.0015135493972240224,0.25,0.010310301579928335
25.7,2.5325781597106927,-2.764066795075837,3.1269375333202922,0.25017780470125695,0.0015349566718450005,0.25,0.010310301579928335
25.8,2.5070710932925966,-2.763692818145993,3.127150563120856,0.25082568078917794,0.0022632057935274173,0.25,0.010830578840927124
25.9,2.481564781562555,-2.763322229331137,3.1274849622819065,0.24980767453750163,0.0031452839099270053,0.25,0.010696392102214168
26.0,2.4560590608357282,-2.7629685777342425,3.1280383851393445,0.2497643798686274,0.006038197186045925,0.25,0.010696392102214168
26.1,2.4305550202810324,-2.762627377033769,3.128344443541056,0.2502720151205676,0.0030707130243687155,0.25,0.011448048897636646
26.2,2.4050456680246124,-2.7622923472932683,3.128512151210517,0.249588753854524,0.0011859781555263497,0.25,0.011544456574694988
26.3,2.3795451232947955,-2.7619574228219403,3.1286948813631046,0.2500572035152394,0.0028297823808805032,0.25,0.011544456574694988
26.4,2.354043241608179,-2.7616316547163824,3.1290144768643344,0.25078584616623667,0.0028711527275564848,0.25,0.011895833793598569
26.5,2.3285414160376856,-2.7613155194413705,3.129494296338408,0.24911769370463624,0.004178514976979187,0.25,0.011895833793598569
26.6,2.3030380154212695,-2.761009960757345,3.1298093174422226,0.25069876316980566,0.0019089211642479133,0.25,0.011624991745243266
26.7,2.2775315455055773,-2.76070939714555,3.130028219478831,0.24946139144529667,0.0019845892064575123,0.25,0.01087923712788986
26.8,2.252025853469546,-2.760415488995699,3.130199166712652,0.250673574307168,0.002093407015977992,0.25,0.01087923712788986
26.9,2.2265252112186613,-2.760128001832119,3.1304108842075804,0.24993991984970165,0.0020658409623830845,0.25,0.010484921927245988
27.0,2.201019753743597,-2.7598462933234456,3.1308909522468307,0.24979838920750047,0.009571545594224936,0.25,0.010484921927245988
27.1,2.1755123444816316,-2.759574799664453,3.131301837249015,0.25018440784088886,0.0030519062054034504,0.25,0.009990751873357451
27.2,2.1585071701406693,-2.759399213967171,3.1314907561973726,0.25064809751632827,0.002502142675453279,0.25,0.009519388929502041
27.3,2.1329931496451446,-2.7591514568775133,3.1316336190951217,0.2500815310304157,6.290140262308392e-05,0.25,0.009519388929502041
27.4,2.1074840294375936,-2.7588977768382206,3.131644600542775,0.2503969852019377,0.00018752929920818267,0.25,0.008861423613492379
27.5,2.0819726924770947,-2.75864466122614,3.1318345470582054,0.25038029829492614,0.00440440251756918,0.25,0.008861423613492379
27.6,2.0564708443623405,-2.7584013963756733,3.13218479759527,0.24999119211876641,0.0033954373159226434,0.25,0.009886354208175525
27.7,2.0309663587254905,-2.7581620436828813,3.1325473210837296,0.25045475299263686,0.0026135997272215606,0.25,0.010420066135348585
27.8,2.005465322173643,-2.757931811325349,3.132792024595324,0.2501250095951779,0.0013961518065029087,0.25,0.010420066135348585
27.9,1.979954507781796,-2.7577086928298304,3.1329093787099214,0.2503494255466166,0.001963504821505711,0.25,0.008285650926400585
28.0,1.9544531189007242,-2.7574874231984254,3.1330522145906152,0.2502642127363432,0.0022027141399013303,0.25,0.008285650926400585
28.1,1.9289460503077271,-2.7572732052066304,3.1332377273773853,0.25054981911605134,0.004220310413743758,0.25,0.008850422728311762
28.2,1.9034416597690431,-2.75706501023952,3.1336398754553048,0.2497816819938398,0.003162745812596095,0.25,0.008850422728311762
28.3,1.877935293745072,-2.7568688777943042,3.13400276302609,0.2499148268924241,0.0016102823189861695,0.25,0.008238548207259038
28.4,1.852421753232049,-2.756683178569057,3.1341175283581255,0.250075196990909,0.00013532893928469428,0.25,0.007569201611717688
28.5,1.8269126350136713,-2.75649274004328,3.134123348719276,0.25005858567127914,3.63218781843467e-05,0.25,0.007569201611717688
28.6,1.8014022452134855,-2.75630081313503,3.1342665172356967,0.2504344413636829,0.0033149689140792725,0.25,0.006566451880810984
28.7,1.7758987780858602,-2.756119512892904,3.1345261674308325,0.24968867287979055,0.0017205812316970356,0.25,0.006566451880810984
28.8,1.7503933194977361,-2.755943774935363,3.1347341249387006,0.25006010628915215,0.0026962574123246966,0.25,0.0067933451548962895
28.9,1.733387163514914,-2.7558287651020503,3.1348418165452987,0.2503625843837604,0.0011015560603492684,0.25,0.0046517178990384475
29.0,1.707875105656883,-2.7556575995809087,3.134892736035247,0.2499865922261941,-0.00023480379144625655,0.25,0.0046517178990384475
29.1,1.6823662732526954,-2.755488077722191,3.134922648747815,0.25032785363650106,0.0009034042947428355,0.25,0.004062586161889901
29.2,1.6568656475807917,-2.7553175893319968,3.13501320876778,0.24991806834043587,0.0009543926810335001,0.25,0.004062586161889901
29.3,1.6313607141162674,-2.755151717078912,3.135241373004893,0.250094144053695,0.0024255831420299137,0.25,0.003578893766068951
29.4,1.6058518981309502,-2.754990674001295,3.13544917610965,0.2503197380719073,-0.00044967522501671475,0.25,0.0013149569187696532
29.5,1.5803409539654432,-2.754838272147189,3.1354548623140848,0.2500966583058772,-0.001411230202267858,0.25,0.0013149569187696532
29.6,1.5548331851869597,-2.7546803617143127,3.135334693345723,0.2499890436026208,-0.001983958565553236,0.25,0.0006151433260059673
29.7,1.5293281814138207,-2.7545174894631477,3.135125360427511,0.2500553937635012,6.448225511629866e-05,0.25,-0.0012233283058387806
29.8,1.5038202866343002,-2.7543506962277595,3.135171991095627,0.25022774281753873,0.0006572966626382653,0.25,-0.0012233283058387806
29.9,1.478311830924076,-2.754188817531092,3.1352904125383563,0.24973621670885549,0.0001858109927046186,0.25,-0.0057689472104031705
30.0,1.4528031854616215,-2.7540263621950523,3.135197584347205,0.25009278526821543,-0.001439557954568654,0.25,-0.0057689472104031705
30.1,1.4272927327841058,-2.753863689446916,3.1349741455259936,0.2498395172298616,-0.0019520182149902051,0.25,-0.004831268909758157
30.2,1.4017878609876624,-2.7536931061934085,3.1348128521626166,0.2503237245155041,-0.0017308849021412545,0.25,-0.004831268909758157
30.3,1.3762712346757726,-2.7535212248980114,3.1344234379067926,0.24994311061925586,-0.00594450274457702,0.25,-0.02191231090061413
30.4,1.3507632034825443,-2.75332977698689,3.134060175447527,0.2503420066811838,-0.003375636365956254,0.25,-0.026881855976669575
30.5,1.333757784524942,-2.75320172502718,3.133686458932008,0.24907797475643284,-0.005805108097669279,0.25,-0.026881855976669575
30.6,1.308243433832944,-2.752993145502549,3.133083678853961,0.2505033713649351,-0.0075679373118275614,0.25,-0.029203520953714222
30.7,1.2827365941052238,-2.7527754956354196,3.132317944308186,0.2513959759169192,-0.008173652440706707,0.25,-0.029203520953714222
30.8,1.2572405132660749,-2.7525318922130233,3.131567159729496,0.24973242924493164,-0.009886005610104543,0.25,-0.026882315318941072
30.9,1.2317505825418773,-2.7522586808455465,3.1308296238207642,0.25082777695986624,-0.0052678567006287915,0.25,-0.030986070343909856
31.0,1.2062432881330092,-2.7519774813795586,3.130271553238065,0.2489675720019187,-0.006398085319878042,0.25,-0.030986070343909856
31.1,1.1807295243048637,-2.7516816998200664,3.1296801689128158,0.2491849851316168,-0.005350351656510154,0.25,-0.03299841716652788
31.2,1.1552103316026991,-2.751374872699181,3.1289027849496964,0.25034310842724905,-0.006977586475984305,0.25,-0.03299841716652788
31.3,1.129702818317213,-2.7510375558822604,3.1279481033603047,0.25182594289723426,-0.01057861292834153,0.25,-0.04058487114643335
31.4,1.1041980882859297,-2.7506927494172047,3.1268255180849023,0.2490604420816177,-0.011274228806001346,0.25,-0.029460110408153058
31.5,1.0787417460030615,-2.750310739038271,3.1259843612315517,0.2498871364391382,-0.006160610897388726,0.25,-0.029460110408153058
31.6,1.0532489288342224,-2.7499127641216954,3.125317093569731,0.24993636273910375,-0.006948851207567296,0.25,-0.03191562164303419
31.7,1.0277351798197647,-2.749491914331011,3.124689130256714,0.25009429016629725,-0.005912759568169336,0.25,-0.03191562164303419
31.8,1.0022344721580032,-2.7490515820635175,3.1239264358846657,0.2517133124605955,-0.010972961063208872,0.25,-0.038306179833348955
31.9,0.9767230666527231,-2.7485839155529486,3.1225372606905606,0.25010100981286515,-0.012448013878173217,0.25,-0.037753515052249456
32.0,0.9512296805049719,-2.7480882198740675,3.1213214662310937,0.2509579036618195,-0.011352413609515019,0.25,-0.037753515052249456
32.1,0.9257212617728944,-2.747558965699186,3.120492364525283,0.25120573502382376,-0.0071062285546436175,0.25,-0.030790496271169157
32.2,0.9087052048176497,-2.7471908831048775,3.120070628796102,0.249236973269493,-0.005292570981714101,0.25,-0.030790496271169157
32.3,0.8831891150797816,-2.7466319873295704,3.1196726343569297,0.2498303548150798,-1.0989108263204722e-05,0.25,-0.0015918052843913108
32.4,0.8576841505466047,-2.7460723929125077,3.1195923986561764,0.25029041432328636,-0.00109389922737087,0.25,-0.043341947904952625
32.5,0.8321930891640721,-2.7455025064772687,3.118906056135703,0.2500500634053018,-0.009944269369646321,0.25,-0.043341947904952625
32.6,0.8067568436169655,-2.7449337626054082,3.1177315479890115,0.24976948535636675,-0.011688412399236391,0.25,-0.04030273527839215
32.7,0.7812753757820062,-2.7443182628113925,3.116676466315106,0.24976398201170236,-0.009938653007265316,0.25,-0.04030273527839215
32.8,0.7557690410728042,-2.7436678900394726,3.1156666861773217,0.2524364969412878,-0.010726506894190465,0.25,-0.04393304208616035
32.9,0.7302631628686,-2.7429970373488866,3.11467121812244,0.25019016610024947,-0.010657291086249762,0.25,-0.03769350812921037
33.0,0.7047643626860072,-2.742304066772243,3.1134794389136937,0.24995295359326708,-0.013389361079175408,0.25,-0.03769350812921037
33.1,0.6792439794003946,-2.7415755626874985,3.1123906084204878,0.24900438662368946,-0.00984590630996856,0.25,-0.05193572722549128
33.2,0.6536533008552096,-2.740808606869774,3.1111283507014535,0.24836710304354223,-0.011173620722463501,0.25,-0.05193572722549128
33.3,0.6281522146772422,-2.7400173941898376,3.110102473323675,0.2484872663346246,-0.009231742844614574,0.25,-0.053054998674472956
33.4,0.6026313971203842,-2.739199541194471,3.109093388745898,0.2512557383598916,-0.010666099598612115,0.25,-0.054230144927360203
33.5,0.5771159463691963,-2.7383682572346792,3.107832177887478,0.24692057687325436,-0.011853373360249107,0.25,-0.054230144927360203
33.6,0.5516325000985542,-2.737493630043701,3.1064024029210953,0.2481877268302421,-0.01772422201087343,0.25,-0.05478518706121347
33.7,0.5262357239603064,-2.7366016388534002,3.1047004132203697,0.24705567104351936,-0.01528198894516427,0.25,-0.05478518706121347
33.8,0.5092862510575755,-2.7359895004941164,3.103681092048795,0.24668972586199708,-0.013836910095984764,0.25,-0.05566360752203662
33.9,0.4837991499279826,-2.7350211492947243,3.102198340801481,0.24897346613183446,-0.014242247694421081,0.25,-0.05566360752203662
34.0,0.45830985194506796,-2.73400261556105,3.10058012122989,0.25278979868342394,-0.01597405650630755,0.25,-0.060932192789902515
34.1,0.4328194502605719,-2.7329381096864407,3.099073745368547,0.2468800750444953,-0.01240815338245766,0.25,-0.06073347267762952
34.2,0.40732207373176316,-2.7318506392704403,3.0972280680447986,0.2506034593350597,-0.020300460622832348,0.25,-0.06073347267762952
34.3,0.3817131986824648,-2.7306743138103573,3.095394602103756,0.25200326965025904,-0.01722459520248574,0.25,-0.06519063066344742
34.4,0.3561337849983376,-2.729474371739483,3.09373901575097,0.24833999521942093,-0.013987418379586685,0.25,-0.06519063066344742
34.5,0.3306939944518998,-2.7282764106173727,3.092486048445966,0.25303152961323827,-0.012723177702623278,0.25,-0.06713184787846721
34.6,0.30521878341428715,-2.7270175808751462,3.09121805314935,0.25199597239637406,-0.012343996106853277,0.25,-0.07710648641943187
34.7,0.2796818747188843,-2.725718978706498,3.089481024155887,0.24614759062259464,-0.022512363765447362,0.25,-0.07710648641943187
34.8,0.25435714577383556,-2.7244032746185614,3.0871728320642875,0.24846164825051664,-0.02513659414036007,0.25,-0.0926213855686901
34.9,0.22911019957017226,-2.723035329206548,3.084326012527552,0.24779934583381816,-0.02482372446725362,0.25,-0.0926213855686901
35.0,0.20363913763488076,-2.721542367002031,3.0818610737387453,0.2525240712360288,-0.023835350686642987,0.25,-0.08856985174148384
35.1,0.178126385590006,-2.7199843504976235,3.079269619260242,0.250985708657875,-0.027574274857414618,0.25,-0.09054316316979517
35.2,0.15268475153473698,-2.718388053263945,3.076626529138348,0.2510023373416674,-0.025547005754176223,0.25,-0.09054316316979517
35.3,0.127150812152129,-2.716704191853309,3.073551412401717,0.25218718125844114,-0.03143638541565586,0.25,-0.11663717179628726
35.4,0.1013680327739085,-2.714949477677399,3.0703533029481913,0.2518844224869851,-0.030921672670839152,0.25,-0.11663717179628726
35.5,0.08423992072610259,-2.7136900941371414,3.068195962834012,0.24797330957276276,-0.03464948105688367,0.25,-0.12606519725884283
35.6,0.05882111680887061,-2.7118058620578442,3.064883280494126,0.24392568454589067,-0.023951263711706493,0.25,-0.11568275286037652
35.7,0.033359208798095175,-2.709830700249317,3.0625611194825826,0.24756919458049229,-0.021393050259260325,0.25,-0.11568275286037652
35.8,0.007922003890594215,-2.7078015587070934,3.0601581689504322,0.24459060880637434,-0.02429946065919104,0.25,-0.1191224853050734
35.9,-0.01716964012536096,-2.7057267985657214,3.0573820128887466,0.24276441659925216,-0.030061546170823124,0.25,-0.11996933564700762
36.0,-0.04223048692952881,-2.7035979736130917,3.0542301397888094,0.24554687152174254,-0.032701625743062866,0.25,-0.11996933564700762
36.1,-0.06751023789876939,-2.7013584408098334,3.0499773991261057,0.2535533397302649,-0.03742627862430197,0.25,-0.14238498617585404
36.2,-0.09287582343433172,-2.698989795834609,3.0455223429479013,0.24677734431558043,-0.04412872070342399,0.25,-0.14238498617585404
36.3,-0.11820125864393304,-2.6965014703966586,3.040606904310969,0.24917970269706136,-0.04828653589342877,0.25,-0.14128859352306372
36.4,-0.1435282243921484,-2.693986931614677,3.0357288834198437,0.24998119723079132,-0.05957340390014144,0.25,-0.14128859352306372
36.5,-0.16924517776154155,-2.6911773508931485,3.0315725482767766,0.2588598899951977,-0.03381196371197034,0.25,-0.1515888757863212
36.6,-0.1951994600509963,-2.688291933170286,3.0282071553217182,0.2589067848493138,-0.03370300006883429,0.25,-0.1436491955252968
36.7,-0.220883251597378,-2.685380437795916,3.0243383002265865,0.2484112005500489,-0.036323622368530296,0.25,-0.1436491955252968
36.8,-0.246206392986341,-2.6823874842749125,3.0213742979857514,0.24874981173854327,-0.03069317020266279,0.25,-0.15031690594883643
36.9,-0.27143878774397723,-2.679340203982601,3.018549611380745,0.25310611938662453,-0.03089075770130484,0.25,-0.15031690594883643
37.0,-0.29637360204289936,-2.676259679034631,3.014846751544239,0.24227703848815402,-0.03876408464171349,0.25,-0.14495435596813075
37.1,-0.32110331203840875,-2.673016340704966,3.010977772733557,0.24654266825815294,-0.03299056277358316,0.25,-0.16808370511167076
37.2,-0.3376117994296224,-2.670855549727631,3.0080631032190106,0.24937018930910293,-0.046497097466745164,0.25,-0.16808370511167076
37.3,-0.3627110191639674,-2.667472123734021,3.002596123371731,0.2522462027173641,-0.06687732890323912,0.25,-0.1681804503698186
37.4,-0.3879497437280286,-2.6639536289066776,2.995830675237825,0.2455698400348163,-0.0690945451231932,0.25,-0.1745627374114512
37.5,-0.41319383465053705,-2.6602746472839356,2.9892731705256086,0.24608165149866315,-0.07196717558980892,0.25,-0.1745627374114512
37.6,-0.4386424607039407,-2.6563264406110147,2.9834648135165933,0.24890090330150083,-0.048822397694986835,0.25,-0.20121516376913368
37.7,-0.4648170807657285,-2.65222007738132,2.978928991919716,0.2558695329899604,-0.046677294367546356,0.25,-0.20121516376913368
37.8,-0.490665986324237,-2.64793476879763,2.973758684106482,0.25513796927638854,-0.07495878966002102,0.25,-0.19710627989507823
37.9,-0.5159721428386452,-2.6435648075229454,2.96340996745236,0.24977670168669336,-0.10820275939842745,0.25,-0.20954609246889752
38.0,-0.5409522173512297,-2.6392619401117594,2.954834519516224,0.2540969635378816,-0.07008924917490969,0.25,-0.20954609246889752
38.1,-0.5654428255097907,-2.634628479129509,2.947961893687895,0.24048332224195423,-0.09417466664008496,0.25,-0.20960238217230784
38.2,-0.5900519010693817,-2.629810923808389,2.93874986809385,0.2398825177407471,-0.07737028852348689,0.25,-0.20960238217230784
38.3,-0.614389416006367,-2.6247608239281366,2.931206593033419,0.24702861804732434,-0.07781842657276444,0.25,-0.21357507258487957
38.4,-0.6389038206211967,-2.61942916833596,2.9229479489763297,0.24996407376635696,-0.06523369369101097,0.25,-0.21357507258487957
38.5,-0.6637139357649263,-2.614112469779224,2.913935720588053,0.24943777334873984,-0.10460677717804666,0.25,-0.2237647155086967
38.6,-0.68869488598967,-2.608449661323424,2.903424037710801,0.2517950302566846,-0.09770906488906543,0.25,-0.23020324709452694
38.7,-0.7141187978856135,-2.6023003274018532,2.894098903410381,0.2626240970999358,-0.09387960576453076,0.25,-0.23020324709452694
38.8,-0.7309891553398182,-2.598021988757275,2.887882128251687,0.258271210299682,-0.07988273105651918,0.25,-0.22585596870548671
38.9,-0.7567442087286989,-2.5914749454417403,2.881370507785155,0.25630807302409603,-0.05262378625384246,0.25,-0.22789029495142127
39.0,-0.7824089150140101,-2.584799033587743,2.8755819701331835,0.247168832665683,-0.07304805616439113,0.25,-0.22789029495142127
39.1,-0.807099822444289,-2.578011990460025,2.865378797126724,0.24615454854351262,-0.11500074983602851,0.25,-0.241865535509077
39.2,-0.8312914197597521,-2.5710122666991877,2.851679803124532,0.24046220792302755,-0.12663879012317916,0.25,-0.241865535509077
39.3,-0.8551572689206566,-2.5640322908255224,2.840730980547664,0.2394266062288964,-0.09736404033154995,0.25,-0.2331003799001663
39.4,-0.8788776746416113,-2.5568411265225093,2.8308894343580002,0.24113936765267133,-0.07595641465426815,0.25,-0.2248198219701701
39.5,-0.9025351601560657,-2.5491161461224023,2.8220761440867674,0.256031119966902,-0.09847798075208372,0.25,-0.2248198219701701
39.6,-0.9262931887050037,-2.5411542569587886,2.8118124477132156,0.24408955312662128,-0.10361370452904296,0.25,-0.22148813458995928
39.7,-0.9506712004329059,-2.5328622504921166,2.8030560153147235,0.24857202679606075,-0.08583528265477956,0.25,-0.22148813458995928
39.8,-0.9751827082877893,-2.5241672455607453,2.7933824228751614,0.2539647945185553,-0.09637559216203133,0.25,-0.22190277786035317
39.9,-0.9995886462702251,-2.515445810345857,2.7833443752717733,0.24908139269525198,-0.1021676710477476,0.25,-0.22190277786035317
40.0,-1.0239144157821516,-2.5063755428709307,2.7731788771669765,0.2584647040751787,-0.09112069546551253,0.25,-0.22490189447653966
40.1,-1.0480778438238791,-2.4970488995744202,2.765027375701869,0.2501785527748635,-0.07672033749492872,0.25,-0.2309039987866679
40.2,-1.0719267617445085,-2.4876075653918517,2.7576969811881575,0.24628899544910726,-0.08509449880897287,0.25,-0.2309039987866679
40.3,-1.0953915415168474,-2.4780071971568822,2.748239944116908,0.24524341330350838,-0.10509738179162449,0.25,-0.23130783634980914
40.4,-1.118516811263419,-2.4685398383632715,2.736437237014472,0.2422931184502953,-0.11288926389264596,0.25,-0.2424179243116216
40.5,-1.133860871554743,-2.4622952099591933,2.7288406017319593,0.24392829445936703,-0.11309955840102245,0.25,-0.2424179243116216
40.6,-1.1567486252208328,-2.452530004535931,2.7175173439030726,0.24753045453880554,-0.11194569491677923,0.25,-0.2309231652566649
40.7,-1.1797219974146242,-2.4421851527164113,2.707403753973186,0.2545046231784439,-0.08087302046715167,0.25,-0.2309231652566649
40.8,-1.2029807875748473,-2.4313608902996493,2.6989971863198554,0.25277050515671007,-0.08073826904875696,0.25,-0.2344949063379364
40.9,-1.2263289130206854,-2.4202863524676417,2.68989082233648,0.24335438023020226,-0.10400748460912947,0.25,-0.2483168496028243
41.0,-1.2496601814713468,-2.4089353937196893,2.678079113935072,0.2581734256881291,-0.11917432373204462,0.25,-0.2483168496028243
41.1,-1.2729382700508827,-2.397292655488903,2.666582203267237,0.2474068378764013,-0.1132928243086017,0.25,-0.24027242117871137
41.2,-1.2959584611460064,-2.3855509354126254,2.6558405695270295,0.25279605110237513,-0.09163032376221267,0.25,-0.24027242117871137
41.3,-1.31851227143518,-2.3735425839072475,2.6467175480981537,0.2544579044147287,-0.08944687466082525,0.25,-0.24296705570626187
41.4,-1.3409587736709776,-2.3613573136309105,2.637970260109754,0.2550108222368887,-0.09343572534476767,0.25,-0.24296705570626187
41.5,-1.363120544341253,-2.3489910841310127,2.6285487498240565,0.24458685752991055,-0.10000432283282576,0.25,-0.24297917630700364
41.6,-1.3849072103283748,-2.3367106055823683,2.616800506834059,0.2510622233874222,-0.11037383493120079,0.25,-0.24435764942363328
41.7,-1.4065759657108368,-2.3246040957377674,2.605341737049879,0.2419144845750167,-0.11458803343236793,0.25,-0.24435764942363328
41.8,-1.4284707355660762,-2.3115817136748666,2.5950392751750435,0.25142373329100637,-0.07307345921404548,0.25,-0.23547242853307818
41.9,-1.4502292769283236,-2.2982703091910057,2.5855766524524904,0.2626243439208827,-0.11668548035844116,0.25,-0.22195596299588452
42.0,-1.4719434978456034,-2.28462772348509,2.5744299375070816,0.26321206049951473,-0.08951619389097111,0.25,-0.22195596299588452
42.1,-1.4864680091257911,-2.275368827299679,2.5679115072325986,0.25281129457936086,-0.12187406282689169,0.25,-0.22845932828167229
42.2,-1.5082306928745364,-2.261223717235986,2.556983504566815,0.2589167144103116,-0.10411681973562481,0.25,-0.22845932828167229
42.3,-1.5296253335531496,-2.2470472308790717,2.5465857291043332,0.2495049035023888,-0.09828370838716241,0.25,-0.22223618000415868
42.4,-1.5507164029507141,-2.2328122068396627,2.5367362776517552,0.2446170522384548,-0.0852713145991902,0.25,-0.2211080909586825
42.5,-1.5716714220053383,-2.2182450069609994,2.527870077864014,0.24820093856349998,-0.08696246606952836,0.25,-0.2211080909586825
42.6,-1.592567326331203,-2.2034836884603672,2.519032521121099,0.2508814128176323,-0.08617466461282153,0.25,-0.22973217024625958
42.7,-1.6133252338576283,-2.1885434388063576,2.5099233100250387,0.24797793406599272,-0.09455427259127301,0.25,-0.22973217024625958
42.8,-1.6338094195964734,-2.1733125403717204,2.5002466026335717,0.25568880763943885,-0.09392582161658163,0.25,-0.2249822457624349
42.9,-1.6541897305964024,-2.1584321245195635,2.4895414348218603,0.24892881175521142,-0.11052745629209092,0.25,-0.2293884148374753
43.0,-1.674381211814519,-2.143158765302018,2.478117680750282,0.2565729922811265,-0.11548589066187986,0.25,-0.2293884148374753
43.1,-1.6944003084152932,-2.127456069729023,2.4672437697035985,0.2521121591524005,-0.10109885307029967,0.25,-0.24187238729470736
43.2,-1.7142946554047607,-2.111433071570374,2.4565758234008093,0.26531036460198326,-0.0747627043383685,0.25,-0.24187238729470736
43.3,-1.7337951760064279,-2.0954422348517427,2.44620398243946,0.24639168066418946,-0.10189833812377991,0.25,-0.2238273429230215
43.4,-1.7530137325882318,-2.0792733803565606,2.4368064195326347,0.24989292548919748,-0.08737388165438346,0.25,-0.22555516853641663
43.5,-1.772404443670285,-2.062852576290955,2.4271879792052746,0.24684910696191018,-0.09615167411245305,0.25,-0.22555516853641663
43.6,-1.7916246571944563,-2.0462027687319972,2.4176028824776465,0.24654043781956725,-0.09267078877849684,0.25,-0.2212347506868763
43.7,-1.8106565266938603,-2.029416421061505,2.408185148245211,0.25188473693249963,-0.08861735556738401,0.25,-0.2212347506868763
43.8,-1.823307576373625,-2.0180240600755615,2.4020263305058016,0.25998373847945144,-0.09059815502857466,0.25,-0.21428980739938597
43.9,-1.8427020169789181,-2.000528028880179,2.392835018111534,0.2524994066103076,-0.08519078069543443,0.25,-0.2309782439285253
44.0,-1.861899750324584,-1.9828086707612311,2.3830261800130277,0.23871539996824484,-0.10681432009305142,0.25,-0.2309782439285253
44.1,-1.880428719615588,-1.965086964512573,2.369914517065285,0.2618336039456341,-0.1220547220874919,0.25,-0.23193118553932815
44.2,-1.898672332002294,-1.9471434320100247,2.35893679677477,0.240175750954536,-0.09752058997612204,0.25,-0.21217861699154686
44.3,-1.9166158346795497,-1.9292437572562333,2.3514330983177114,0.23830169780650393,-0.05631251008260433,0.25,-0.21217861699154686
44.4,-1.9341822753145876,-1.911424670569981,2.342668293897481,0.24846516927031628,-0.10713326324129184,0.25,-0.21405333942469026
44.5,-1.951565132189847,-1.893419861746031,2.3317740250995733,0.2463618686559871,-0.11339193502205064,0.25,-0.21405333942469026
44.6,-1.968975323681911,-1.875066673092026,2.3217015694632885,0.24641988517835342,-0.08142726606415765,0.25,-0.20792166181877314
44.7,-1.9863216710827598,-1.856430108387981,2.3135029910924683,0.25168984345025563,-0.08069569617564208,0.25,-0.20792166181877314
44.8,-2.0035015310116324,-1.8376703724040033,2.305315829045227,0.24775263318141283,-0.07896749333895052,0.25,-0.20388892623820248
44.9,-2.0206048709203634,-1.8185731178338769,2.297514847934535,0.25035041167311256,-0.08288879482211056,0.25,-0.20903944544503522
45.0,-2.037976884386335,-1.7991167927252996,2.2876056915358713,0.25478319244428876,-0.08581514916304761,0.25,-0.20903944544503522
45.1,-2.0550150041176907,-1.7794717182881992,2.277668918742425,0.2599853114482111,-0.10370270886894296,0.25,-0.2118808444894018
45.2,-2.071726910938311,-1.7597336450262837,2.267730008553493,0.2540892426108155,-0.1137375357502224,0.25,-0.2118808444894018
45.3,-2.0880150821394188,-1.7401297517795624,2.2578251317600375,0.2453088269048193,-0.09019855878161713,0.25,-0.21464663372794862
45.4,-2.098775954415341,-1.7273154794925547,2.2517303795732957,0.24692880891850602,-0.0892135900585899,0.25,-0.2245065193797236
45.5,-2.1145460491342494,-1.7078910898911026,2.24224791025366,0.247627843690261,-0.09460271973194624,0.25,-0.2245065193797236
45.6,-2.1299475082775605,-1.6882901959797108,2.232376053030784,0.24906651984872427,-0.09639272416984401,0.25,-0.22795416726275264
45.7,-2.1451681843413613,-1.6684954690477831,2.222050431785784,0.24508660980665115,-0.10645154548232796,0.25,-0.22795416726275264
45.8,-2.1603261861928784,-1.648376281917678,2.211842804439397,0.25026014301021243,-0.0899606468639285,0.25,-0.22256680999459377
45.9,-2.1755031914438847,-1.6278902301062652,2.203528083687133,0.2512284359723185,-0.08065611537428752,0.25,-0.22256680999459377
46.0,-2.1905941582365904,-1.606748268732775,2.195396735464238,0.2505857279229799,-0.07519374131012545,0.25,-0.21130322451292347
46.1,-2.2057417653677045,-1.5854559249873468,2.187351452209749,0.2583990084800809,-0.08779264618087573,0.25,-0.206327040115686
46.2,-2.220779418345943,-1.5642388570946038,2.178523539847232,0.2539281642828567,-0.09153508278452017,0.25,-0.206327040115686
46.3,-2.235789032637321,-1.5428904326666508,2.1689258970777363,0.25509481542575196,-0.09296976564024789,0.25,-0.21026427145526225
46.4,-2.2501846693630116,-1.5214753821881484,2.1589530753655355,0.2505326631416819,-0.12015654913895037,0.25,-0.21026427145526225
46.5,-2.264209254445719,-1.5004642465034483,2.147324320970397,0.23897731192697236,-0.08617813565787952,0.25,-0.21375292849537253
46.6,-2.27794594577057,-1.4799107590731693,2.1395984079434984,0.2415891656919132,-0.07386834633332702,0.25,-0.22519885351325628
46.7,-2.2915008413062616,-1.4592748197915877,2.1316667177557704,0.24735649535268878,-0.07640148736949325,0.25,-0.22519885351325628
46.8,-2.30477518592209,-1.438203238594503,2.1237656884545295,0.2543306927056411,-0.08555284712992536,0.25,-0.21004992468796713
46.9,-2.317879331473626,-1.41684334277058,2.1138551706025663,0.257569015065283,-0.09053233020416071,0.25,-0.21197968908828554
47.0,-2.3309820765424343,-1.394948313896982,2.103745844900993,0.24242946263071136,-0.08481153970507756,0.25,-0.21197968908828554
47.1,-2.339711929180558,-1.3801673534493277,2.09779125036191,0.25811109928069925,-0.07515862421425855,0.25,-0.20321769902970913
47.2,-2.352588328539399,-1.357259511823147,2.0908371690648693,0.25867512348394667,-0.06391299410982507,0.25,-0.20321769902970913
47.3,-2.3653345801507135,-1.334363162586325,2.084015935817376,0.2510935298979612,-0.06752788934915394,0.25,-0.2067535181394656
47.4,-2.3779011650627684,-1.3112251364824048,2.0772479629373564,0.26110771724682874,-0.06911981597974282,0.25,-0.21358139237303453
47.5,-2.390417083091981,-1.288599354187518,2.0688527143899846,0.2462803807315131,-0.0947148313026941,0.25,-0.21358139237303453
47.6,-2.402830227775567,-1.2661029954984728,2.058689436593143,0.2533799727379126,-0.10254176250037073,0.25,-0.2153856111336816
47.7,-2.414664070360648,-1.2436362702040897,2.048884131292939,0.24765473023008328,-0.08877955934831137,0.25,-0.2153856111336816
47.8,-2.4262524429803234,-1.2217231922827436,2.041728256516404,0.24764170843605887,-0.06785635915197732,0.25,-0.21792836865921708
47.9,-2.4376971638953306,-1.1998707596397065,2.034879567410294,0.24048348364727018,-0.06757197957679578,0.25,-0.22394361416549174
48.0,-2.4489571503218452,-1.1779727496853991,2.027814785234267,0.24674152589832096,-0.07009349255707586,0.25,-0.22394361416549174
48.1,-2.460188525506714,-1.1552067256327905,2.0186177658867774,0.2592530184919286,-0.10285222140920051,0.25,-0.22408470862143848
48.2,-2.4712414752542013,-1.132036815552915,2.0089818469791263,0.24538301851889785,-0.08108394524467558,0.25,-0.22408470862143848
48.3,-2.4821659855127574,-1.1082945320059736,2.0003165176893107,0.263281050066313,-0.06737988693964561,0.25,-0.235087198727292
48.4,-2.49282250229136,-1.0838962959701781,1.993336323756475,0.2614203480678062,-0.0689878930540922,0.25,-0.23261525885451845
48.5,-2.5033289050333245,-1.0595694532859934,1.9863870134668817,0.2620623553161495,-0.06579638187558029,0.25,-0.23261525885451845
48.6,-2.5139002332716522,-1.0360161728876287,1.9763481020063474,0.2493446464192288,-0.11053299292477799,0.25,-0.2346765180798835
48.7,-2.520852527963332,-1.020334255430488,1.9687756243967778,0.25034703641416095,-0.11171174527596647,0.25,-0.2346765180798835
48.8,-2.531012859157321,-0.9967627262223214,1.957130839330702,0.2528881788683793,-0.11842552308940152,0.25,-0.2471083624431996
48.9,-2.5404842994772014,-0.9733239026332823,1.9454364228052772,0.23963449656201852,-0.09751909012904571,0.25,-0.24743533592893568
49.0,-2.5496865861055062,-0.9507633743431111,1.93831954075308,0.23742733628784898,-0.06695144067830543,0.25,-0.24743533592893568
49.1,-2.558728891091128,-0.9280886173928287,1.9313478593768338,0.23453852931745206,-0.0665047859450258,0.25,-0.24635952224228044
49.2,-2.5676638190952152,-0.9043522476457657,1.9233403376193667,0.26320208328213895,-0.09024395389779946,0.25,-0.24635952224228044
49.3,-2.5764131988239534,-0.8803555889882388,1.9135776316362612,0.23700424110000248,-0.09960814022672775,0.25,-0.25083377436906223
49.4,-2.5850103008299383,-0.8561735883433275,1.900462986542024,0.25938656334350646,-0.1206872986525338,0.25,-0.2550776788984853
49.5,-2.5932626278238002,-0.8313554081336643,1.8899592874815443,0.2648309642184688,-0.0704549796996455,0.25,-0.2550776788984853
49.6,-2.60130281534216,-0.8059994772069075,1.8831287715756744,0.2547788514437039,-0.0644350461527467,0.25,-0.24806780061508388
49.7,-2.6091184438009454,-0.7815018451499721,1.8762043904880101,0.24898826419568532,-0.0717613322690648,0.25,-0.24806780061508388
49.8,-2.616835877243565,-0.7571445513506099,1.866909933062337,0.24376425936415952,-0.1061853847362186,0.25,-0.22984981034763063
49.9,-2.624336322052764,-0.7327387764975791,1.8555035811360292,0.2553224547202906,-0.10888446172467164,0.25,-0.24201968344252586
50.0,-2.6315256700031986,-0.7082348416242202,1.843614200991669,0.25607268953407086,-0.1094114241754266,0.25,-0.24201968344252586
50.1,-2.6382828347058584,-0.6838784476043127,1.8314833350737423,0.24870470841208447,-0.10865197787040627,0.25,-0.23945770409108363
50.2,-2.6426537994785644,-0.6674157247760975,1.8239751124592771,0.23826322924593424,-0.10385021581860991,0.25,-0.23945770409108363
50.3,-2.649016299078236,-0.642649040201609,1.8145956069492628,0.25819935476356937,-0.07846642556995236,0.25,-0.23565346472075202
50.4,-2.6551305369994447,-0.6176824155563241,1.8088295197372055,0.2462084718673071,-0.05294798219040103,0.25,-0.23569312819623245
50.5,-2.661114413322623,-0.5926841488071523,1.803332495750844,0.2559998008232158,-0.05146067974745056,0.25,-0.23569312819623245
50.6,-2.6669374941256563,-0.567854139250843,1.7973751225621935,0.2408500768987055,-0.0733569136046495,0.25,-0.24172580315697603
50.7,-2.6724738078411754,-0.5434862458608944,1.788069490506476,0.2510317350951328,-0.106672239151729,0.25,-0.24172580315697603
50.8,-2.677927794009377,-0.5187312633793888,1.7773848052312995,0.250225552347831,-0.1007035947016599,0.25,-0.2547373207535044
50.9,-2.683130254399947,-0.4938219013284974,1.7690042367572716,0.24723884170755556,-0.06942741782548757,0.25,-0.2616932449364221
51.0,-2.6880945533953247,-0.4687675425699426,1.761985008692015,0.24943997540539042,-0.0685585568099995,0.25,-0.2616932449364221
51.1,-2.6929050445886293,-0.44380423258345925,1.7539807164509014,0.2462941401890358,-0.0885414936261733,0.25,-0.25539153275175847
51.2,-2.6977187200528165,-0.41795779329532595,1.7446986942093134,0.2651885927116015,-0.09399712747921782,0.25,-0.2716601361605694
51.3,-2.7022448394010996,-0.3922412248317757,1.7339907910582961,0.26598569692508645,-0.11005430171685299,0.25,-0.2716601361605694
51.4,-2.7063369515424123,-0.36677193927696733,1.720855040703617,0.2502496016669038,-0.1520839850566194,0.25,-0.27062917209657766
51.5,-2.710122035320528,-0.34151304129442134,1.7084622676732888,0.23536687162904818,-0.09488239042874423,0.25,-0.27062917209657766
51.6,-2.7135789818493534,-0.3161813861776889,1.6991894508535286,0.25144630249158395,-0.0825023300720113,0.25,-0.26494238951659554
51.7,-2.716793595160537,-0.29193859049797544,1.6937511006864228,0.2342109226294444,-0.04990160367274198,0.25,-0.2659564099289455
51.8,-2.7198899105996763,-0.26782047634606554,1.6883482105645204,0.24888722779708525,-0.06329589823787643,0.25,-0.2659564099289455
51.9,-2.7226845867367433,-0.24335030069872804,1.6803746318126003,0.24289393649293203,-0.08931779077117052,0.25,-0.2629420172221031
52.0,-2.7244551489097506,-0.22656788030472402,1.6731598015619045,0.24794896006568606,-0.10224748471995132,0.25,-0.2629420172221031
52.1,-2.727052983156028,-0.20121677083302322,1.66386563381291,0.2456407595176286,-0.08611957252723189,0.25,-0.27725511539720926
52.2,-2.7294409084886184,-0.17582619587136425,1.6552391944966953,0.25648678702404293,-0.08540138830990106,0.25,-0.27725511539720926
52.3,-2.7315879827915843,-0.14969134643384718,1.646087692100964,0.2526708410760274,-0.09441251650768405,0.25,-0.2659994577135002
52.4,-2.7335185212587523,-0.12347801073233483,1.636168123032825,0.24833288183249874,-0.10752737292778655,0.25,-0.26768345841906543
52.5,-2.7350631789805058,-0.0972735919968572,1.6245065055991186,0.24474699355319818,-0.11458961532388198,0.25,-0.26768345841906543
52.6,-2.7364786023259757,-0.07154352298207972,1.6126596364582664,0.23697195195255277,-0.11790708335291117,0.25,-0.2639614496397379
52.7,-2.737415797287512,-0.04596445801373871,1.6028794683762493,0.26668667277442226,-0.08740471861874045,0.25,-0.2639614496397379
52.8,-2.7381223693767733,-0.020913179565209147,1.5917475875054028,0.2610250317665973,-0.08530182521409302,0.25,-0.2641816548334642
52.9,-2.738640859075372,0.003863721331603835,1.5839482453034663,0.2397143474916968,-0.10705018484241159,0.25,-0.26672858953509415
53.0,-2.7389846375874214,0.02869037763729533,1.572187607574778,0.24709442954670355,-0.12205961614289641,0.25,-0.26672858953509415
53.1,-2.7387670164505824,0.053621375072877515,1.559557259985669,0.2495993694784893,-0.12338277625661173,0.25,-0.26742140447351603
53.2,-2.7385455246094583,0.07900690312075127,1.5472161938664135,0.2500838973908782,-0.10632458680981006,0.25,-0.26742140447351603
53.3,-2.7379313868895343,0.10490055969489195,1.5376404160212003,0.2438781268647321,-0.0881201174474777,0.25,-0.26151482995212144
53.4,-2.7369475119406923,0.1310444824962116,1.5282611630625718,0.24585418250906235,-0.09977344116087918,0.25,-0.26151482995212144
53.5,-2.735762085323011,0.15707673393164473,1.5187214405852325,0.265010030548145,-0.08552445389332931,0.25,-0.2614257632877004
53.6,-2.734850706538289,0.17458672465609035,1.5123172353229628,0.26254728849507164,-0.1037510105371238,0.25,-0.25791968794595155
53.7,-2.733099103981285,0.20075950568729678,1.500943691039351,0.24853357160201153,-0.10587377686131241,0.25,-0.25791968794595155
53.8,-2.7314020414095106,0.2262647234357233,1.4885075571241593,0.24666888294774125,-0.13787191001648091,0.25,-0.2652457719720521
53.9,-2.7291238871035866,0.2513048600389162,1.4736773250832371,0.2505585003982072,-0.15339637212106133,0.25,-0.2652457719720521
54.0,-2.726485313532273,0.27631101486238036,1.460577267375733,0.24538386445150354,-0.08932531893123483,0.25,-0.26201768678324155
54.1,-2.723781826154266,0.3009086272851796,1.4500033690366765,0.2493893389007765,-0.10398593525459347,0.25,-0.26201768678324155
54.2,-2.7206566826519287,0.3256101892662496,1.4400261253481812,0.2594442424248283,-0.08414635862989793,0.25,-0.23710078234363463
54.3,-2.7173663680736717,0.3505732805451283,1.4331609584367282,0.2345584265561836,-0.07941580392841298,0.25,-0.25224728475722563
54.4,-2.7138175264350686,0.3761143559944476,1.4250345598531322,0.25720864417311007,-0.09417247643245195,0.25,-0.25224728475722563
54.5,-2.7099544120602586,0.4019256664297969,1.4140628316374526,0.2668659770167327,-0.10907878642687895,0.25,-0.23608304993230333
54.6,-2.706024078747311,0.4279592399685054,1.4051522053883438,0.25945926525926927,-0.06861629871799467,0.25,-0.23608304993230333
54.7,-2.7017521317098327,0.45413180649092694,1.3987328887010837,0.26435141755623226,-0.05333072021331318,0.25,-0.23550442840406496
54.8,-2.697352867349501,0.4797960120408691,1.3916283624208128,0.2587502618542601,-0.08169722546117925,0.25,-0.2360002686987994
54.9,-2.6928182755806325,0.5048848368185889,1.3822769023844803,0.25237769348981137,-0.10440169912431822,0.25,-0.2360002686987994
55.0,-2.6879155255345344,0.5298738075137794,1.371633811465225,0.2522516204634648,-0.10661487646436602,0.25,-0.23673225362279826
55.1,-2.6829245161843964,0.5544412671894576,1.360001505459673,0.24925770231444597,-0.11400405935585073,0.25,-0.23673225362279826
55.2,-2.677841626966387,0.5787124383996313,1.349523988971216,0.2392544084657618,-0.09740016256750336,0.25,-0.24239358067454103
55.3,-2.674181729461832,0.594952222671306,1.3432669448105932,0.2366881611909328,-0.09255491512130898,0.25,-0.2364926377811556
55.4,-2.6685086889278278,0.6193426474997896,1.3351683755399306,0.24699712694854792,-0.07941392583611906,0.25,-0.2364926377811556
55.5,-2.6623713996102327,0.6441907078763004,1.3251724224459787,0.26446283166855084,-0.09507940079464072,0.25,-0.23573061859862873
55.6,-2.6561771594633528,0.6689892845837805,1.316107799614408,0.26002091795322074,-0.08686844748904236,0.25,-0.23573061859862873
55.7,-2.6495993686277703,0.6941026356046027,1.3060232988954203,0.24251578617269617,-0.10961230759829758,0.25,-0.2373994255572979
55.8,-2.6428408479066037,0.719354453710069,1.2958811100287768,0.2594944446141512,-0.10016312515229885,0.25,-0.24557409555390378
55.9,-2.6358022356633413,0.7442187477696477,1.284715510920108,0.24632452775798458,-0.12440744582397374,0.25,-0.24557409555390378
56.0,-2.6285401488532343,0.7686682108814165,1.2745761171733365,0.25456368679683483,-0.08234946688343751,0.25,-0.24758862589519356
56.1,-2.6210654556451534,0.7930549577430943,1.265307940218521,0.24868696760087777,-0.10661651528256778,0.25,-0.23624472636940164
56.2,-2.613319063098776,0.817371848904724,1.25380727507257,0.24918019427039964,-0.10503202713352129,0.25,-0.23624472636940164
56.3,-2.605428857114751,0.8412539334434083,1.2415471981615809,0.23964961228873388,-0.12536647751788543,0.25,-0.23684262160988714
56.4,-2.5972764315329764,0.8650413429036046,1.2301637643178451,0.24381675891906654,-0.10126126158136813,0.25,-0.23684262160988714
56.5,-2.588616619056536,0.8890694126701453,1.2205927468930617,0.2642994906398456,-0.08908568031465106,0.25,-0.233720011715211
56.6,-2.579916744158894,0.9129625207080734,1.2107525423596288,0.2611094570930627,-0.11970622385727726,0.25,-0.233720011715211
56.7,-2.570759395437678,0.9368132329111601,1.197849928797597,0.2609887820010308,-0.12835157302549913,0.25,-0.2230072674163331
56.8,-2.561515684429958,0.9605698248377551,1.184404856968966,0.2617828117813464,-0.1298694522761735,0.25,-0.2353040687736978
56.9,-2.5549973853645986,0.9764082121205737,1.1760647210698574,0.2401858717944352,-0.1225440346915221,0.25,-0.2353040687736978
57.0,-2.545129725737012,0.9998510982079124,1.1644365542050585,0.25201897204210755,-0.11129113923130274,0.25,-0.23073320440260137
57.1,-2.535508526272659,1.023255751878214,1.152965060214507,0.24517128983488168,-0.11351867522986794,0.25,-0.21247074697435175
57.2,-2.5251461498833603,1.046513576436481,1.141924586313276,0.2501796774201471,-0.10096636432451,0.25,-0.21247074697435175
57.3,-2.514497749678062,1.06968856384113,1.1322386886638445,0.25094626827118033,-0.0835063194604642,0.25,-0.2063133348338135
57.4,-2.5035762742871968,1.0928797006951378,1.1242929998423643,0.24991670949754877,-0.07180191471941015,0.25,-0.2063133348338135
57.5,-2.492427169256091,1.1166316171763937,1.117588956268647,0.2589523760735349,-0.06359419136567607,0.25,-0.19940688255438577
57.6,-2.4810549635454278,1.1401634872003612,1.1105980938873528,0.2503056412335159,-0.08316339063092291,0.25,-0.19754760105938815
57.7,-2.470151014585174,1.1628907909665835,1.1008715710292405,0.24273495031868864,-0.10232002672210815,0.25,-0.19754760105938815
57.8,-2.458861676899345,1.1855635618735019,1.0907482516152627,0.24806015884108099,-0.09387898121015043,0.25,-0.19072076776781408
57.9,-2.4473332758628334,1.2080564300667858,1.0810823736817148,0.24985224247571594,-0.08802358781233377,0.25,-0.19072076776781408
58.0,-2.4354579560457825,1.2302199254644444,1.0732271090928267,0.24289013306883947,-0.0843058469713328,0.25,-0.20073630742282902
58.1,-2.423377718500708,1.2522755554244662,1.0646794380321767,0.2520182464914065,-0.07040133347519736,0.25,-0.19959938362884583
58.2,-2.4110406340240647,1.274437905125834,1.0564381569305343,0.2530807252906457,-0.09696122335744332,0.25,-0.19959938362884583
58.3,-2.3987133208823654,1.296622792236093,1.0467283117896546,0.2511039969065662,-0.09784634541263937,0.25,-0.20522961688489572
58.4,-2.3860323280693096,1.3186681170757837,1.0368717649921917,0.24869423756516784,-0.09697963512401939,0.25,-0.20522961688489572
58.5,-2.372929385657767,1.340894247558907,1.0280715676891772,0.25959738682414724,-0.07319533368678449,0.25,-0.20408789628760027
58.6,-2.3640236030353567,1.3559609924876745,1.0231818321017008,0.25929145461688996,-0.0713799892748059,0.25,-0.21307333588779254
58.7,-2.350533419041921,1.3785812026837878,1.0157445219772143,0.2587156121261028,-0.0753497007815047,0.25,-0.21307333588779254
58.8,-2.336980465003289,1.4006241330027207,1.0074352170419623,0.26038665858830484,-0.08893160961055245,0.25,-0.20468193641167198
58.9,-2.3234636974834193,1.4220796797603665,0.9976540346496066,0.2430891880740559,-0.10389442215693376,0.25,-0.2062280635285432
59.0,-2.3097197610891373,1.443489465560254,0.9873321152482216,0.23775334043129967,-0.08895535595617993,0.25,-0.2062280635285432
59.1,-2.2959112774849886,1.4644081591244087,0.9784077019678289,0.2386840184317146,-0.09372071532933683,0.25,-0.20598331558173777
59.2,-2.281843952922244,1.4850682906697763,0.968797439865183,0.23627455650809776,-0.07824239700675935,0.25,-0.20598331558173777
59.3,-2.267585803122392,1.5055824781596538,0.9602458279384362,0.24305355584693888,-0.08065747738549028,0.25,-0.20418503622749085
59.4,-2.253175997048567,1.5263543043144563,0.9520149598809071,0.24627118338753295,-0.09381127701983621,0.25,-0.21554539720103674
59.5,-2.2387725714298496,1.5470832502037044,0.9421146412423749,0.24859761460219806,-0.09639487093656925,0.25,-0.21554539720103674
59.6,-2.2236248396050646,1.5679086895672205,0.93262294818801,0.25863201415012643,-0.08409045930232574,0.25,-0.21694817442891426
59.7,-2.208113696843028,1.589081175376853,0.9241833641704224,0.25820496050346925,-0.08692775986226212,0.25,-0.21694817442891426
59.8,-2.192398477118183,1.6099307742370261,0.9152708843485879,0.2505000571879155,-0.09492576693042126,0.25,-0.2002855319787616
59.9,-2.176494864603955,1.6304206338443,0.9059786994393744,0.2606907027450475,-0.08910546690567224,0.25,-0.1986843970059103
60.0,-2.160723334729309,1.6504373248137316,0.8985082007901194,0.2627259542148525,-0.06790599119474527,0.25,-0.1986843970059103
60.1,-2.1449239805075955,1.6702354567303208,0.8917755439517011,0.24632584637136018,-0.07047841208160362,0.25,-0.19362312536474913
60.2,-2.134480781805733,1.6832673345651405,0.8863201645111424,0.23958656450489862,-0.08691615613728546,0.25,-0.19362312536474913
60.3,-2.118550390440646,1.7025994991083637,0.8778616277447713,0.23857218487453521,-0.07657769288366516,0.25,-0.19062715287788423
60.4,-2.1024730853784037,1.72175775800925,0.8700588391156011,0.24356123619943038,-0.07666572579541588,0.25,-0.19751202958834924
60.5,-2.08622327659001,1.7406413369052607,0.8618078220200773,0.24558817346312523,-0.07920533082204298,0.25,-0.19751202958834924
60.6,-2.069610889744546,1.759957232226058,0.8533519975674192,0.24550639301482488,-0.08547885526015858,0.25,-0.20025903048615207
60.7,-2.0524768559072895,1.7792954075894498,0.8447376522611949,0.2538102330214024,-0.08708094207556683,0.25,-0.20025903048615207
60.8,-2.035083377254852,1.79854838328618,0.8357779568998912,0.25545201411239904,-0.08578947308525496,0.25,-0.20882105481413415
60.9,-2.017536910418546,1.8177271767691012,0.8266509281635205,0.2560518578466863,-0.08806928367852965,0.25,-0.2070854756705065
61.0,-1.9998867037220076,1.8369393708861623,0.8181362335843729,0.26141675289841887,-0.08586792455753002,0.25,-0.2070854756705065
61.1,-1.982256841554742,1.8560336498714758,0.809575279555675,0.24669108452856162,-0.08195447799422562,0.25,-0.21239981481286238
61.2,-1.9645930760168107,1.8743535236013968,0.8008203549742604,0.2487678768724966,-0.08903727186435378,0.25,-0.21239981481286238
61.3,-1.947056067790496,1.8923948610363057,0.7916876702524581,0.24765067646270933,-0.08874805298459162,0.25,-0.21084016279074935
61.4,-1.9298534510090928,1.9102939650639144,0.7824480569657098,0.24225060510363322,-0.090416359310967,0.25,-0.21084016279074935
61.5,-1.9123860865152156,1.92804752372532,0.7731918967724368,0.24027697596741088,-0.09328704715656076,0.25,-0.21335734289286062
61.6,-1.8944437873408544,1.9454874333315542,0.7642393168291929,0.24782567130172115,-0.08964095985850991,0.25,-0.22255440296484613
61.7,-1.8759482052558403,1.9630142687995051,0.7542660805478576,0.24084497810967936,-0.09387332014459443,0.25,-0.22255440296484613
61.8,-1.8570739288025715,1.9807474293180583,0.7442744291657447,0.2538850979832648,-0.0991724044868554,0.25,-0.21937478433840873
61.9,-1.8441381663665628,1.9923722325482898,0.7380975518016187,0.25882577572331955,-0.09086793769956471,0.25,-0.2198255634651057
62.0,-1.8245068325652773,2.0096542112239706,0.72882326694368,0.2569617962585561,-0.08927334605131532,0.25,-0.2198255634651057
62.1,-1.804835292571276,2.026769343344447,0.7196888932780663,0.2555160764152089,-0.08937422835140417,0.25,-0.22278388479783126
62.2,-1.7853952287449864,2.0437480876923817,0.7102305188299309,0.24657583162354568,-0.09363243966822614,0.25,-0.22278388479783126
62.3,-1.765979789797669,2.0605706886986583,0.7006891482809486,0.2569282300960993,-0.09394167427030992,0.25,-0.21788752853516338
62.4,-1.746425578565315,2.076973504950191,0.691240307270962,0.25169561043975563,-0.09470104408553831,0.25,-0.21796227222304748
62.5,-1.727127169433583,2.092975608808602,0.6819565234255068,0.2493053543554751,-0.08712037744140165,0.25,-0.21796227222304748
62.6,-1.707791569721747,2.1087964179557477,0.6731399975798094,0.2414735457369827,-0.08749555555249651,0.25,-0.21839806192597136
62.7,-1.688530366281002,2.1244756633739548,0.6642420638501861,0.250942001010216,-0.08535184470052531,0.25,-0.21839806192597136
62.8,-1.6684051527208847,2.140078163900155,0.6539641740753112,0.25247974375430926,-0.10357482609751102,0.25,-0.21858595393281008
62.9,-1.6481657270764618,2.155906997111121,0.6434929523489209,0.2566663193096808,-0.11282634149714767,0.25,-0.21689707280351772
63.0,-1.627523993456068,2.1714286939189162,0.6335050291570548,0.25193399989575715,-0.0868370298613116,0.25,-0.21689707280351772
63.1,-1.606167022388291,2.18664250958466,0.6249659581055833,0.2448753393535736,-0.08603275710245645,0.25,-0.21565616341569743
63.2,-1.5848048659905034,2.2016465872527697,0.616598430269637,0.25691348193209246,-0.08356144282054312,0.25,-0.21565616341569743
63.3,-1.5638682693197081,2.216534804168767,0.6045635394599851,0.25299151152448224,-0.14230647233643978,0.25,-0.31960840420336195
63.4,-1.5428224611753327,2.23090600832841,0.589413165152026,0.255132916090681,-0.15693423717146163,0.25,-0.32217148942250773
63.5,-1.5286639813641199,2.240324631428227,0.5789330749162254,0.24103441561190195,-0.15092616630746863,0.25,-0.32217148942250773
63.6,-1.50721597633466,2.2541259293218774,0.5658973038008898,0.24569712702982538,-0.0072075084402725975,0.25,-0.17395983518888683
63.7,-1.486074279564293,2.267628608637171,0.5601110835362612,0.2509584748466462,-0.0594813914854036,0.25,-0.20613884429173632
63.8,-1.4649673453036034,2.280993064239923,0.5530031042608171,0.25394194729775366,-0.07355588354438324,0.25,-0.20613884429173632
63.9,-1.443111053397579,2.294320854993841,0.5445461484724472,0.23974815941194727,-0.08891866335807773,0.25,-0.20607827513995847
64.0,-1.4212514412996455,2.3075142932009656,0.5358171790035245,0.2513721920996718,-0.08873794934938185,0.25,-0.20607827513995847
64.1,-1.3992745730947336,2.3204648603259543,0.5268987462725513,0.25523673178383804,-0.07861458346158456,0.25,-0.20932320707398744
64.2,-1.3769389451355774,2.3334896185788843,0.5168682885365153,0.25247564358302355,-0.11302004111236998,0.25,-0.16920990158442137
64.3,-1.354608662230208,2.3461644741596004,0.5096835825498258,0.25112801146381564,-0.06717809308076395,0.25,-0.16920990158442137
64.4,-1.3322985038815778,2.3585684765690837,0.5036711617860116,0.24904336500888224,-0.05687304380238347,0.25,-0.181306818527255
64.5,-1.3099184805480573,2.3708465326611545,0.49714555610101435,0.2529726429144108,-0.07162334360099465,0.25,-0.181306818527255
64.6,-1.2874551089705095,2.3830168803396923,0.48983370556298844,0.24421610122333237,-0.08847869702869737,0.25,-0.20278028231209727
64.7,-1.2648988222784063,2.3951688849520454,0.48026216906632563,0.2510684108469087,-0.09579524926167421,0.25,-0.19649174908711095
64.8,-1.2421518357491461,2.406967161658492,0.4711358913215583,0.25296444398451995,-0.08689561472885958,0.25,-0.19649174908711095
64.9,-1.2190996101629297,2.418593504390869,0.4626677218264208,0.2500626155149575,-0.07368723713527507,0.25,-0.20458454633140793
65.0,-1.1961867220473374,2.4299178131855563,0.45544316596005163,0.25317827581852953,-0.06995627162608686,0.25,-0.20458454633140793
65.1,-1.1733412539863246,2.4410626655180083,0.4484736240676749,0.255230019307294,-0.06667877608758492,0.25,-0.1941636935379102
65.2,-1.1580355646001033,2.4484384777302846,0.4439054275358747,0.2522435730647997,-0.07055763762499591,0.25,-0.1941636935379102
65.3,-1.1349610362073983,2.4593413343386343,0.43663111293146917,0.24393680275748258,-0.08939883247418197,0.25,-0.19694838294740077
65.4,-1.1121588962589528,2.4699372651591496,0.42698283843518664,0.2507091479250442,-0.08976008389381025,0.25,-0.1899976871767879
65.5,-1.0890952638252296,2.480439914625139,0.41806914376575766,0.2504989975317016,-0.0719936128455194,0.25,-0.1899976871767879
65.6,-1.0657879360813454,2.490765619076368,0.41150552696939446,0.24848091750811616,-0.06327613682790957,0.25,-0.19276371380762575
65.7,-1.0422940189245193,2.5008942373859973,0.40509962452064335,0.2516326564007243,-0.06703961095090895,0.25,-0.19276371380762575
65.8,-1.0189009825910895,2.5109146802123066,0.3981050153244424,0.24636003075581434,-0.06486005631284962,0.25,-0.1912077011456214
65.9,-0.9950902856958501,2.520917990415401,0.391043208373397,0.2550540584063906,-0.08072129504688191,0.25,-0.1875089763844196
66.0,-0.9711052470107886,2.5310235380609045,0.3831129615336384,0.2544036031578215,-0.07715297010493831,0.25,-0.1875089763844196
66.1,-0.9471762148584557,2.5407856093244887,0.3754877932411591,0.2515542060929279,-0.06545131466312729,0.25,-0.1927651625319376
66.2,-0.9235884567040422,2.5500824476894013,0.3693084406888229,0.24145177638783352,-0.059927171889985045,0.25,-0.1927651625319376
66.3,-0.899892696284628,2.559238912093189,0.3631951995069415,0.24215845410921435,-0.061028258308083436,0.25,-0.1983241514861207
66.4,-0.8764581022268431,2.5682129446934807,0.35667395006372504,0.25082042919511,-0.07720191502293733,0.25,-0.21334597377007608
66.5,-0.8529590337542838,2.576801186952363,0.3471411089508069,0.24639704293869918,-0.09988341777282991,0.25,-0.21334597377007608
66.6,-0.8292906823716593,2.5852680734092166,0.33682765841242607,0.2563668215943712,-0.10129863746370628,0.25,-0.22390624621647176
66.7,-0.8052771225295934,2.59356363260619,0.3273862152158661,0.24468161891215953,-0.07239115611478723,0.25,-0.22390624621647176
66.8,-0.7892640428084159,2.5990220620241713,0.32277588951826786,0.24930470409940753,-0.06917088234137396,0.25,-0.22636277947131966
66.9,-0.7650661656454537,2.6070582486693605,0.315770398610729,0.2552418679089148,-0.06558839909706,0.25,-0.22861553780465588
67.0,-0.7405098225357506,2.615012196825028,0.308090819576048,0.26388808632113125,-0.0829065237793877,0.25,-0.22861553780465588
67.1,-0.7156115919390498,2.622787730881534,0.29822882591065114,0.26281371859230374,-0.0950367852048439,0.25,-0.23159097675384765
67.2,-0.6906897719181492,2.630495977502374,0.2878678576967914,0.24393788780060918,-0.11016705186887488,0.25,-0.23159097675384765
67.3,-0.6660069322120701,2.6377252730431016,0.2767855221768129,0.25354342151015685,-0.08875817833962032,0.25,-0.2305496103126498
67.4,-0.6411688436409156,2.644625063967092,0.2702339727685375,0.24572711593205693,-0.05880058947620713,0.25,-0.23183673809270786
67.5,-0.6172575456902156,2.651378020870135,0.26434976257116394,0.2433701721007271,-0.0560255295109507,0.25,-0.23183673809270786
67.6,-0.593368506691747,2.657822199203032,0.257044746805978,0.24305403333868533,-0.0992425217439983,0.25,-0.23087668444272416
67.7,-0.5692292319824951,2.6641528796350133,0.24662253908308224,0.25324122732837556,-0.11119225334552339,0.25,-0.23087668444272416
67.8,-0.5448129348634283,2.6701763812457875,0.23478950099531573,0.24284312493167798,-0.12499379989996798,0.25,-0.2299114955939511
67.9,-0.5200785809214404,2.6759104900315203,0.2214906020923424,0.2500262410205001,-0.10351990865191973,0.25,-0.22456631420534173
68.0,-0.4951768681678099,2.681489751953889,0.21399200693218925,0.24834211162075778,-0.06668576351465014,0.25,-0.22456631420534173
68.1,-0.46934141746473196,2.686954078216593,0.20820982978243388,0.26309950942477145,-0.045232453321267976,0.25,-0.21325968643495385
68.2,-0.44344412429392316,2.6923176785975924,0.2030195961482479,0.25778750890987906,-0.05881819205069717,0.25,-0.21325968643495385
68.3,-0.4177520609998952,2.697570801663566,0.19623460041439805,0.2603202739642882,-0.0729093540487276,0.25,-0.2101641211866258
68.4,-0.39233494046366535,2.702577186373485,0.1869227521796517,0.2476178365490882,-0.0985017678209646,0.25,-0.21293365593966612
68.5,-0.3755724863385355,2.7056838564731867,0.1798961341476193,0.2580624906100675,-0.11829753474582105,0.25,-0.21293365593966612
68.6,-0.35069358438016746,2.710109980259702,0.1681798806310185,0.2508751279450985,-0.08514338107808155,0.25,-0.21274309748767892
68.7,-0.3260574986601762,2.7142580481574634,0.16106917730214768,0.23927800799209573,-0.057267094836760485,0.25,-0.20490177842206111
68.8,-0.3013568882708568,2.7182446657638266,0.1551421345223468,0.255125965466145,-0.06098756390574714,0.25,-0.20490177842206111
68.9,-0.2768469073990333,2.722166590435043,0.14815921189580175,0.237774362889416,-0.05902859513128196,0.25,-0.2034868219859949
69.0,-0.25216667893139316,2.725864940514142,0.14098751172177587,0.23992396772381758,-0.07384060491063894,0.25,-0.2034868219859949
69.1,-0.226720656997483,2.729468279021347,0.13366962006304392,0.2615403421141372,-0.07830526558607062,0.25,-0.1948238770233111
69.2,-0.20081410685781118,2.7328072934980225,0.1267571876753659,0.26089344454409663,-0.03901949485831292,0.25,-0.1827801321995699
69.3,-0.17480032433700332,2.736033204252952,0.12269073365569914,0.2550227419305616,-0.0375091184404577,0.25,-0.1827801321995699
69.4,-0.14870706380551882,2.7391661341752616,0.11860816484941356,0.2620274952902581,-0.04249337245719042,0.25,-0.17548659067047567
69.5,-0.12251517071892917,2.742240579655046,0.11498156666792433,0.258641499258912,-0.030257950277214896,0.25,-0.17548659067047567
69.6,-0.09705561172333088,2.7451862913166156,0.10929406326029698,0.2542531567615594,-0.0617397371088228,0.25,-0.16953220981906936
69.7,-0.07177193191443812,2.7479173046858354,0.10241039811470734,0.25164598253129433,-0.0699718172340548,0.25,-0.16430153641468695
69.8,-0.04666687141895093,2.7504237080961236,0.09577040285869973,0.24907726702139749,-0.044634130617529404,0.25,-0.16430153641468695
69.9,-0.021684451079514822,2.7528156633719285,0.09190738028486246,0.24640770338177062,-0.0396858641221873,0.25,-0.15684298794465443
70.0,0.003210991929214157,2.755118053777352,0.08817492457027776,0.24877855374235522,-0.03907441859954263,0.25,-0.15684298794465443
70.1,0.019883248072728045,2.75660254356498,0.0857312901375114,0.25225419853885717,-0.03260930604061976,0.25,-0.1456035136625961
70.2,0.0452870599789855,2.7587485534891365,0.08138439092509696,0.2498894621107157,-0.05044086653552332,0.25,-0.1456035136625961
70.3,0.07084220525282063,2.7608081514207266,0.0763009520413188,0.24852059734649848,-0.047748358386174444,0.25,-0.1390201340498454
70.4,0.09665327221740447,2.7627501916970902,0.07268917855753498,0.2543864198665146,-0.03395975727338983,0.25,-0.13066005063609376
70.5,0.12249318280658827,2.7645963146494554,0.06936591961541545,0.2519586471852754,-0.029689052436566596,0.25,-0.13066005063609376
70.6,0.14834854769418643,2.7663520820634147,0.06636487287865574,0.25297727677366255,-0.02889121739652748,0.25,-0.12585054162110146
70.7,0.17392097477239296,2.7681156602289563,0.06243248195360447,0.25385669820970064,-0.03974598951251839,0.25,-0.12129325443141802
70.8,0.1993683601535826,2.7696853336944036,0.05808401990097241,0.24703551136506663,-0.044883959293111925,0.25,-0.12129325443141802
70.9,0.2248035043818255,2.7711196668906806,0.0538694444425981,0.24952516134426583,-0.038642219189713396,0.25,-0.11794369554350961
71.0,0.25002358596283,2.7724381840602246,0.05080976119027449,0.25230981952126,-0.028012102815904116,0.25,-0.11794369554350961
71.1,0.27520167398232953,2.7737023038538156,0.04794753374265312,0.24621970523018594,-0.029545615498215404,0.25,-0.1083628235704617
71.2,0.30045259501062815,2.774888186973508,0.04487883286707931,0.24366574915286457,-0.0372057878437755,0.25,-0.10069322940219777
71.3,0.32590915801750875,2.7759981539233287,0.041098357028860937,0.25222557613770397,-0.036506455361862644,0.25,-0.10069322940219777
71.4,0.3514136681237103,2.777019452490192,0.037777818294726866,0.2527095919225746,-0.02938432819310388,0.25,-0.0988709076548291
71.5,0.3770809661980966,2.7779686313852094,0.03521143060090564,0.25320562350919235,-0.021807239077912502,0.25,-0.0988709076548291
71.6,0.40281299871386145,2.7788800621697787,0.033143965455717954,0.25279097032275444,-0.021904029805751377,0.25,-0.0902395160044939
71.7,0.42847642199571734,2.7797586451975174,0.030917902467667326,0.24641374166583777,-0.023033434539241192,0.25,-0.08424631693238666
71.8,0.4454751304298878,2.780279474677479,0.029153658354200453,0.24984333532835457,-0.02780102307316994,0.25,-0.08424631693238666
71.9,0.4709459375254773,2.7809901383085234,0.026344837529200176,0.24960130246487316,-0.025042367061682395,0.25,-0.0833178631578696
72.0,0.49648253643351986,2.78168696188304,0.02355231450953273,0.25148962918254775,-0.026768923087969642,0.25,-0.0833178631578696
72.1,0.5219500826293265,2.782264418507377,0.020835929345174933,0.24834734803913197,-0.021030034284503663,0.25,-0.0759107969079913
72.2,0.547294370149445,2.782764657523745,0.019021106530226206,0.2530925062105786,-0.01898422513897752,0.25,-0.06969946441124235
72.3,0.572701536073799,2.7831974144776215,0.017392300467968122,0.2455363337564932,-0.01408843191963371,0.25,-0.06969946441124235
72.4,0.5981752547807594,2.7836231273056296,0.015612610889724637,0.25433875480985557,-0.019980970663926845,0.25,-0.06644193543231842
72.5,0.6236747000700092,2.7840024136384036,0.01341333506110714,0.2515170903251178,-0.026453586341908857,0.25,-0.06644193543231842
72.6,0.649178950401055,2.7843218069780025,0.011719595416699192,0.24980586439210573,-0.017041309871034794,0.25,-0.06250107503246771
72.7,0.6748176116343262,2.784621355861941,0.010180956217429312,0.2506476877347044,-0.015417734552066468,0.25,-0.05755130247994977
72.8,0.7004553380746373,2.7848755869875728,0.008822100013346244,0.2503756790447445,-0.01343771031067475,0.25,-0.05755130247994977
72.9,0.7260081392489027,2.7850994807410756,0.007299609256027976,0.24818764405168828,-0.019988210475699906,0.25,-0.05548953583305482
73.0,0.7515003519884217,2.7852606375797393,0.005427219915041435,0.2495554288638182,-0.01933980246617521,0.25,-0.05548953583305482
73.1,0.7770034685382806,2.785377770129616,0.0038079926538688532,0.2500647073616089,-0.011691629272885641,0.25,-0.052040923236920965
73.2,0.8025134529381718,2.785452184827242,0.002318634923058336,0.24985952283483642,-0.014037953666489801,0.25,-0.048225332177548846
73.3,0.8279373273351488,2.7854887239176622,0.0011679172086405023,0.24719576212792177,-0.010717074131925223,0.25,-0.048225332177548846
73.4,0.8449148684722421,2.7854898113984508,0.00043787928847623456,0.24718812532736287,-0.0103613992628267,0.25,-0.04414612889819003
73.5,0.8703904268040109,2.7854794983614646,-0.0006900687610303458,0.25007778827640076,-0.011661860328501977,0.25,-0.04414612889819003
73.6,0.8958759810671635,2.785453719377847,-0.001724417830409249,0.2514253341556499,-0.00961047747998345,0.25,-0.03946241639569876
73.7,0.9213857368201065,2.7854014768410083,-0.002885358372264882,0.24822740177666042,-0.012944502424192277,0.25,-0.03749851079784039
73.8,0.9469187654249013,2.7853310382433163,-0.0041722167506983154,0.25235397362534023,-0.007783199658935307,0.25,-0.03749851079784039
73.9,0.9724992832170665,2.7852334464248583,-0.0049504484702653185,0.2523465568402744,-0.007547930880056718,0.25,-0.0363327250592825
74.0,0.9980546053771466,2.785105064293138,-0.005800350278068254,0.2494954806972089,-0.009835209234485488,0.25,-0.0363327250592825
74.1,1.0235540730657586,2.7849436682841624,-0.006956034588216405,0.2486169915877071,-0.009726084628019839,0.25,-0.0328996102529496
74.2,1.0490531073568945,2.7847648984228157,-0.007911826057028977,0.24962136787100545,-0.011444625531722357,0.25,-0.0328996102529496
74.3,1.074549622623765,2.784539089867463,-0.008915192504464268,0.25007988023914696,-0.006705627930485636,0.25,-0.02901671243754418
74.4,1.1000147289048219,2.7842959835044483,-0.009559067195712987,0.2511640833300173,-0.006092793066724419,0.25,-0.0243313602078859
74.5,1.1255091771887034,2.784031251580565,-0.01008224872089639,0.25036176064055876,-0.0047868518591054786,0.25,-0.0243313602078859
74.6,1.1510181232359213,2.7837644248511926,-0.010601858282253766,0.25094688988816494,-0.007185618874061514,0.25,-0.023639395629041625
74.7,1.1765281746047576,2.783496927164549,-0.01125097750386106,0.24997496298849992,-0.007088717100091102,0.25,-0.023639395629041625
74.8,1.202023164843782,2.783207528204574,-0.011814657147785282,0.25032692015370434,-0.004900709840097796,0.25,-0.02064699197435106
74.9,1.2275407355095498,2.78290520726711,-0.012282697080201466,0.2510677440810049,-0.004005220916871419,0.25,-0.0184691766773031
75.0,1.244569301975012,2.7827005560850253,-0.012539611151706447,0.2514190074643279,-0.0029694980633833577,0.25,-0.0184691766773031
75.1,1.2700980528118828,2.7823805356020612,-0.012914730319803489,0.2511448758418816,-0.0035852825250463514,0.25,-0.01675194867686316
75.2,1.2956002029978266,2.782050567113091,-0.013383528716579277,0.24972847926563585,-0.00876068817354549,0.25,-0.01675194867686316
75.3,1.321102227614636,2.7817052875278083,-0.013943829541083782,0.25006743779394147,-0.003659743134169876,0.25,-0.01518363596711836
75.4,1.3466051939699812,2.7813487811754847,-0.014374212192109359,0.2500566765883819,-0.00382544367096429,0.25,-0.013267541827801604
75.5,1.37210506191815,2.7809804079458744,-0.014811932973634513,0.24939261035637825,-0.002720037809133553,0.25,-0.013267541827801604
75.6,1.3976002390682607,2.780594126546944,-0.01503979879223821,0.25047168661181846,-0.002671140595387607,0.25,-0.010674166454802987
75.7,1.423103969338628,2.7802040960769037,-0.015244414626135933,0.2496821389715456,-0.002700206586043907,0.25,-0.010674166454802987
75.8,1.448608620341791,2.779812409312744,-0.015535814296438372,0.250443472315198,-0.0029927510423040688,0.25,-0.009711143158344626
75.9,1.4741113832189667,2.779413888056147,-0.01578566814530806,0.24968215758544388,-0.002712941940952223,0.25,-0.007912539803346112
76.0,1.4996133747073797,2.7790087056616497,-0.016095669200358487,0.24974773385941795,-0.004985520731189426,0.25,-0.007912539803346112
76.1,1.5251255184907615,2.7786019124779133,-0.016270132138763535,0.25003769467581455,-0.0014056255441518464,0.25,-0.007282646100039177
76.2,1.5506354174141066,2.778186954735653,-0.016362628092274824,0.24980583665415837,-0.000768444304134857,0.25,-0.007282646100039177
76.3,1.576138804270846,2.777774646289426,-0.016491114671948002,0.24967589749303043,-0.001351007824168449,0.25,-0.0048338160707118456
76.4,1.6016439004628176,2.7773512827923317,-0.016772834370306876,0.25000573841830653,-0.002335385960365471,0.25,-0.0048338160707118456
76.5,1.6271515938086347,2.7769206897241316,-0.017187166126206084,0.250003968481755,-0.006809451854436882,0.25,-0.004469816207187387
76.6,1.6526544849201592,2.7764779001735027,-0.01760193809625214,0.2502335488284211,-0.00158775071562616,0.25,-0.003292104009455802
76.7,1.669657080465261,2.776175096204002,-0.017611806655697573,0.24997161474349894,0.0001618567514557375,0.25,-0.003292104009455802
76.8,1.695163203086696,2.775721807334895,-0.01758854932392124,0.25014888206047065,0.00022064325563023632,0.25,-0.0024493499932163112
76.9,1.720666547102435,2.7752712129330215,-0.017621868467778617,0.2501662535248222,-0.0010648488041556186,0.25,-0.0024493499932163112
77.0,1.7461712880540354,2.77482181406515,-0.017752992756269122,0.2502675395152442,-0.0008045879835653691,0.25,-0.000488477597304143
77.1,1.7716771031057632,2.7743697185608083,-0.01785011779865333,0.250198815045317,-0.001032431326353649,0.25,-0.000488477597304143
77.2,1.7971807720596205,2.77391380874728,-0.01790022220956491,0.2500852772819838,0.0006152960804742517,0.25,0.0018367734637376463
77.3,1.8226774869139384,2.773457382544286,-0.017758669325080877,0.2498781388172276,0.0008591405998808089,0.25,0.00283616644386845
77.4,1.8481745459270134,2.773006800058875,-0.017603378057616935,0.2500966905692848,0.0008151666600626898,0.25,0.00283616644386845
77.5,1.8736774339738989,2.7725584284347717,-0.01752696329121721,0.2502553670026503,-0.0003147447373141741,0.25,0.00375749461210454
77.6,1.8991827694019268,2.7721114913888774,-0.01767300498331309,0.24986512724785254,-0.0004116346166264852,0.25,0.00375749461210454
77.7,1.9246884532517576,2.771662614331747,-0.017813972874034755,0.2502698184410962,-0.0005177694035840678,0.25,0.004760139676122711
77.8,1.9501995944143484,2.7712081666029795,-0.017681748039063562,0.2504024590504322,0.00226873223726556,0.25,0.004760139676122711
77.9,1.9757105388255847,2.7707623914023563,-0.01742886458825446,0.24999084820544903,0.0025645088368558507,0.25,0.0061687111777536455
78.0,2.0012131170855256,2.7703211964737418,-0.01723780908866181,0.24981046548674468,0.0012370863907908757,0.25,0.0053408416195653155
78.1,2.0267190446049894,2.7698820100084065,-0.017210410208636593,0.2503537325558834,0.0003085885148347308,0.25,0.0053408416195653155
78.2,2.0522211954756933,2.769444978625741,-0.01718284495664651,0.24995989500277846,4.247384753064018e-05,0.25,0.005606563065548725
78.3,2.0692238148806834,2.7691527097228033,-0.017140581773038708,0.25038942436713457,0.001517920756546131,0.25,0.005606563065548725
78.4,2.0947092511107748,2.7687197015751086,-0.016862159564904045,0.24972410942332626,0.0020450308040690967,0.25,0.006837808899463916
78.5,2.1201949568407144,2.7682943808252896,-0.016582237005386278,0.24992823178642568,0.0026882064173417257,0.25,0.00796713214318746
78.6,2.1456985752553974,2.767876087603461,-0.01643845965789383,0.24990868055732987,0.0017654013377114935,0.25,0.00796713214318746
78.7,2.1712079368553026,2.767459031323772,-0.01638570228008368,0.2500950993654158,3.524121000010934e-05,0.25,0.008674574210698904
78.8,2.1967166498717945,2.767041482589195,-0.016374210928088533,0.2500872539842072,4.2147186736323956e-05,0.25,0.008674574210698904
78.9,2.222228028177593,2.7666248539839864,-0.016312902946864376,0.24970456924463594,0.0025453390352904942,0.25,0.008172908162182722
79.0,2.2477472556910354,2.7662094565135558,-0.015965243862389605,0.2501041583111085,0.0022588553062604204,0.25,0.009220542375435617
79.1,2.2732653380857135,2.7658080816298396,-0.015607302841455048,0.24958513118305048,0.001979598394311025,0.25,0.009220542375435617
79.2,2.2987706648755974,2.765412530338701,-0.015457177002543275,0.2506398346319337,0.00174480966472048,0.25,0.009538628894072147
79.3,2.324284409185416,2.765018428656711,-0.015302767544808218,0.25002873293875416,0.00093371086835706,0.25,0.009538628894072147
79.4,2.3497850185162723,2.764626936323243,-0.015169022051777418,0.25011063054327237,0.0013437733587687902,0.25,0.00966046418373535
79.5,2.37526604487543,2.7642485869895608,-0.014828801719249114,0.24979044906578324,0.0035823683603605225,0.25,0.010568909828670956
79.6,2.4007482211257893,2.763872795700178,-0.014451274290157698,0.24989963833829507,0.0023815511526146674,0.25,0.010568909828670956
79.7,2.426252026307958,2.7635126694198036,-0.014219876605556266,0.25008310883692697,0.0015228938400877502,0.25,0.010076947747847141
79.8,2.4517616602018424,2.7631506754680637,-0.014194537332384185,0.250088749789981,0.0001930688606391227,0.25,0.010076947747847141
79.9,2.477271665002674,2.762788969968421,-0.014176813319132642,0.2500864003469268,3.963586258401521e-05,0.25,0.011371378883495781
80.0,2.494274816573501,2.762547346436013,-0.014110296160137719,0.24962087395069169,0.002805557816994438,0.25,0.012098926223413282
80.1,2.5197932330551556,2.7621934963098917,-0.01374939856294248,0.2506247456079482,0.002516841240082913,0.25,0.012098926223413282
80.2,2.545313713973627,2.7618490356144654,-0.013283524672432663,0.2507295033023653,0.004821200629571126,0.25,0.011961369054487412
80.3,2.562321122862402,2.761627316992257,-0.013056605501559602,0.2510953798277689,0.002457979734004726,0.25,0.011961369054487412
80.4,2.5963408484326145,2.7611896515257857,-0.012831828061975388,0.25020802654280844,0.001764316116009365,0.25,0.01195612541193699
80.5,2.621842393603549,2.760866436972058,-0.012631350411911785,0.24932307028965808,0.0015185121244139929,0.25,0.012019436935462707
80.6,2.6473344451864733,2.760547730776888,-0.012327304100254843,0.25019711187132676,0.003149284753806318,0.25,0.012019436935462707
80.7,2.6728094511265152,2.760236506190344,-0.011873090822078948,0.2500248290153733,0.0030143215261726904,0.25,0.012133397996921076
80.8,2.6982917309305847,2.7599366690692975,-0.011482342500046856,0.24932926280847276,0.0029826714468175575,0.25,0.012133397996921076
80.9,2.7238034869854313,2.7596520771712756,-0.011246247110913621,0.24988125030174338,0.0019009953329526116,0.25,0.01156712761029211
81.0,2.749303859408684,2.759364702123891,-0.011111899237448524,0.25026855992280966,0.0021897633827087336,0.25,0.01156712761029211
81.1,2.774811938859403,2.7590814895490534,-0.010945844546900927,0.2502667992523124,0.001880975788206289,0.25,0.010771784687205327
81.2,2.800335374253554,2.758805664541488,-0.010640610514797486,0.25046312851473096,0.0027154568173777816,0.25,0.010771784687205327
81.3,2.8258641128055606,2.75853654495694,-0.010251193289811564,0.25098306597028597,0.0025920109069120347,0.25,0.010527731198868196
81.4,2.8513765518419896,2.7582763026794987,-0.009941432388868158,0.24984675628315237,0.0013551840562244938,0.25,0.01143040848125982
81.5,2.8768763354949325,2.758022816298295,-0.009783012099934346,0.2503739410153735,0.0005190160118487824,0.25,0.01143040848125982
81.6,2.902378151404683,2.7577723348114214,-0.009634747203622104,0.2505523652241416,0.0018011180652369948,0.25,0.01065838508341092
81.7,2.9193812558975267,2.7576078311768333,-0.009494840641747902,0.2503776990444377,0.002462627090821222,0.25,0.01065838508341092
81.8,2.944858493173621,2.7573711343222085,-0.00908043861698977,0.24955595929812713,0.0022726221200130487,0.25,0.01096988293736173
81.9,2.9703404540027836,2.7571426352441053,-0.00867571133711286,0.25050911769069745,0.005498148182073472,0.25,0.011146460423549241
82.0,2.995841910015067,2.7569272838039245,-0.008414125928888162,0.25008348943890235,0.0021045826586314183,0.25,0.011146460423549241
82.1,3.021354686913198,2.756716033929634,-0.00823586879744994,0.25071586724980377,0.0022540868941525083,0.25,0.009847218507261828
82.2,3.046865370364882,2.7565062928310167,-0.008104403196381163,0.2495697079643345,0.0019540421773277827,0.25,0.009847218507261828
82.3,3.0723807937833127,2.7562973258430996,-0.0078902865670492,0.25017543256481706,0.003140151989981487,0.25,0.009613269528104363
82.4,3.097903610790295,2.7560988635693358,-0.00748357094291607,0.2505849484648489,0.0038704060801171996,0.25,0.009613269528104363
82.5,3.1234243698937267,2.755909844834744,-0.0071256139592785145,0.2503344209805069,0.0013972521575623103,0.25,0.008493826874742212
82.6,3.1489376864475878,2.7557299961595776,-0.007048076491928617,0.24959382742259234,0.0011345491757657933,0.25,0.008493826874742212
82.7,3.174445117978832,2.755549913056021,-0.006916316719443084,0.25052939380530137,0.0010532107932611885,0.25,0.007600458216140266
82.8,3.199956590110339,2.755372042142749,-0.0067693858245767,0.2503721509366361,0.0030416912992204015,0.25,0.005998125575534412
82.9,3.2254494888913063,2.755200048310463,-0.006529199198483807,0.2500779704452486,0.002732186690522062,0.25,0.005998125575534412
83.0,3.2509382625953753,2.75503702184022,-0.006275336089982892,0.24998085322066377,0.0018307808156965333,0.25,0.005763939822268246
83.1,3.2764423660765503,2.7548798719141074,-0.006099794428392684,0.2503524417770816,-1.088806323967007e-05,0.25,0.005763939822268246
83.2,3.3019507476873344,2.754724346746104,-0.006129072919869666,0.2502929120062109,0.00018435455376420533,0.25,0.005154344792368426
83.3,3.3189564298948926,2.754620490498426,-0.00621662783978199,0.2503261477652495,-0.000728773452247012,0.25,0.005154344792368426
83.4,3.3444617659520244,2.754460563447149,-0.006244994791978592,0.2497157748017608,7.453526673559762e-05,0.25,0.0038504675602458495
83.5,3.3699784779644584,2.754299403239855,-0.006086886187337612,0.2499604948148144,0.0019670760427989375,0.25,0.0019334916663438298
83.6,3.3954934206160976,2.7541450299155947,-0.005895918326257213,0.24985835160350703,0.0016689891231738182,0.25,0.0019334916663438298
83.7,3.421002139597491,2.7539953401829957,-0.005820402823275033,0.2500832485249532,-0.0005936260916546302,0.25,0.0025403536672001653
83.8,3.446512196455661,2.753847420494683,-0.00586040616047704,0.25007591080853614,-0.0018806941730077826,0.25,0.0025403536672001653
83.9,3.472021625769735,2.7536976084253273,-0.0059569470162241425,0.25019329214904157,-0.0010024359597388737,0.25,0.0006897543871544273
84.0,3.497527773890671,2.753548386174071,-0.005926906493841273,0.25024327399850843,0.000988204674576009,0.25,-0.0030326391301546685
84.1,3.523031773737,2.7533983995432916,-0.005918722714360443,0.2502347012170118,-3.11748136169793e-05,0.25,-0.0030326391301546685
84.2,3.548537213019186,2.7532486909041918,-0.006023814069136726,0.24963676679375307,-0.00521266760154605,0.25,-0.015220646699213677
84.3,3.5740442940025194,2.75308848901362,-0.006665582509399277,0.24980971828020634,-0.010284143479049976,0.25,-0.0003651960841292469
84.4,3.599555835275169,2.752910802441715,-0.007136231958699388,0.24997331630028333,-0.0035739630846736096,0.25,-0.0003651960841292469
84.5,3.625063319246166,2.7527287570023553,-0.007339807635539068,0.2500656937717114,-0.0014586803463459018,0.25,-0.010555973203335976
84.6,3.6505664742739525,2.752533053566349,-0.007548175486971118,0.2501843114172549,-0.0015550436889126987,0.25,-0.010555973203335976
84.7,3.676065609007492,2.752322198665595,-0.008018924376798636,0.2504192479696267,-0.006255922963221061,0.25,-0.028674188739331585
84.8,3.701545943183162,2.752102043237257,-0.008697892789637299,0.25109772052364093,-0.0073877263981731705,0.25,-0.02742254287435661
84.9,3.7270525492194126,2.7518830691740312,-0.009358535306264066,0.2510017230589629,-0.00712919135835997,0.25,-0.02742254287435661
85.0,3.744071600491315,2.7517269957091584,-0.009804804237906221,0.2511180324872041,-0.006396509735659288,0.25,-0.027521468874922593
85.1,3.769609033632974,2.7514716742646343,-0.010617695804679955,0.2508076998468397,-0.006499913184742125,0.25,-0.027521468874922593
85.2,3.7951801924515576,2.7512015053269416,-0.011248520780693938,0.2497156948051888,-0.005982804109173798,0.25,-0.03253465737060537
85.3,3.8207317390453306,2.7509202023974035,-0.012010199879637138,0.25131991841961665,-0.008317452646351156,0.25,-0.030494104462535115
85.4,3.8462421662815776,2.750585814077636,-0.012984223036250372,0.24901753893031298,-0.012182064247033133,0.25,-0.030494104462535115
85.5,3.871747724418068,2.7502423456136587,-0.014051567866148792,0.25009856359502397,-0.0069339484771791145,0.25,-0.03928976758575647
85.6,3.897253704241223,2.749881152755204,-0.015278601855107684,0.24974811899709232,-0.011980324641939507,0.25,-0.03928976758575647
85.7,3.922739160236409,2.749469378972271,-0.016383882276499822,0.25022056705090245,-0.007225649405036807,0.25,-0.030514394539403807
85.8,3.948225556876539,2.7490302815576917,-0.017092257619202918,0.24916247277212974,-0.006521366436574615,0.25,-0.030514394539403807
85.9,3.973714599878837,2.748580905353993,-0.0178693614867042,0.2518621704747556,-0.013926897118685314,0.25,-0.031418308486861
86.0,3.9992244049403594,2.7481132953410707,-0.01881729303791855,0.249946103543324,-0.011550696212150366,0.25,-0.03573549206310023
86.1,4.024731026715269,2.747627733300242,-0.019945758118422738,0.2492975574200625,-0.012177201221748271,0.25,-0.03573549206310023
86.2,4.050241964508554,2.747111115967697,-0.02101972276066544,0.24757515968097574,-0.0071938243069125055,0.25,-0.032929896334893766
86.3,4.075803050966753,2.7465758600337815,-0.02167975303968521,0.2506806289823941,-0.006043421460071475,0.25,-0.032929896334893766
86.4,4.101368079036865,2.7460239567928224,-0.022429756187817985,0.25129308626495334,-0.007292288345062078,0.25,-0.028284845453775048
86.5,4.126869643229975,2.7454428585578134,-0.023072952666542107,0.24846384572630476,-0.006075305158394733,0.25,-0.028284845453775048
86.6,4.143871642955958,2.745049170976611,-0.023745110434053862,0.2501835711997074,-0.013629925368564484,0.25,-0.040209689120076234
86.7,4.169371548075742,2.7444387854421017,-0.024834249706607803,0.2512530447430038,-0.011900031289555954,0.25,-0.040209689120076234
86.8,4.194879628895263,2.7438141401755134,-0.026158709854626504,0.24823311912034107,-0.008796672604679657,0.25,-0.036127429378536816
86.9,4.2203396013378836,2.74312435839255,-0.027023065018339742,0.2502623154696786,-0.008185796807263834,0.25,-0.03812524383346451
87.0,4.245784674660871,2.7424182770310526,-0.027865747355785144,0.24800327700032512,-0.0077621114768552605,0.25,-0.03812524383346451
87.1,4.2712905383534965,2.7417029395458496,-0.028698996629675153,0.24812326939195528,-0.010199900796621492,0.25,-0.03744610233929197
87.2,4.2967869394445986,2.7409703355222077,-0.02985359224683666,0.24928631413036348,-0.013256211232377553,0.25,-0.03744610233929197
87.3,4.322278500389716,2.740198512726265,-0.030936603672389915,0.2486822241073629,-0.011987114120141671,0.25,-0.037644216150261645
87.4,4.347797428092478,2.7394070245486173,-0.031933174627576846,0.2509240833380393,-0.008312480577643748,0.25,-0.037644216150261645
87.5,4.37336837282722,2.738601454143285,-0.0328041820075235,0.24799939943614138,-0.010115785960674101,0.25,-0.05010864092426027
87.6,4.3988776650360935,2.7377685115617125,-0.034078187383626383,0.2523904943325028,-0.013626884081075628,0.25,-0.04968979764397853
87.7,4.424375697344449,2.7369024201153858,-0.035354450101723646,0.2526385890599223,-0.017491025508514727,0.25,-0.04968979764397853
87.8,4.449861521317018,2.735989346110925,-0.037106284259535015,0.24979000599922324,-0.016030865427272827,0.25,-0.05256293808885783
87.9,4.475354349771663,2.7350478818633257,-0.03875881007288684,0.2500809946070209,-0.018634734994747004,0.25,-0.05256293808885783
88.0,4.500776161577021,2.734045765682146,-0.04020070206413468,0.2485039882716757,-0.012418633529194631,0.25,-0.05378692331318953
88.1,4.5262225888877206,2.7329911183784876,-0.041424020132599736,0.2540656292958001,-0.008086359161740286,0.25,-0.05728107482816468
88.2,4.5517017717923975,2.7319332868053814,-0.04261173438964929,0.25184612554915536,-0.022266866362682047,0.25,-0.05728107482816468
88.3,4.568707338986143,2.731193032522761,-0.04365293785191753,0.2536093800847685,-0.014758407507378496,0.25,-0.05659015607828681
88.4,4.594186077376461,2.73006411545363,-0.045494070520087256,0.2483312820315988,-0.016535948828235746,0.25,-0.05659015607828681
88.5,4.619672547693177,2.72889399961108,-0.04713549163092524,0.24821961070323184,-0.014253705807918193,0.25,-0.06366130274847846
88.6,4.645264294631519,2.7276957502908905,-0.04861085908135871,0.2527401065029637,-0.014437810609688127,0.25,-0.06686198548232192
88.7,4.670799925355579,2.726456018316056,-0.050224053050618736,0.2493599532367609,-0.01789663231473504,0.25,-0.06686198548232192
88.8,4.696271742128939,2.7251559366003146,-0.052059744743728556,0.2515234218589841,-0.01687251861351524,0.25,-0.0692751336448798
88.9,4.721753773269793,2.7237978080133605,-0.05434818921148776,0.24955354018057038,-0.02497593033066357,0.25,-0.0692751336448798
89.0,4.747238395124204,2.7224197164635147,-0.05691961988036427,0.24818685064536133,-0.026956730638007527,0.25,-0.08317403221369923
89.1,4.772622791047638,2.720907876183413,-0.059510688630488084,0.24642032607429157,-0.02111572534687024,0.25,-0.08553725221314021
89.2,4.797919999443793,2.7193760442930515,-0.06174150408344527,0.24801552129009014,-0.01994379540064074,0.25,-0.08553725221314021
89.3,4.823366978423927,2.71777839400889,-0.06348259142014834,0.25198625340218594,-0.016397659199626727,0.25,-0.08953031678053422
89.4,4.8488285035765815,2.716148071857728,-0.06553494604736972,0.2494753759953822,-0.02449997308821001,0.25,-0.08953031678053422
89.5,4.874260803910082,2.71444957113951,-0.06799067017646501,0.25265617677370356,-0.024631142572186335,0.25,-0.1032246315849633
89.6,4.899735842428574,2.7126889831486607,-0.0711682036260281,0.2523340095451203,-0.034176064280443466,0.25,-0.10600078414300185
89.7,4.925150230920555,2.7108658855436354,-0.07472774088036861,0.2509544861305467,-0.03318630928301952,0.25,-0.10600078414300185
89.8,4.950442245891313,2.7089775097074154,-0.07816826098165232,0.25225871537934363,-0.03798261666522979,0.25,-0.11047380121776282
89.9,4.967378455221207,2.707667407313367,-0.08036726813522109,0.25220532624195735,-0.034312144302148996,0.25,-0.11047380121776282
90.0,4.992818277136457,2.7055914785973254,-0.08380247524253144,0.2467099251141443,-0.03617981540483106,0.25,-0.11436427396879109
90.1,5.018247841087492,2.7034292252134,-0.0874660593796278,0.24675152225718147,-0.037030245319147635,0.25,-0.12920261257734036
90.2,5.043656520238264,2.7011919500841146,-0.09168150031865392,0.2533984564940476,-0.046200341016434374,0.25,-0.12920261257734036
90.3,5.069191173862567,2.6987428439511802,-0.09629432807964111,0.2518937041220795,-0.03816416859880921,0.25,-0.1308664785267747
90.4,5.0948284678829,2.6962608649806006,-0.09958261003241387,0.2540674237473443,-0.028536309116538438,0.25,-0.14253998072635166
90.5,5.120149257939047,2.6937280946689746,-0.10231497723664479,0.24658018530322243,-0.027261476561304215,0.25,-0.14253998072635166
90.6,5.145486401232819,2.6911230108183712,-0.10510943850696226,0.24782912282578132,-0.029826962736046653,0.25,-0.1431139771048482
90.7,5.1709400974226405,2.6884178781009154,-0.10842998122195197,0.25463371339604407,-0.037221398466580985,0.25,-0.1431139771048482
90.8,5.1961723958150365,2.685676894136284,-0.11281740942852919,0.2468772788431498,-0.04632668070304153,0.25,-0.1393931392151476
90.9,5.221198606211799,2.68281731781611,-0.11696341891321008,0.2423759221866026,-0.03938781335130357,0.25,-0.15917850210656773
91.0,5.246352622610882,2.6798728494620847,-0.12212542489913182,0.24853710264311338,-0.05917138357855169,0.25,-0.15917850210656773
91.1,5.271610414614889,2.676822914528396,-0.1278312795997458,0.24849954385754816,-0.04434576048139735,0.25,-0.144776775313274
91.2,5.29689484965365,2.673598117076752,-0.13266242411500412,0.2550633100975038,-0.05102673467076808,0.25,-0.144776775313274
91.3,5.322224879670963,2.670212665262399,-0.1377523334061687,0.2539450994348756,-0.04640536808445751,0.25,-0.14901434841260958
91.4,5.3479517352757595,2.666621995615264,-0.1419041501474902,0.25745364905620566,-0.03981844075768629,0.25,-0.16085889382038945
91.5,5.365082481118042,2.664207813020154,-0.14478602174584082,0.24884524548772277,-0.0551923562265142,0.25,-0.16085889382038945
91.6,5.39041418780538,2.660507455608877,-0.1515808242487539,0.25588529243264674,-0.05493888773419513,0.25,-0.16603699829137836
91.7,5.415560034408603,2.6566394884762237,-0.15527300070140237,0.24932130190323357,-0.02823997166570146,0.25,-0.1803480344884455
91.8,5.44068766095423,2.6527539670927816,-0.15823349463891453,0.24848173258183698,-0.02848894092332021,0.25,-0.1803480344884455
91.9,5.465510320585224,2.6487762797522074,-0.16275979739039373,0.24204182302444283,-0.05350109160727762,0.25,-0.18812246117616463
92.0,5.4897952707023085,2.6446332317016426,-0.16721786367782301,0.24997062698164674,-0.046662322968919874,0.25,-0.18812246117616463
92.1,5.514169880354503,2.640398343685209,-0.17211235596144558,0.2475869404808154,-0.057579435625899046,0.25,-0.2095908671262966
92.2,5.539232818974403,2.636088970402652,-0.1807321846218263,0.25136208168730473,-0.0974725057328292,0.25,-0.2119645766657404
92.3,5.564320799080667,2.6315812153524663,-0.1902116797130331,0.2500041364442443,-0.09723726363435513,0.25,-0.2119645766657404
92.4,5.58933217982784,2.626793979541492,-0.20030225101619842,0.2517357894557524,-0.09380126723929133,0.25,-0.21282332543487398
92.5,5.615118997804087,2.6216005781253933,-0.20650584440227382,0.2597499268047791,-0.05013686213746225,0.25,-0.21282332543487398
92.6,5.6410644866930255,2.616215488269693,-0.2115261571926274,0.25943235934245906,-0.05077527888418617,0.25,-0.21444365498405768
92.7,5.666654076977789,2.6107240744904936,-0.2176714464769676,0.25870947518004184,-0.09207919557531476,0.25,-0.23230685316463442
92.8,5.691567474096544,2.6051521979779895,-0.2265823895832134,0.2636328863891663,-0.083279177293817,0.25,-0.23230685316463442
92.9,5.716294469962136,2.5993947463522686,-0.23545472438009873,0.245346343158963,-0.0999600442082134,0.25,-0.23580187762262725
93.0,5.740681144857355,2.593470816962012,-0.24320273782163548,0.24989989592750347,-0.09763114779984206,0.25,-0.23580187762262725
93.1,5.764844233635599,2.5873473827853726,-0.2541908919847891,0.2409093977373858,-0.1003001782418501,0.25,-0.24100505928686153
93.2,5.780766926857736,2.583100555134212,-0.26042967980218845,0.24550939049899637,-0.08779836901046197,0.25,-0.23840650196435034
93.3,5.805170918704674,2.5765491890412333,-0.2709380462614806,0.25428192226594976,-0.11304836003456949,0.25,-0.23840650196435034
93.4,5.829744697931579,2.5698716632795553,-0.2824393612127661,0.2442573597423779,-0.11821018818537986,0.25,-0.2462401985426889
93.5,5.854124867149778,2.563330237379568,-0.2947605467323018,0.24745257458051073,-0.12092160726166387,0.25,-0.2462401985426889
93.6,5.879350900540255,2.555753242024356,-0.30395397279526104,0.264883302883971,-0.06562889074609382,0.25,-0.23688502203347997
93.7,5.904421409732215,2.54782353829503,-0.3126701712856489,0.2627834207634855,-0.10990377115150061,0.25,-0.23125323084236793
93.8,5.9292429835094325,2.539767335140178,-0.32375439705630354,0.25001597631089445,-0.10126414113219395,0.25,-0.23125323084236793
93.9,5.9537379274871505,2.5313739898555956,-0.3361307016764742,0.258834239847168,-0.1410038701298221,0.25,-0.22764192359170846
94.0,5.977775709882338,2.5228857997530265,-0.3488289644592089,0.26412246890628954,-0.08331707461608626,0.25,-0.22764192359170846
94.1,6.001210953186278,2.514419840756217,-0.3562941542140035,0.2356576616960043,-0.07636819771781604,0.25,-0.23019404923500156
94.2,6.024564497855932,2.5056791734307797,-0.36548727702461464,0.24349254339034815,-0.08889671790770874,0.25,-0.22354385103713026
94.3,6.047640462131535,2.4967579827740884,-0.3736112618988825,0.24395667420698774,-0.0714330472313879,0.25,-0.22354385103713026
94.4,6.070846970992872,2.487493229634614,-0.3826564596853921,0.24442880841238449,-0.11478257942630272,0.25,-0.23145533638614918
94.5,6.094322155126171,2.4779259741455637,-0.39441095091574846,0.2536716273926319,-0.08731037637537616,0.25,-0.23487050206025567
94.6,6.118238155011415,2.4680153058300522,-0.4029141188058831,0.2505239706588149,-0.08474735697147952,0.25,-0.23487050206025567
94.7,6.14219849693856,2.4578101902204446,-0.41261781281398574,0.25617063249703953,-0.10727586087078218,0.25,-0.23753259400517343
94.8,6.158083115571281,2.4508830226710776,-0.41964497428318853,0.25807034043180616,-0.10629578464725434,0.25,-0.23753259400517343
94.9,6.181789401098297,2.4402792117234458,-0.43080465681672525,0.25188080237370153,-0.10493857385838438,0.25,-0.23785652440932067
95.0,6.205647643049104,2.4294795084745697,-0.439500601150715,0.25450472522360823,-0.09520587459551295,0.25,-0.24034074513938464
95.1,6.228860531325654,2.418579781693109,-0.4484117294489204,0.2454285046432671,-0.09215681746919252,0.25,-0.24034074513938464
95.2,6.251566235570488,2.4074947238168445,-0.45825905066566075,0.2584952928937558,-0.11531367963954156,0.25,-0.24753243873260172
95.3,6.273994705190799,2.3963809871451027,-0.46997805899318523,0.24720288220362077,-0.11808245692288268,0.25,-0.24753243873260172
95.4,6.296275216191385,2.385157090183722,-0.4816189547007573,0.2499045929892444,-0.11046773049646129,0.25,-0.24881147585985594
95.5,6.318437358241715,2.3737117265569014,-0.4932817641573488,0.25496325810228937,-0.11969247771487976,0.25,-0.24698255821900644
95.6,6.340601982650531,2.3616057559945363,-0.5037508845963292,0.24769985944482908,-0.09171258241825944,0.25,-0.24698255821900644
95.7,6.363153721658115,2.349192126909044,-0.513264216169928,0.254481983098564,-0.09354385925507867,0.25,-0.24442541959885453
95.8,6.385868873258428,2.336485329369306,-0.5231600978494042,0.25286246467565454,-0.10582883942668529,0.25,-0.24442541959885453
95.9,6.408268264244562,2.3235062434496276,-0.5345730323229242,0.2617585786638979,-0.10581681580870858,0.25,-0.23648410509429502
96.0,6.430587528617969,2.3101532959527673,-0.5451954663382116,0.25609014977551825,-0.11077953489529958,0.25,-0.24527096257291967
96.1,6.452720875887505,2.2966068270146933,-0.556150844603964,0.24772128111583533,-0.12974431701074732,0.25,-0.24527096257291967
96.2,6.474316679190001,2.282928190824902,-0.5682990388167183,0.24551127455027233,-0.10704229381554294,0.25,-0.21905418249740155
96.3,6.49584568221848,2.2691940011777985,-0.5776457426032153,0.2474990227158011,-0.08484438627295622,0.25,-0.21905418249740155
96.4,6.516969330145995,2.255299051125707,-0.5872657690815377,0.2546139108705174,-0.10708908009443532,0.25,-0.2384577742418566
96.5,6.530836323052624,2.246047958334,-0.5936896796434186,0.235821016958841,-0.08726789351511204,0.25,-0.22128159014318177
96.6,6.55158178333273,2.2321280306444566,-0.603424747549206,0.23979288468407045,-0.10241417310856006,0.25,-0.22128159014318177
96.7,6.5722637552112575,2.2178219147512386,-0.6121214725645728,0.24033448166059984,-0.08013455834832196,0.25,-0.22012283710286487
96.8,6.593106403453328,2.203065258261348,-0.6216015005260234,0.26366376284832743,-0.08489840797976302,0.25,-0.22012283710286487
96.9,6.613833135836465,2.1881825003547997,-0.6319078601261746,0.2625580122846258,-0.1163128337294795,0.25,-0.22966233027757102
97.0,6.634830278330082,2.1726755257220383,-0.6415500972772052,0.2652365923507109,-0.07616233298059263,0.25,-0.22395279364169748
97.1,6.655523563275279,2.1571047658705513,-0.6510344231955069,0.260669162265086,-0.08739791157267189,0.25,-0.22395279364169748
97.2,6.675926022484271,2.1413980394563734,-0.6608839813088693,0.2504949785404213,-0.10191015905082465,0.25,-0.23608651966771346
97.3,6.696036242197872,2.1256534894614925,-0.6708552007306599,0.24960842552223464,-0.10154610568332209,0.25,-0.2297716816711736
97.4,6.716051868875679,2.1097109654782433,-0.6803787092521939,0.2546016424496226,-0.09126297632361911,0.25,-0.2297716816711736
97.5,6.735836916224112,2.093578282295122,-0.6898373353848565,0.25005592055154446,-0.09162042668689784,0.25,-0.2270111244777997
97.6,6.755210993770535,2.077480014279946,-0.699799104094181,0.24498137069919748,-0.0980398060038777,0.25,-0.2270111244777997
97.7,6.774478341099619,2.0614537993829085,-0.710082830638918,0.2502781734474501,-0.10448858854515777,0.25,-0.2301870074176005
97.8,6.793751056954775,2.0452795949973144,-0.7211008045846233,0.2465846105115836,-0.11055174835585563,0.25,-0.21894972769464394
97.9,6.812822829521777,2.0286344651511112,-0.7318075910358194,0.25049597948597274,-0.09963767954430346,0.25,-0.21894972769464394
98.0,6.831757999580452,2.0115237985052556,-0.740906217937518,0.23976950875663755,-0.10463195721366571,0.25,-0.2206129904898714
98.1,6.8442360889374,2.000044855955504,-0.7469674060450179,0.24466323384386127,-0.09329071993800778,0.25,-0.2206129904898714
98.2,6.862930385313919,1.9827551489402784,-0.7575239109491468,0.241585463296628,-0.11331698083629152,0.25,-0.23513913854446283
98.3,6.880978956533268,1.9653957122966728,-0.7684414869518174,0.24327247411830136,-0.11931698621049328,0.25,-0.2183375493795274
98.4,6.899270150950586,1.9479619610893435,-0.7779329278336974,0.24873954522320757,-0.08800918135537344,0.25,-0.2183375493795274
98.5,6.917387466409203,1.9301360995495456,-0.7868361638192789,0.25021800757430146,-0.08619392510019289,0.25,-0.21426344586835827
98.6,6.935340644236485,1.912209038380415,-0.7956864140456023,0.24622155257467676,-0.085643532900311,0.25,-0.21426344586835827
98.7,6.9533133331392225,1.8938254926902856,-0.8046770144435633,0.25474232826878146,-0.09107029445116385,0.25,-0.2142106696859886
98.8,6.971519537513737,1.8750894219961574,-0.8143767883219306,0.2584530125864179,-0.09642905473919919,0.25,-0.21046219564322496
98.9,6.989399542902422,1.8562415020804397,-0.8237453888954551,0.24449807879027047,-0.08973525571339662,0.25,-0.21046219564322496
99.0,7.006678149342546,1.837806145524838,-0.833302492824471,0.24497352897163943,-0.10302558611733327,0.25,-0.23182851328767312
99.1,7.023737330955817,1.8191241366856874,-0.8437520479025047,0.2510188022427069,-0.10185806539434543,0.25,-0.23182851328767312
99.2,7.040547207018455,1.8000930226766325,-0.8539445136374127,0.25183971035536473,-0.09314455596710423,0.25,-0.21544074483535347
99.3,7.0569037311361855,1.7811559269652348,-0.8640096088016735,0.239117051659879,-0.10054216947762139,0.25,-0.21431516180934881
99.4,7.073223443281755,1.7619146031936928,-0.8746800654085336,0.24624362305095196,-0.10870984860826115,0.25,-0.21431516180934881
99.5,7.089550898145256,1.7425099038054788,-0.8843150700445146,0.25378258927332387,-0.08459439151731633,0.25,-0.22406845299123124
99.6,7.105660724227027,1.7228585864046346,-0.89295319720171,0.249892324161985,-0.08482558263002585,0.25,-0.22835203396807263
99.7,7.121605943804324,1.7031214252513946,-0.9017161639960999,0.25019541215495666,-0.08414703876503998,0.25,-0.22835203396807263
99.8,7.1322133743089005,1.6896346902393664,-0.9079023215970551,0.25630523166571306,-0.1043890503689936,0.25,-0.22993975117956145
99.9,7.148453700849479,1.669107485898187,-0.9185861359731654,0.2579431565282445,-0.10678311937962001,0.25,-0.22993975117956145
100.0,7.1644847238370755,1.648344169161974,-0.9295286058665496,0.2524952074933362,-0.10144769314154138,0.25,-0.2212454729162009
100.1,7.1797582730434515,1.6277562324208563,-0.9407827465670623,0.24379238379145504,-0.12155037595501632,0.25,-0.21977442393289276
100.2,7.194753081000939,1.6071361599976168,-0.9506218320343709,0.2627910811955296,-0.08404185002304344,0.25,-0.21977442393289276
100.3,7.2094097317090275,1.5864190797680928,-0.9586419181865019,0.2404410202640657,-0.08625051730767552,0.25,-0.2151742817532475
100.4,7.223754932760672,1.565985386594295,-0.969688067239572,0.25155961694309115,-0.09429815863984425,0.25,-0.2151742817532475
100.5,7.2378243031257155,1.5452584342591624,-0.9799762304872424,0.24101192073967448,-0.11530004424086955,0.25,-0.20833071040757656
100.6,7.251733501186819,1.5244040480590686,-0.9899566908810765,0.243680470091627,-0.09745509473018356,0.25,-0.20949554910787033
100.7,7.265658665203235,1.5033145876122431,-0.9983430281522785,0.2501489746137966,-0.07249484266776181,0.25,-0.20949554910787033
100.8,7.27941430506445,1.4818793295558503,-1.0059354929589142,0.24593677351992999,-0.07558685586127184,0.25,-0.22070326201358667
100.9,7.293194808131336,1.4599696541766929,-1.0132443707930168,0.2630149570444255,-0.07260583096665706,0.25,-0.2061064781828386
101.0,7.306847063880315,1.437790401523573,-1.0227859512661892,0.2571872779468882,-0.09484754778596795,0.25,-0.2061064781828386
101.1,7.32047984123957,1.415572350913377,-1.0321080591973462,0.256749868723648,-0.09552346225877559,0.25,-0.20875629360254844
101.2,7.333974628320694,1.393265846092505,-1.0419107224533777,0.2521291419511538,-0.0989674352078375,0.25,-0.20875629360254844
101.3,7.34682139999182,1.3710707606670327,-1.0503959331502488,0.2515672927135775,-0.07416248982366527,0.25,-0.20900613214339478
101.4,7.355234265240314,1.3564844212072096,-1.055497141662189,0.24225558531148794,-0.0700440307751051,0.25,-0.2045200982362863
101.5,7.3676539184040415,1.3349979174661,-1.0624302950418438,0.24455374279157577,-0.06719349032264355,0.25,-0.2045200982362863
101.6,7.37985836704412,1.313393153764259,-1.0694664998380408,0.24860997384510108,-0.07921032978362585,0.25,-0.21155044814636248
101.7,7.391858080516551,1.2914683463437704,-1.077805455366485,0.2402307733168455,-0.09032138268713716,0.25,-0.21155044814636248
101.8,7.403638343971176,1.2694330774859484,-1.0870525217774953,0.24828431427304887,-0.09516998560458484,0.25,-0.2139883979611195
101.9,7.415433542126621,1.2468672372693705,-1.0974548383135907,0.2534389721137638,-0.09729605087712948,0.25,-0.21585289045113665
102.0,7.427147715617013,1.2236986662704779,-1.1071258499626144,0.2576972916545899,-0.07428483606446815,0.25,-0.21585289045113665
102.1,7.438633668940516,1.1999939931220973,-1.1138433808421313,0.25966153341026366,-0.06607174485426126,0.25,-0.21536857068152382
102.2,7.449933145694556,1.1761238090839172,-1.1203997527296963,0.2603286521782996,-0.061978068243593164,0.25,-0.21536857068152382
102.3,7.461164727707472,1.1522416056899998,-1.1273023454260447,0.258846722311375,-0.07504742553087707,0.25,-0.23291856399576022
102.4,7.472475731774534,1.128999480237024,-1.1376202237586541,0.2531658582408241,-0.1126252890081104,0.25,-0.23322343092101452
102.5,7.483012824233184,1.1058712934763297,-1.1489145046313833,0.252261940913137,-0.112552675515179,0.25,-0.23322343092101452
102.6,7.493311512263392,1.0829364404284987,-1.1595803387245218,0.23748550203269464,-0.07185440110796586,0.25,-0.2279492979235105
102.7,7.503354410460871,1.0602833460669943,-1.16648228850723,0.2381742882055903,-0.06869329605515842,0.25,-0.22608728402713235
102.8,7.513288881814403,1.0379726420348296,-1.173124099837472,0.23783506606191795,-0.061868905388766895,0.25,-0.22608728402713235
102.9,7.523017247905222,1.0152377635631191,-1.1800357221837154,0.2549123331810339,-0.08801067610198034,0.25,-0.2207247209649451
103.0,7.532776289614319,0.9916751566922593,-1.1901482102412544,0.2527382830859688,-0.10100748114609782,0.25,-0.2207247209649451
103.1,7.53916705701665,0.9758410261293868,-1.1968152979155366,0.2497686546455393,-0.08858257921981526,0.25,-0.23878776765130727
103.2,7.5485774290893755,0.9514681091854561,-1.2052709781941335,0.26305168631294584,-0.06707398598608302,0.25,-0.23878776765130727
103.3,7.55774864703276,0.9263934301545982,-1.211845552589715,0.26257140733115414,-0.06621508216025919,0.25,-0.24496566467095923
103.4,7.566728165168752,0.901228631431727,-1.2183428567117838,0.2636689269680223,-0.06208359360520388,0.25,-0.24393653934597564
103.5,7.575513059514015,0.8768549526060329,-1.2270746008326707,0.2500008930639186,-0.11469299135826659,0.25,-0.24393653934597564
103.6,7.584218603243466,0.8527567503442793,-1.2390753944405037,0.2520589226758734,-0.11709764096238628,0.25,-0.24518660502227674
103.7,7.592386958384561,0.8286267381896087,-1.2511643088379805,0.24490195260488096,-0.11279401825169799,0.25,-0.24518660502227674
103.8,7.600223390063531,0.8048739190442272,-1.2621532090536576,0.23473211488059595,-0.07782595982464388,0.25,-0.24191713792074138
103.9,7.607786206780512,0.7813638685347135,-1.2692795947019413,0.23730978879455078,-0.06127682238066128,0.25,-0.23283976309024748
104.0,7.615284401834721,0.7581252069738641,-1.2752941779014502,0.23982202556896504,-0.05421629635453021,0.25,-0.23283976309024748
104.1,7.622749397208731,0.7336855445715861,-1.2829137656751042,0.2606377547546032,-0.08845756386490043,0.25,-0.24089191389313236
104.2,7.629953326171962,0.709220710917119,-1.2914599367361088,0.26187114978021064,-0.07828040962953706,0.25,-0.24089191389313236
104.3,7.637011708137165,0.6843869118233982,-1.3010021729366492,0.25805711585574814,-0.1197337001977484,0.25,-0.2395119187851054
104.4,7.643711610582464,0.6589823754994804,-1.3119316371361596,0.2507831082496582,-0.06179930671835385,0.25,-0.24172586120383457
104.5,7.650255679949636,0.6332525129848936,-1.3177918380479867,0.26320514509398785,-0.05689847754541018,0.25,-0.24172586120383457
104.6,7.656602082858573,0.6084118251530666,-1.3257513546310307,0.2453655795647744,-0.0980191750050501,0.25,-0.24512387331909555
104.7,7.66273092848196,0.5836229606313098,-1.336913382116849,0.24307129750481363,-0.11101592150838999,0.25,-0.25010867428868727
104.8,7.666654180361134,0.5670812684306589,-1.3456127563214855,0.2563517550202806,-0.12749956692851153,0.25,-0.25010867428868727
104.9,7.6722169513313005,0.5422393736438331,-1.359473460233767,0.25166705125501965,-0.13825349777255141,0.25,-0.252127071020521
105.0,7.677342757749358,0.5176957582475559,-1.3708431521456814,0.25662559258030576,-0.07069658702548173,0.25,-0.252127071020521
105.1,7.682339371513345,0.4929734825845839,-1.37671210487771,0.2556166554895992,-0.05079713780547597,0.25,-0.24654515698016136
105.2,7.687211946015549,0.46764226714788615,-1.38179236341329,0.239602630553914,-0.05165062055144909,0.25,-0.24327836163587918
105.3,7.691967056603414,0.44229024071421413,-1.3867898840153623,0.25325415161959486,-0.04707841281928808,0.25,-0.24327836163587918
105.4,7.696625563339673,0.41702932727779113,-1.392049142005068,0.2575928866187834,-0.05774807092860621,0.25,-0.2571370055615114
105.5,7.70108859616194,0.39197226328062484,-1.398710791258546,0.24383056294309438,-0.09000225880491419,0.25,-0.26723228745360883
105.6,7.705341357624351,0.36713206090240763,-1.4103647575260732,0.25367637440768576,-0.13287886962347922,0.25,-0.26723228745360883
105.7,7.709350218052884,0.34202028036408566,-1.4208201240711908,0.2444890870873716,-0.0893722890151613,0.25,-0.27180946224646396
105.8,7.713153681138681,0.3169014649329743,-1.4296791769056791,0.24489155786012887,-0.08690613629105419,0.25,-0.27180946224646396
105.9,7.716848837006011,0.2916477080351728,-1.4387012032646276,0.24768855457970768,-0.08458034641185622,0.25,-0.27745207630926066
106.0,7.720321637195651,0.26632936302397453,-1.4474578320294675,0.2620487545152711,-0.0961816813363727,0.25,-0.274319340996625
106.1,7.723479009169136,0.23981614600599208,-1.4560909396472248,0.2663724790814665,-0.06942053726916203,0.25,-0.274319340996625
106.2,7.726403922548743,0.21354900224699955,-1.4634101268236543,0.2645658735594478,-0.0889599640715565,0.25,-0.28314201362120284
106.3,7.72909130832751,0.1879465437403185,-1.4762384878839474,0.24383553966481905,-0.14262101596516308,0.25,-0.28314201362120284
106.4,7.730771962005631,0.1711602281990057,-1.4849744192233179,0.2346997581830859,-0.11964182918596201,0.25,-0.27441464655514525
106.5,7.732775774733007,0.14559746280105887,-1.4961239505555826,0.23385423538976274,-0.10311174106234519,0.25,-0.2706766949857402
106.6,7.734488754828395,0.12063573785468487,-1.5073185008824863,0.2364396511636868,-0.12741365762088389,0.25,-0.2706766949857402
106.7,7.735941524042821,0.0957504598219967,-1.5234793583043809,0.23790965792679772,-0.17069007000339753,0.25,-0.27033536916971024
106.8,7.737038638973221,0.07057858544308976,-1.538494555499727,0.2583060582794534,-0.13546039804637827,0.25,-0.27033536916971024
106.9,7.737765905100781,0.04515948070485619,-1.5514527595666676,0.24103038477974867,-0.10660537668606812,0.25,-0.2580871521275473
107.0,7.73813562554729,0.01956194841231995,-1.561507164122826,0.2534979248459296,-0.11879162489242076,0.25,-0.24183664314381814
107.1,7.7385435121450765,-0.005950489702443433,-1.5713831890321492,0.2533446445330302,-0.08544916139091532,0.25,-0.24183664314381814
107.2,7.7384341252703885,-0.03219648072350064,-1.5792158183602745,0.2611200984733253,-0.06753355593645825,0.25,-0.24800000234632194
107.3,7.738110398724588,-0.05848345626487071,-1.5868871418759831,0.24559845265197883,-0.08691265586575504,0.25,-0.24800000234632194
107.4,7.737588460303096,-0.08470678618595644,-1.5965122208413147,0.26473749159784826,-0.09042273387083108,0.25,-0.24284315407882442
107.5,7.736809910233873,-0.11031523792760588,-1.6094233340133373,0.26274685572668627,-0.12298771561675405,0.25,-0.2557479214716619
107.6,7.7357360881569885,-0.13573558568236194,-1.6194539912021226,0.24688938273596508,-0.07289268534896678,0.25,-0.2557479214716619
107.7,7.734452940630355,-0.16056276222215177,-1.6277231262928813,0.2341071826125288,-0.08150162320791965,0.25,-0.25113812307971006
107.8,7.733008790059371,-0.18483646301248,-1.6340365941450488,0.23306374659487744,-0.041238248849504625,0.25,-0.2519251578251731
107.9,7.7313909053035506,-0.20884443577873937,-1.638153520429745,0.2333614054857882,-0.03950172849260241,0.25,-0.2519251578251731
108.0,7.729710259947009,-0.232941557387692,-1.6425251084605776,0.23625584131946328,-0.05651757719391343,0.25,-0.25471092040390664
108.1,7.728551450877749,-0.24960022103517854,-1.6476035156066264,0.24480787015712502,-0.09737377595749858,0.25,-0.25471092040390664
108.2,7.726864197069192,-0.27510270157758765,-1.6584635656227165,0.2545751075003529,-0.10240242055390585,0.25,-0.27146996517888994
108.3,7.724578728329564,-0.30139706008826683,-1.6674099205765265,0.2537726626451991,-0.08357882129674868,0.25,-0.27425599790816113
108.4,7.72202079714193,-0.32780774046897354,-1.6744704336906844,0.26784403966500764,-0.0683225519007077,0.25,-0.27425599790816113
108.5,7.719362121719408,-0.35374588602174495,-1.6822140935161412,0.25189717752218616,-0.0928687601455235,0.25,-0.27873722073229246
108.6,7.716371226239807,-0.3799047361990022,-1.692896451922171,0.23701277510630295,-0.11843083746035256,0.25,-0.27873722073229246
108.7,7.713159323654638,-0.4050924210654689,-1.7060879993678144,0.2542574082656834,-0.13617857250658796,0.25,-0.27804781075089613
108.8,7.7097230231866085,-0.4299056796116351,-1.7202765884411433,0.23623363699865974,-0.14556912680829642,0.25,-0.27804781075089613
108.9,7.706133674288643,-0.4545184670409494,-1.7344076874603376,0.2562915383760841,-0.12010119230690185,0.25,-0.27476549166555564
109.0,7.702007142192813,-0.4790264085183891,-1.7446555602725675,0.23214755632315007,-0.0871576377400203,0.25,-0.27013808065827816
109.1,7.697732944825919,-0.5032570998550007,-1.7537528093304524,0.23622915344387949,-0.09841757032279934,0.25,-0.27013808065827816
109.2,7.693008391767305,-0.5278994251625609,-1.7645461734625518,0.2564263246836063,-0.10505956022513996,0.25,-0.25629839666175847
109.3,7.687863591746951,-0.5532389697114246,-1.7750587583076,0.24912648216621552,-0.08509975314554549,0.25,-0.2583372437981954
109.4,7.682549772686455,-0.578805088933064,-1.7845368058955435,0.25709756230217895,-0.08805452622901,0.25,-0.2583372437981954
109.5,7.676966197054594,-0.6044062456519174,-1.7935489409471272,0.26398617049329653,-0.09315265065487813,0.25,-0.2497778591190357
109.6,7.671233721480414,-0.6301071423697305,-1.8031536627194986,0.25731266151765464,-0.09378771188563441,0.25,-0.2497778591190357
109.7,7.667355255350191,-0.6469058327049898,-1.8101467854604991,0.26340245534689544,-0.12375981185275461,0.25,-0.2508330495647314
