t,x,y,yaw,v,w,v_cmd,w_cmd
0.0,-3.211555296373915,0.14281968794102046,1.5188989428227848,0.2603940624991403,-0.0756084570319884,0.25,-0.1892410184741639
0.1,-3.2101983860643886,0.1687754347910659,1.5133066855265491,0.26166279726912156,-0.06306666044091085,0.25,-0.1892410184741639
0.2,-3.2086478846029736,0.19505029068412738,1.5086023833454685,0.26079105104050004,-0.027591751505969566,0.25,-0.19082736298433722
0.3,-3.207029269290273,0.22102597781677122,1.504132621653083,0.24848626236155724,-0.07717872423868273,0.25,-0.19082736298433722
0.4,-3.205309266692894,0.246452453380521,1.4971231614317697,0.25445086151731583,-0.06267664181878058,0.25,-0.19447145391441784
0.5,-3.2032928019410547,0.2717156926579467,1.4892663262940742,0.25000859412659787,-0.08696561866750138,0.25,-0.20015948220502253
0.6,-3.2011747698383046,0.2968321821559352,1.4797358999638202,0.2512994318064861,-0.08369190247714654,0.25,-0.20015948220502253
0.7,-3.198791463783462,0.3219102763024563,1.4725622814889836,0.2407869175197283,-0.06798279937191214,0.25,-0.19995655878755675
0.8,-3.1971606465384763,0.3385880062059903,1.4677643305089085,0.2389434969320551,-0.07319045759857296,0.25,-0.19995655878755675
0.9,-3.1945390629617103,0.36342227711798875,1.4610712617269692,0.25481245203451713,-0.0609616717882215,0.25,-0.19927675305429163
1.0,-3.1916561114409436,0.38863740359040155,1.4541170202829048,0.24588476593690756,-0.06477016505508466,0.25,-0.19927675305429163
1.1,-3.188580445629353,0.41420725241346695,1.4479409893651671,0.25786375806080347,-0.0608820234819566,0.25,-0.20155545595905763
1.2,-3.1853507508899903,0.44003228627933144,1.441428119702493,0.2567779260450892,-0.04991601751695568,0.25,-0.20622309473219377
1.3,-3.1820178656389118,0.4661008974879507,1.43623163778215,0.25726910056497737,-0.04932432795484956,0.25,-0.20622309473219377
1.4,-3.178554532538774,0.492012736362915,1.4308852860994166,0.25320116707447304,-0.06424303482251502,0.25,-0.2058446561169048
1.5,-3.1749480040372826,0.5174850676793756,1.4239736548006359,0.25463090151417594,-0.06814597539538415,0.25,-0.20958038256359535
1.6,-3.1711725591771125,0.5426528334194772,1.4168714581773867,0.25248843339791044,-0.0691327039556148,0.25,-0.20958038256359535
1.7,-3.1671875578881608,0.5676765933450238,1.4096438959334363,0.2500192293146576,-0.08999601545915782,0.25,-0.2121276275196185
1.8,-3.1630463466755105,0.5924468558800154,1.399879725987242,0.24560912169772645,-0.09058387341309575,0.25,-0.2121276275196185
1.9,-3.1587896914088964,0.6170873227729491,1.3915122371585342,0.2406074980946508,-0.08239272115268385,0.25,-0.2143132460502513
2.0,-3.154461228828494,0.6416871903050956,1.3833186840555145,0.2474565588293869,-0.0747193536051672,0.25,-0.2143132460502513
2.1,-3.149604074391477,0.6666385415419072,1.3757296011704305,0.2362578758018543,-0.07146266810195104,0.25,-0.21178479278671608
2.2,-3.144560464717321,0.6918374479506897,1.3670011351096176,0.24501880112719088,-0.08047662390625944,0.25,-0.21514619619719047
2.3,-3.1393374364871836,0.717221229449196,1.3577577175795326,0.24777316137775268,-0.0983197257117563,0.25,-0.21514619619719047
2.4,-3.133821562986759,0.7424991179365918,1.349751331352839,0.24962970602322043,-0.09250169038486762,0.25,-0.21076041937323092
2.5,-3.130139021216796,0.7590967193312732,1.3441343151423781,0.23926557943286203,-0.07047095071609409,0.25,-0.21076041937323092
2.6,-3.1244808911791697,0.7835213811821218,1.3373100463812182,0.2484154017465915,-0.08645075137811407,0.25,-0.2093182210037865
2.7,-3.1188080393996906,0.8083119749790347,1.327668642949096,0.25318275258459133,-0.09041658018540566,0.25,-0.2093182210037865
2.8,-3.1126786197550618,0.8330234047636481,1.3195476142401383,0.25194643569101344,-0.08559733161263115,0.25,-0.2076907874107404
2.9,-3.106283716666768,0.8575078421986501,1.3096044281820016,0.24549928969406148,-0.0977319337930407,0.25,-0.20907624981762626
3.0,-3.0997394332878194,0.881789279116042,1.301344338486009,0.24767377240101315,-0.1133595211908629,0.25,-0.20907624981762626
3.1,-3.0929374575078983,0.9063529331108575,1.2901973965522096,0.243944445113783,-0.09845238451518105,0.25,-0.2110626125621331
3.2,-3.0857584794798774,0.9309151434345557,1.279253726221515,0.2619750908252313,-0.09562069038859251,0.25,-0.2110626125621331
3.3,-3.078390334422135,0.9553766800214787,1.2708544151226842,0.24479091729305338,-0.07943032766872787,0.25,-0.20443038535787042
3.4,-3.0708458677174426,0.979773350875034,1.2621403148291122,0.24048933845290477,-0.09818904904376542,0.25,-0.20691044051330368
3.5,-3.0631330081582884,1.0041843898959346,1.2524810353851255,0.25570086395664154,-0.1051531411083902,0.25,-0.20691044051330368
3.6,-3.0551431437447247,1.0276382479560862,1.2456651399469352,0.2448969827912599,-0.0598594102942414,0.25,-0.20807686358647923
3.7,-3.0470302556435267,1.0511715585630657,1.2392721658964658,0.2476511594300707,-0.08716570397748126,0.25,-0.20807686358647923
3.8,-3.0388612027491932,1.075273065425922,1.2293319639433036,0.24604538119825028,-0.09481746369062223,0.25,-0.20876285893830787
3.9,-3.0305628378905496,1.0992692645059403,1.2191295247653746,0.2479001335499946,-0.10383129097010521,0.25,-0.20876285893830787
4.0,-3.021948935511076,1.1233398845121596,1.209854735576859,0.2569108429467391,-0.06584786052397389,0.25,-0.208683268074349
4.1,-3.015871286137711,1.139758020529042,1.2055759931330285,0.2570002697761284,-0.059333616114445625,0.25,-0.208683268074349
4.2,-3.0065555303595337,1.164434223344873,1.1993268268487114,0.2617955969343102,-0.060503419272300706,0.25,-0.20570321808740466
4.3,-2.9972023022402587,1.1884488048514616,1.1900734009356368,0.25075108064459556,-0.12963535148695624,0.25,-0.2106364564597497
4.4,-2.987569399946147,1.2121615120630784,1.1788412899658733,0.26043734343863606,-0.08667473827449912,0.25,-0.2106364564597497
4.5,-2.9777195753322516,1.2357195808394468,1.1709800908161345,0.26357186146769684,-0.06874224892826863,0.25,-0.21020926218973235
4.6,-2.967920959108505,1.2588948595898097,1.161869910693156,0.25617883543119,-0.099874563108352,0.25,-0.2044086849447398
4.7,-2.9577338504765387,1.2818815008768103,1.1527991712334442,0.24838138084110045,-0.07856670888155341,0.25,-0.2044086849447398
4.8,-2.947461092262477,1.3049369927622634,1.1438303483534984,0.2488082213838368,-0.10101812939727482,0.25,-0.20472904472679476
4.9,-2.937074229162943,1.3280777879251473,1.1336041952304374,0.24981520374420543,-0.09812998242003057,0.25,-0.20312486620771816
5.0,-2.9266774197771963,1.3511280242798245,1.1234907825654514,0.24719102612482155,-0.10123990437805189,0.25,-0.20312486620771816
5.1,-2.9158047280905692,1.3740935523900113,1.1135222509132672,0.2540649951041528,-0.09156139987573586,0.25,-0.1994026629706643
5.2,-2.9043755473659636,1.3975859198225837,1.1062971516830378,0.24820823868780162,-0.06551181842801777,0.25,-0.1994026629706643
5.3,-2.8927818555901705,1.4211659130470984,1.0994865232669686,0.2570835780057182,-0.06564977991482365,0.25,-0.19897524829945165
5.4,-2.881047988122832,1.4441718574064923,1.0927082761780453,0.2627800815814106,-0.058407092348359696,0.25,-0.19958153694243705
5.5,-2.869210557326608,1.4668939048059977,1.0867467566352147,0.23831552844011775,-0.05888879215603595,0.25,-0.19958153694243705
5.6,-2.8573189347037014,1.4894502912964862,1.0806083654296723,0.23920097955324718,-0.060483887266815826,0.25,-0.1994441606066254
5.7,-2.845392085135725,1.5116823308765768,1.0744522215085963,0.24480832145652046,-0.07400306680909308,0.25,-0.1994441606066254
5.8,-2.8374170308462126,1.5263306282772633,1.0686864680048282,0.24038351572970806,-0.0905477788332549,0.25,-0.19308009611947247
5.9,-2.8252233387244603,1.5483276609414998,1.0600537488790716,0.2502254134767896,-0.06774846617797795,0.25,-0.19308009611947247
6.0,-2.812801881182933,1.57016871360858,1.0528582125544461,0.24507306989823585,-0.08560206187637127,0.25,-0.19970354233230375
6.1,-2.800315394475406,1.5922966807805663,1.043470466174746,0.2495902246856209,-0.09330830992079825,0.25,-0.19830265501958244
6.2,-2.7876049994456666,1.6143234372679443,1.034087059101746,0.2517404754827461,-0.08790041094917862,0.25,-0.19830265501958244
6.3,-2.774412343470459,1.6365993464272592,1.025963043516907,0.2606975504437588,-0.07426166870199574,0.25,-0.19853678472408148
6.4,-2.7608959208799013,1.6589826229991784,1.0183679684830085,0.25156666658932597,-0.08902347289347198,0.25,-0.19603661534705602
6.5,-2.7472997251966547,1.681076734742785,1.0098354694145761,0.2579700755082954,-0.0874973597472129,0.25,-0.19603661534705602
6.6,-2.7336266480496385,1.7026647835270448,1.0006805997503991,0.25791827857405264,-0.06844055947352821,0.25,-0.19797490263901865
6.7,-2.719818770803571,1.7241001031356495,0.9907568116022417,0.25704137509103037,-0.11810572423921692,0.25,-0.19797490263901865
6.8,-2.705876602259228,1.7452072366426035,0.9790486727094647,0.250138024965063,-0.08761665569349847,0.25,-0.19519340506580765
6.9,-2.691783565828988,1.7660627738195436,0.9710600848917714,0.2477603930632609,-0.09360182974177103,0.25,-0.1919059406249146
7.0,-2.677641524925402,1.7865625774558949,0.9632236683106755,0.24532508538100106,-0.07324248920374364,0.25,-0.1919059406249146
7.1,-2.6631922339013623,1.8071521357338582,0.955571301650146,0.24608816300738798,-0.07562677434672639,0.25,-0.18944028624102577
7.2,-2.6484789021236534,1.8278991774036053,0.9476148122356506,0.2408804485251054,-0.07437620894227236,0.25,-0.18944028624102577
7.3,-2.6335286219183685,1.8486848938925609,0.9396976939332446,0.2484098426916319,-0.07738015846979439,0.25,-0.19032575715590153
7.4,-2.623440314929485,1.8626253921326552,0.9341122905974609,0.25941386827811147,-0.09295287728512115,0.25,-0.19032575715590153
7.5,-2.6079554070933044,1.8833847802963568,0.9255723757311575,0.2557100226347809,-0.07982219618160383,0.25,-0.18947595929109368
7.6,-2.5921996136278724,1.9039618197394164,0.9167460589894524,0.2596752879591806,-0.08490100808728801,0.25,-0.18929686274983284
7.7,-2.5764737840885226,1.924399860642369,0.9088870265770468,0.25273414398120025,-0.07639019884782414,0.25,-0.18929686274983284
7.8,-2.5608321907697174,1.944465080326148,0.9009948969640303,0.24735342386329534,-0.07783326201832129,0.25,-0.18388341276720405
7.9,-2.5449845406484206,1.964295035581848,0.8932079497189309,0.2470604365605146,-0.07179683967897424,0.25,-0.18370973283182074
8.0,-2.52920174588592,1.9838897492466623,0.8855538182214796,0.24579413276817721,-0.08071518470117134,0.25,-0.18370973283182074
8.1,-2.513644342519982,2.0034023151180342,0.8772937838311508,0.24502642768846186,-0.0805620770004768,0.25,-0.18264074881061793
8.2,-2.497834262856319,2.0227345279971574,0.8691529775775614,0.24056851475452204,-0.07994656849203441,0.25,-0.18264074881061793
8.3,-2.4813337325297686,2.0421678029199897,0.8614136223497193,0.2544969568193227,-0.07506251467954855,0.25,-0.18307835800436115
8.4,-2.464654880000544,2.061690636774603,0.8533819506958226,0.24934460790781535,-0.07852234883596108,0.25,-0.17705727938870947
8.5,-2.4477722193441083,2.081190687263792,0.8454893218830313,0.257604779816344,-0.08025876784424131,0.25,-0.17705727938870947
8.6,-2.430437038607791,2.100497463324299,0.8376630357155049,0.2493824694261646,-0.06459787716851033,0.25,-0.1808471907756919
8.7,-2.412945130450688,2.11963299796021,0.8299710262819272,0.2578389204722816,-0.07964744527191452,0.25,-0.17133132628085837
8.8,-2.3955398532854257,2.138588376958149,0.8223022897142979,0.24654399193499052,-0.06743769846948612,0.25,-0.17133132628085837
8.9,-2.378130025917682,2.157300105520719,0.8154775401181525,0.24641013561949224,-0.06630288126787248,0.25,-0.17073179350324003
9.0,-2.3664551277439667,2.1696690950788353,0.8108446361050182,0.2537676974262921,-0.06889543703750953,0.25,-0.17073179350324003
9.1,-2.348863569360312,2.187994453868288,0.803873944772579,0.24611118086455383,-0.06691935882522106,0.25,-0.17448609472628435
9.2,-2.331602792395026,2.2061236738577565,0.7964693772966815,0.24315618682375567,-0.07489320860965454,0.25,-0.17448609472628435
9.3,-2.3141551049413,2.2241364346409305,0.7887338109291817,0.24269038593655526,-0.07224577898926407,0.25,-0.178653033276945
9.4,-2.2964695293344377,2.242046902908215,0.7809603475283527,0.2546597142159049,-0.07898738449519789,0.25,-0.17658435371880607
9.5,-2.278267074233533,2.2602000586171855,0.7728878840615282,0.25238409389160416,-0.07860316490182778,0.25,-0.17658435371880607
9.6,-2.25995144508661,2.2782271339813276,0.7649258315676846,0.25663712923132903,-0.08136005787532262,0.25,-0.17759842516373953
9.7,-2.2411794997529855,2.2960835774839934,0.7566106256140422,0.25865097353061767,-0.07293145078019436,0.25,-0.17875995721005142
9.8,-2.2222550453047507,2.3137395475652176,0.7490308386982591,0.25557137722051426,-0.07259063756997976,0.25,-0.17875995721005142
9.9,-2.203362356829109,2.331231311261062,0.7413837897414397,0.2586114842191807,-0.07366723560861951,0.25,-0.17810729094894417
10.0,-2.1844838589053994,2.3484412839332003,0.7338706687985665,0.24636011144897205,-0.07245658352893454,0.25,-0.17810729094894417
10.1,-2.165506579190774,2.365490143206418,0.7264726437222453,0.25267368323817074,-0.07322526923860308,0.25,-0.1782884558621811
10.2,-2.1464598252473133,2.382247404397626,0.7185574153459738,0.24888768366665684,-0.0784495751955988,0.25,-0.17858561335860856
10.3,-2.1277473846708483,2.3988384569007115,0.7110757710320783,0.240910451563016,-0.07345061791380299,0.25,-0.17858561335860856
10.4,-2.108823383781729,2.415305340383809,0.7036881539164703,0.24474635437368872,-0.07334553553476215,0.25,-0.17803825665837025
10.5,-2.0895356725446455,2.43164879112988,0.6960801521076182,0.25245102093406446,-0.08356939274185864,0.25,-0.17803825665837025
10.6,-2.070002526077637,2.447980646352072,0.6880872341215057,0.2459497855770527,-0.07906018876660714,0.25,-0.17953817971169128
10.7,-2.0567390723581602,2.4588219478175577,0.6830850964492579,0.25472819686807596,-0.07334662425028375,0.25,-0.17953817971169128
10.8,-2.0368089902298854,2.4750808263428574,0.675152721967286,0.2580654855741788,-0.07402551549378417,0.25,-0.17679231179036628
10.9,-2.0166241250652766,2.491211218694749,0.6687688616211959,0.2516033344743261,-0.07370415958441827,0.25,-0.1756576743845801
11.0,-1.9965005564432743,2.5071057758455075,0.6613540057798162,0.24463547493545493,-0.07659573382413831,0.25,-0.1756576743845801
11.1,-1.9764834007785155,2.5227250186403674,0.6541208128358291,0.25018287303332715,-0.07745280490111693,0.25,-0.17493526790523464
11.2,-1.9562245180573075,2.5382404669011978,0.6470235036287354,0.2447333182925018,-0.07487911484683404,0.25,-0.17589976056687706
11.3,-1.935849710010205,2.5536051812363856,0.6395393016274926,0.25312616083789585,-0.07344471001449614,0.25,-0.17589976056687706
11.4,-1.9156724367290014,2.56862262843463,0.6323151995922965,0.24343901887276692,-0.0633266557203049,0.25,-0.17661612929812714
11.5,-1.8955960008049801,2.58352365938917,0.6254576508535322,0.2521500171006764,-0.06730213269257888,0.25,-0.17749880081233654
11.6,-1.8746449338576547,2.5984667127013985,0.6180180006615961,0.249898778752739,-0.0745170124761655,0.25,-0.17749880081233654
11.7,-1.8537714716760962,2.613212815521418,0.6105079127835056,0.25234189584054,-0.07444905400454224,0.25,-0.1757546715937442
11.8,-1.832881933455898,2.627786251066741,0.602932200089953,0.24780101240667715,-0.08319282607168149,0.25,-0.1757546715937442
11.9,-1.8117383168419599,2.642317234905007,0.5953742496793215,0.2519876691834913,-0.07001855734644104,0.25,-0.16590789007660756
12.0,-1.7907324339583652,2.6565930654249357,0.5879969349537761,0.24599356470487863,-0.0704008480137855,0.25,-0.16590789007660756
12.1,-1.7696934312542936,2.6705544866201523,0.5806109283721108,0.25018577453589236,-0.0716700851614079,0.25,-0.16937547774679662
12.2,-1.7485386065456061,2.6844460541968846,0.5734171384959184,0.24890219914499667,-0.05967607825350181,0.25,-0.1700742334117041
12.3,-1.7342263645453309,2.6936545021741773,0.5692740970152702,0.25367830104080313,-0.059386717409051076,0.25,-0.1700742334117041
12.4,-1.712698455619515,2.7073357077827684,0.5631071091272323,0.24777040252244023,-0.06044863532155177,0.25,-0.16883647315177477
12.5,-1.6910074965939281,2.7208920041467173,0.5565625312689921,0.250644916340279,-0.06924667484491508,0.25,-0.16883647315177477
12.6,-1.6690882824207391,2.7345653341931415,0.5486715370550571,0.25944262676343505,-0.08033237360074612,0.25,-0.17130369273843687
12.7,-1.6470849144764117,2.748053700277184,0.5410009449164749,0.25330000797092794,-0.07063975665949906,0.25,-0.17476995128321643
12.8,-1.6251205607295869,2.7611506708590228,0.5339679460285524,0.2487136683297277,-0.06932580437902176,0.25,-0.17476995128321643
12.9,-1.6033447685722244,2.7740804056749315,0.5272758270359443,0.24784302964355404,-0.06407426486849169,0.25,-0.17291223239960582
13.0,-1.581439959045638,2.78685960798952,0.5207316004947589,0.24463451533824998,-0.06348262053233257,0.25,-0.17713577755971235
13.1,-1.5595899162978009,2.799354648012465,0.5131982818237509,0.24979716204622696,-0.08182407933400077,0.25,-0.17713577755971235
13.2,-1.5375865061262382,2.81153432841749,0.5045593192655516,0.24523871108404824,-0.08329450678983208,0.25,-0.17769706472932512
13.3,-1.5154782113679426,2.8237232328129864,0.4966284592979172,0.2523084701929255,-0.07205397411052182,0.25,-0.17769706472932512
13.4,-1.4930688622266153,2.8358301491764206,0.4902642511084905,0.24403490631628466,-0.06286581463178625,0.25,-0.17673207259724383
13.5,-1.4706182639616394,2.847788619620432,0.4842270233033062,0.2473545172747193,-0.05890229727413139,0.25,-0.17639890413983472
13.6,-1.4479328733630765,2.8596323203610843,0.4779691299899629,0.2546179924590386,-0.07279119367797329,0.25,-0.17639890413983472
13.7,-1.4249508681387033,2.8716082675417782,0.4697008208499692,0.2566241675876142,-0.08002817457247213,0.25,-0.18130104579480555
13.8,-1.4018699647934971,2.883433110856037,0.46171486468840156,0.26033416149868616,-0.07869012913391941,0.25,-0.18130104579480555
13.9,-1.3786958618512428,2.894839509114801,0.45421650910521405,0.25199394963724436,-0.05930780181451702,0.25,-0.173546245715976
14.0,-1.3634731641251714,2.9022829692822785,0.4501538547132669,0.24740158910647114,-0.06076036469158449,0.25,-0.173546245715976
14.1,-1.3406388319466598,2.9133383500358447,0.44402547245387475,0.249745455500574,-0.0602393762459787,0.25,-0.17370427064725047
14.2,-1.3179258593746992,2.9242070449019755,0.43763443569868227,0.2418369236640149,-0.07030493603895852,0.25,-0.17626199953989174
14.3,-1.2951011268192132,2.9348013347934025,0.43000058857420564,0.24494846044644344,-0.07896625050390853,0.25,-0.17626199953989174
14.4,-1.2721764484371816,2.9452752545955785,0.42210878509139754,0.2482032176982041,-0.07888999668285938,0.25,-0.1774605697647977
14.5,-1.249120860570473,2.955636445900314,0.41473127000818444,0.24781238786894386,-0.05915665401776483,0.25,-0.17786522324516274
14.6,-1.2257429642101891,2.9658569502617302,0.4088054635198279,0.24521937811531913,-0.05791661270220381,0.25,-0.17786522324516274
14.7,-1.2023150585807958,2.9759369265040956,0.4030416725645,0.2504872865049006,-0.06022808741780715,0.25,-0.175216880461818
14.8,-1.1785643344070174,2.986061849291791,0.3964058809895172,0.25277986968229793,-0.07704891562633726,0.25,-0.175216880461818
14.9,-1.1546720017333945,2.996177474654121,0.38901294973935796,0.2544261165493045,-0.07517927689515792,0.25,-0.17280378672464308
15.0,-1.1307813291093545,3.0059424832618453,0.382069818712193,0.2556221570482882,-0.06973819805088899,0.25,-0.17717962489380823
15.1,-1.1070605510065257,3.015394986036688,0.376080807190375,0.25205759026624364,-0.05495557647079689,0.25,-0.17717962489380823
15.2,-1.083545404745448,3.024704448285654,0.37042839115705384,0.24476867285038076,-0.056423676835002365,0.25,-0.17890774543011356
15.3,-1.0599509487812797,3.0338432993230096,0.36450689346783843,0.24449402902347742,-0.06698094980957378,0.25,-0.17890774543011356
15.4,-1.0365336110568018,3.042684001076095,0.35712983664429354,0.24140153350374718,-0.0819248790329648,0.25,-0.1833015723915045
15.5,-1.0129791478755108,3.0514249812758054,0.3491991751949968,0.24504803866868705,-0.08137015910742877,0.25,-0.1833015723915045
15.6,-0.9971248590529643,3.057232391978496,0.34382658813998396,0.24644943964162452,-0.07756456627848307,0.25,-0.192602452923389
15.7,-0.9730831123562762,3.06574753658116,0.337203957092144,0.2548498492684131,-0.062217413830935084,0.25,-0.192602452923389
15.8,-0.9489715636119644,3.0741612733680292,0.33064422712470304,0.24640181324677743,-0.06092484400627682,0.25,-0.19259331624005854
15.9,-0.9245056265145395,3.0824381407289128,0.32266059780057044,0.2591831765993078,-0.06189953744514333,0.25,-0.19513435615701863
16.0,-0.8996208894333051,3.090624499698432,0.3168517612628697,0.25231310576568844,-0.07340566879053577,0.25,-0.19513435615701863
16.1,-0.8748986034000518,3.09886297224724,0.3090226784184081,0.2539889557123586,-0.08180597649808295,0.25,-0.19781714190368732
16.2,-0.8503636631074021,3.1067122242707703,0.3007619909888638,0.23993429575361744,-0.07684225386480448,0.25,-0.19781714190368732
16.3,-0.8259082475516405,3.1142015866559714,0.293258505182022,0.2485814381973063,-0.0821372943542334,0.25,-0.20398807322509582
16.4,-0.8016096951318537,3.12149610262178,0.2842631489289939,0.24015389875309223,-0.08615444890325641,0.25,-0.20398807322509582
16.5,-0.777576494791393,3.128509480483327,0.27665659839476503,0.24665102464022737,-0.054071737190609225,0.25,-0.20835722140994073
16.6,-0.7537752633359309,3.135355610436964,0.27130820704691894,0.238331265147408,-0.05740691701997767,0.25,-0.2083718072090035
16.7,-0.7298798804758329,3.1420914412872447,0.2647186647376797,0.24383580714130076,-0.08025983259600938,0.25,-0.2083718072090035
16.8,-0.7053699258574657,3.1487460830698284,0.2569118987764703,0.251328960806173,-0.08082068650711723,0.25,-0.21209813712765968
16.9,-0.6805893311417277,3.1551483779400784,0.24798491108715232,0.2532477053256263,-0.08839125584352867,0.25,-0.21209813712765968
17.0,-0.6555488153732179,3.161398980717149,0.2395291341960944,0.26253328686649047,-0.06282861239745972,0.25,-0.21689041582444618
17.1,-0.6297884818101351,3.1674829216591167,0.23397483608631292,0.2623736721783754,-0.05003537207801651,0.25,-0.21689041582444618
17.2,-0.604000758146973,3.1734466286963596,0.22895263228742663,0.2533338358342353,-0.047827747446629786,0.25,-0.21352461253713545
17.3,-0.5869843013623042,3.177310272899121,0.22543751686528837,0.25764646484110415,-0.06798064806065886,0.25,-0.21352461253713545
17.4,-0.5620799818269204,3.182957795204842,0.21645308257576246,0.2407671453827874,-0.09484357614055088,0.25,-0.21624134660064664
17.5,-0.5373721130394453,3.1884343434926876,0.2053753126782909,0.25003817160092145,-0.11297711249250703,0.25,-0.2165458756816535
17.6,-0.5127744690651233,3.1935843839845495,0.1950349316028216,0.2402776929019695,-0.06330359689938442,0.25,-0.2165458756816535
17.7,-0.48862125172680576,3.1984393673391023,0.18999289178623832,0.243496373698913,-0.05153562364640308,0.25,-0.21053305276016154
17.8,-0.4643298584382879,3.203167466423365,0.18495118177454328,0.2429780214533155,-0.04644448040104837,0.25,-0.21006208633545614
17.9,-0.43983768692795694,3.207735422646883,0.179603360473234,0.24201853601351084,-0.0625157540522036,0.25,-0.21006208633545614
18.0,-0.414672019082826,3.212225507891976,0.17233073124594991,0.25290042816360925,-0.08455208305809322,0.25,-0.211258403171442
18.1,-0.38928147463214113,3.216503547100927,0.16322638162637926,0.261838940478814,-0.09004523079035999,0.25,-0.211258403171442
18.2,-0.3634152820104429,3.2206596410542283,0.15660291996019693,0.2568190535437115,-0.042639313034301456,0.25,-0.2138085372941152
18.3,-0.3371484847794923,3.22466645899454,0.15234488241654198,0.26132537630606506,-0.04101267842504664,0.25,-0.2073136230611307
18.4,-0.31113822304428096,3.2285722682125146,0.14771745337621223,0.2427980733682552,-0.0590146530607445,0.25,-0.2073136230611307
18.5,-0.2857830485039667,3.232483063439195,0.1395010200997826,0.24390180335779846,-0.08625280964101416,0.25,-0.20225894011448567
18.6,-0.2605652859957622,3.2360643610232613,0.1315000476083746,0.24500039922574593,-0.08646900503819546,0.25,-0.20225894011448567
18.7,-0.2355723719111496,3.2392629181587553,0.12153061863130453,0.2443092239318637,-0.07716579876258796,0.25,-0.18941074527881457
18.8,-0.2108276653552007,3.2423197652926388,0.11609868017863562,0.24219396684422942,-0.04817525889966583,0.25,-0.18941074527881457
18.9,-0.19433345717253706,3.244264917862688,0.11279995850865365,0.24753493959294431,-0.04625142818027228,0.25,-0.1786673093683734
19.0,-0.16948988097460832,3.2470805169570145,0.10829827656699892,0.24569766304891671,-0.0475560901539919,0.25,-0.1786673093683734
19.1,-0.14416769309326138,3.249791518162539,0.10317642954478748,0.25966821582808197,-0.04971155003090554,0.25,-0.16698512280214517
19.2,-0.11858312704484625,3.252395769151702,0.0977589456976805,0.25977298143022953,-0.059070243025586174,0.25,-0.15811636593448827
19.3,-0.09289723754033355,3.254841165292569,0.09031324420436927,0.2519623854788617,-0.06972137789024793,0.25,-0.15811636593448827
19.4,-0.06710281119567207,3.2571238685863646,0.08568188819033508,0.25675862865573357,-0.04313440846751608,0.25,-0.14550494551570803
19.5,-0.04136381031043841,3.2593653369472637,0.08165253865615517,0.25369784338976636,-0.03826800661583636,0.25,-0.14550494551570803
19.6,-0.015820075461554742,3.2614641705707705,0.07754042591393741,0.2522333242264285,-0.04809970907953783,0.25,-0.13666120919848182
19.7,0.009617874133290724,3.2634252743024272,0.07237018015020537,0.2471293865329052,-0.055304269932081304,0.25,-0.13666120919848182
19.8,0.035015962912038276,3.265235034881001,0.06728212200279444,0.24990404269302913,-0.052573626888797964,0.25,-0.13341223382396225
19.9,0.060238625760270184,3.266948336358377,0.06295716001513559,0.2490678499469163,-0.034551042256078184,0.25,-0.12350658779083021
20.0,0.08539202754128328,3.2685070108710446,0.05973218120986844,0.2437190436392265,-0.02703878939758429,0.25,-0.12350658779083021
20.1,0.11073058775581897,3.2700018897055996,0.05638743001304492,0.25400602459238886,-0.03247995308909788,0.25,-0.1135512307606602
20.2,0.13623272749097712,3.271432566169214,0.053205676160142504,0.2545967020750319,-0.034857671204454765,0.25,-0.1135512307606602
20.3,0.16178848410034125,3.27272781833411,0.049642494368387684,0.25257312695862627,-0.031224873126798086,0.25,-0.11025353040417192
20.4,0.18737234631244573,3.273984647678655,0.046226416184991834,0.2519896708148446,-0.03092761755144937,0.25,-0.10419814229820169
20.5,0.20452305920389685,3.2747863704947346,0.04435655937728598,0.2538308108791224,-0.024748454728671813,0.25,-0.10419814229820169
20.6,0.2299991719074663,3.2759237472593448,0.04153978455465501,0.24985982374556967,-0.03519098125785186,0.25,-0.10419814229820169
20.7,0.25534665697967174,3.2769880248551835,0.03827921492089351,0.2511085632675183,-0.03350194032049134,0.25,-0.09726637383593778
20.8,0.280845209775486,3.277942475252192,0.035484708776117355,0.24783124501143403,-0.02827867231432844,0.25,-0.0937966320468088
20.9,0.306330384755239,3.2788649354887314,0.032312838494993855,0.25243829623239755,-0.03369863326378041,0.25,-0.0937966320468088
21.0,0.331747595057264,3.279649532511562,0.029250317291877395,0.24873848355478048,-0.025295544369307792,0.25,-0.08706637165714218
21.1,0.3570633531020739,3.2803862103518235,0.026763334944742152,0.24547847459146072,-0.02578948509452273,0.25,-0.08706637165714218
21.2,0.38259505095169677,3.281038510729652,0.02413600853781535,0.24894457161548525,-0.022698354669277856,0.25,-0.07926864334453021
21.3,0.40814128247817977,3.281642084204417,0.022128197936565525,0.250065702159313,-0.01607743263399469,0.25,-0.07253904105480191
21.4,0.43366147243078285,3.2822045208389743,0.020605268650331417,0.252070122728911,-0.018867036546477135,0.25,-0.07253904105480191
21.5,0.4591780271988914,3.2827160918056415,0.018565731483510595,0.25282121050657635,-0.015484070507163643,0.25,-0.06806822037083034
21.6,0.48473209855953014,3.2831890533389925,0.01665601899298916,0.24713960667375295,-0.01612531189503511,0.25,-0.06806822037083034
21.7,0.5101332114993595,3.283646281085093,0.01476312790296506,0.24839860040821313,-0.022254693418303394,0.25,-0.06615516208164128
21.8,0.5355632279640611,3.2840067559129484,0.012716351913328709,0.2524312939889733,-0.015431118669407383,0.25,-0.06289224519107926
21.9,0.561075130471537,3.2843257304806284,0.01101491414736119,0.24832277462253496,-0.017911555293422657,0.25,-0.06289224519107926
22.0,0.5865888963507069,3.2845815481921243,0.009440059820531406,0.24660656174330428,-0.015948290868332195,0.25,-0.05613005651599137
22.1,0.6035888892484674,3.2847516222166715,0.008144346284141134,0.24694761058567666,-0.01785517889544399,0.25,-0.05613005651599137
22.2,0.6290238729517497,3.2849451533766,0.00677889638197722,0.2508753140342539,-0.015301148002406274,0.25,-0.05468045968408802
22.3,0.654627335642433,3.285095129035206,0.0052040072129356085,0.25126090138283597,-0.01651384118767973,0.25,-0.05468045968408802
22.4,0.6802232051903087,3.285198232357685,0.003813237180451477,0.2503607676876324,-0.010697881345439086,0.25,-0.05027508981872754
22.5,0.7057350880713554,3.2852805965395873,0.002787434584131924,0.24950821644972412,-0.009885577490617204,0.25,-0.04705638320750351
22.6,0.7312748095667376,3.285340682988947,0.0018563713345793255,0.2518900995187476,-0.00796361102980051,0.25,-0.04705638320750351
22.7,0.756804648818524,3.2853879948418303,0.0006932236982809152,0.24818748468535595,-0.013298622580091955,0.25,-0.045757418248706196
22.8,0.7822267130469933,3.2854107243211663,-0.0006156888710723029,0.24790345549043516,-0.01218434744961455,0.25,-0.04237369395939289
22.9,0.8076551074017541,3.285402897670352,-0.0019564942724771203,0.24920369280182128,-0.011176362701342509,0.25,-0.04237369395939289
23.0,0.8331561619541722,3.285345529049302,-0.0030874407294612534,0.25056457357222484,-0.00992144552379296,0.25,-0.03667290702167956
23.1,0.8586455935807831,3.2852704382663585,-0.004042554300279371,0.25195820085751114,-0.009656285701038513,0.25,-0.03667290702167956
23.2,0.8841508450739209,3.2851534376738836,-0.004892142773713786,0.24912527558074438,-0.008429032059785282,0.25,-0.035970628436406006
23.3,0.9096675379652752,3.285014167828312,-0.005811295125992148,0.2513335175487277,-0.011228441876670036,0.25,-0.03330572757476749
23.4,0.9352334583378848,3.284823860540526,-0.007013369136052288,0.25050140824428924,-0.007726683280604428,0.25,-0.03330572757476749
23.5,0.9608000568614867,3.2846340927725524,-0.00786804751571375,0.2509062731345184,-0.006957804608451219,0.25,-0.02929496564546807
23.6,0.9863292676640614,3.284418743591269,-0.00850409323678556,0.24994488954785515,-0.005722818117805295,0.25,-0.02929496564546807
23.7,1.003342183709314,3.284269691954626,-0.008871014199708786,0.2512071785832413,-0.005409329696773697,0.25,-0.026432455858417414
23.8,1.028846589370661,3.284042151124418,-0.009415084699321773,0.25075824017634285,-0.006266982805689095,0.25,-0.026432455858417414
23.9,1.0543095448939972,3.283796523219962,-0.010115807672906546,0.24974062816048379,-0.006148238579396561,0.25,-0.02419762827971038
24.0,1.0797672575357962,3.283539223509278,-0.010859408439795878,0.249844184060764,-0.005580727845116415,0.25,-0.022589555510597055
24.1,1.1052434268401634,3.2832543560401963,-0.011409498616628558,0.24994647070527984,-0.004108689539998596,0.25,-0.022589555510597055
24.2,1.130744375101766,3.2829622258971036,-0.011877846390127159,0.25103610398067244,-0.003982720016116022,0.25,-0.019294065700212887
24.3,1.1562513867084665,3.28265693925291,-0.01227274120359817,0.2505497547592819,-0.0031102169593139528,0.25,-0.019294065700212887
24.4,1.1817569781581694,3.282350698316954,-0.012759196446946182,0.2505844070090178,-0.006105703713779387,0.25,-0.018739790473614154
24.5,1.207293896698053,3.2820177842628415,-0.013346008278335694,0.24952207269837248,-0.009412585884447952,0.25,-0.018739790473614154
24.6,1.2328400081203295,3.2816677384476516,-0.013999942093258548,0.2500521543654798,-0.006301890213646503,0.25,-0.017108117554519423
24.7,1.2583528064483789,3.281305808058375,-0.01430506384535805,0.25056607241391116,-0.0016582039419274454,0.25,-0.013637347995619529
24.8,1.283880101081871,3.2809325317379385,-0.014545164453805317,0.2500449396241653,-0.002342071200281532,0.25,-0.013637347995619529
24.9,1.309401764476569,3.280559044313763,-0.014811644252765904,0.2508455351984454,-0.003775561881594224,0.25,-0.011119273994429626
25.0,1.3348902003877778,3.2801780732127335,-0.015220936447258849,0.25027053076578176,-0.004592859800640052,0.25,-0.011119273994429626
25.1,1.3603787811854813,3.279793750633742,-0.015577991510246794,0.24992938893474562,-0.0027269329225593163,0.25,-0.009181554228106587
25.2,1.3858703530517527,3.279391880457032,-0.01588865100485245,0.2504528833572967,-0.0023844136067932933,0.25,-0.00861506948440208
25.3,1.4028788952255435,3.279119574464863,-0.015951192245862476,0.25009127252011165,-0.0015401943302425008,0.25,-0.00861506948440208
25.4,1.4283838377733722,3.2787111270643856,-0.0160405741313696,0.2505739712462485,0.0002498076286676513,0.25,-0.00861506948440208
25.5,1.453888478545178,3.2782965518314384,-0.016165101386045315,0.24959077959470957,-0.0023766699404359536,0.25,-0.006458357627071497
25.6,1.4794029240216218,3.2778823922374496,-0.01641852665249347,0.25003689030719556,-0.0022734744793319753,0.25,-0.00600622412742261
25.7,1.5049201826661462,3.2774610110887292,-0.016672258577335054,0.2497763132424566,-0.003340620089771847,0.25,-0.00600622412742261
25.8,1.5304369075055169,3.2770345310086646,-0.01688904457386987,0.2501885346166673,-0.00013549726604420245,0.25,-0.0053037431022295144
25.9,1.5559438234795688,3.276603693067722,-0.016869421398852048,0.2498562874155092,-0.001204700966538365,0.25,-0.002951481338929777
26.0,1.581449834198736,3.2761718948058416,-0.01691016706734733,0.25014600891131544,-0.0005552132687950571,0.25,-0.002951481338929777
26.1,1.6069496599249251,3.275741397275949,-0.017010602238746897,0.2500176339513698,-0.0013078107001221347,0.25,-0.002498981093640582
26.2,1.6324465907329142,3.275306799420185,-0.01714145554928955,0.25006993019223783,-0.000960010900307592,0.25,-0.002498981093640582
26.3,1.6579459367518208,3.2748687739369586,-0.01731166323480541,0.2500310430672905,-0.00042186645824021613,0.25,-0.0014252987390185375
26.4,1.6834496249057533,3.274426153797296,-0.017136040202884163,0.2501732248665355,0.000667610228098813,0.25,0.00012310191431664716
26.5,1.708957550995291,3.2739934194811435,-0.01692830534025415,0.2500819646955401,0.001414853132662353,0.25,0.00012310191431664716
26.6,1.7344609809756348,3.2735604808639507,-0.016828355379369046,0.24982680092046378,0.00036193349935681446,0.25,0.0011261453973872466
26.7,1.7599667263806356,3.2731319448212677,-0.016850053037283628,0.2502433143422604,-0.00027237151146283794,0.25,0.0011261453973872466
26.8,1.7854745147371642,3.272702770356781,-0.01689049781360347,0.24998962252125428,-0.000989791571703274,0.25,0.0011736809925666225
26.9,1.8024793741026566,3.2724175620852844,-0.01692463803269568,0.24976960621681527,-0.0005429213883531799,0.25,0.0011736809925666225
27.0,1.8279845052276968,3.2719871902504662,-0.0168552430790958,0.25011935268892427,0.0010599305820022827,0.25,0.0014894628129532763
27.1,1.8534893692781107,3.2715601107701238,-0.016683847209596467,0.24991690856895654,0.0018592831880368309,0.25,0.003648278367425926
27.2,1.878991489055387,3.271137351955098,-0.016558394082585907,0.24987904250167278,0.0003203688919666687,0.25,0.003648278367425926
27.3,1.9044955798133958,3.2707145481560813,-0.016540241249715957,0.2500028793076694,0.0006499859617515864,0.25,0.003990465732370125
27.4,1.9300006357010802,3.270289376421323,-0.016508691841459828,0.24999910254081872,0.0007022808292770922,0.25,0.003851334467909303
27.5,1.9555089054188173,3.26986859230258,-0.016388102361403763,0.25014313682944994,0.003527252943061384,0.25,0.003851334467909303
27.6,1.9810144692221943,3.2694523754522176,-0.016171662884837287,0.2501527646628551,0.0011929856917823319,0.25,0.0040133432351655285
27.7,2.0065176214005005,3.2690447518650836,-0.015771254583948215,0.24991028478779106,0.0027153143976392014,0.25,0.0040133432351655285
27.8,2.032018478546635,3.2686427077045477,-0.01566807862274345,0.2504003138838937,0.00042138554668185677,0.25,0.00560497000553566
27.9,2.057522583208853,3.2682466714766436,-0.015597707047850783,0.24996836333113667,-0.0007219037664859672,0.25,0.006126890482896313
28.0,2.0830290007003036,3.267853651256606,-0.015534084805614216,0.2503959834284343,0.0009924154419306689,0.25,0.006126890482896313
28.1,2.108532364415071,3.2674584634837616,-0.015260594078133401,0.24974158922885087,0.0039043310974596268,0.25,0.006177909144264897
28.2,2.1340314123734054,3.267076221242562,-0.015060929023729717,0.24999520734733754,0.0014806561804988887,0.25,0.006177909144264897
28.3,2.1595323963423154,3.266693991104009,-0.014887024680643627,0.24974441894271904,0.0010975717347528288,0.25,0.006377951700182185
28.4,2.1850410017927513,3.2663125779871045,-0.014786932520607365,0.2504735176089023,0.0010883236779814364,0.25,0.006377951700182185
28.5,2.2105472305883764,3.2659332169829955,-0.014700541156523559,0.24983712097047872,0.0009185999892124742,0.25,0.006542345239356097
28.6,2.227553998777403,3.2656819023380526,-0.014647999935640988,0.24996808339126736,0.0016688046995500896,0.25,0.006542345239356097
28.7,2.253061150681223,3.265305911246318,-0.014319152313555128,0.25016739188611276,0.0050579254202308644,0.25,0.007352323172525075
28.8,2.2785678384464743,3.2649434019279866,-0.013917344313532063,0.250013811038234,0.002106016915437438,0.25,0.0075636241615803235
28.9,2.304071036541189,3.2645882344539108,-0.013660757513764906,0.2506746350131239,0.001437740233206347,0.25,0.007316971824302913
29.0,2.3295732753941216,3.2642429884044173,-0.013511524315784278,0.24989548818991367,0.0012780686192588734,0.25,0.007316971824302913
29.1,2.35507700291265,3.263904302366943,-0.013383551218568098,0.25040976044702706,0.0012580400555739005,0.25,0.008084292499224158
29.2,2.380579273942531,3.263569142140371,-0.013201143697537434,0.24974690882145084,0.004851936472872722,0.25,0.008084292499224158
29.3,2.406077680255756,3.2632399663791305,-0.01296576309282037,0.2496383931547839,0.001965099799535032,0.25,0.008099319958021753
29.4,2.431574153187103,3.262915115739483,-0.01275787818670807,0.2503762246153529,0.0023966223755597553,0.25,0.008099319958021753
29.5,2.4570743326894497,3.262588076657387,-0.012545878510708661,0.2499319640862875,0.0022293207770783603,0.25,0.008460669319853948
29.6,2.4825831991264113,3.26226486588681,-0.012379877075738928,0.2501432660543091,0.001351786241815439,0.25,0.009210880918554683
29.7,2.508097653821916,3.2619470131183665,-0.01222807437900167,0.2503094347062061,0.0022289004541569315,0.25,0.009210880918554683
29.8,2.5336064598905805,3.2616393275693993,-0.011733593195304957,0.2500096396179064,0.0026886051634444352,0.25,0.009483929552292348
29.9,2.559111638798401,3.261347035656433,-0.011383136921791605,0.25031645031448935,0.0030884965229663907,0.25,0.009483929552292348
30.0,2.5846147591679656,3.2610625111795466,-0.011085807703958233,0.2507103475304404,0.0008821200445910804,0.25,0.008997203724475546
30.1,2.6101195453766723,3.2607845256389663,-0.010926053728254904,0.24977706900431965,0.0012236695890303114,0.25,0.008997203724475546
30.2,2.6271249435839374,3.2606021624478942,-0.01083588266558166,0.25057642402344543,0.0015823629847309807,0.25,0.008929922095609014
30.3,2.6526239179243203,3.2603321644160026,-0.01067762312058268,0.25012549385346033,0.001722340628202957,0.25,0.008929922095609014
30.4,2.678121563357601,3.2600640128028995,-0.01046245139160306,0.2499574758647375,0.0019654648636131954,0.25,0.008417929352732521
30.5,2.7036175397350513,3.25980230963294,-0.010252158748740223,0.25003940248485174,0.0018705042672994,0.25,0.009148760322434425
30.6,2.7291156881277887,3.259546165624762,-0.010057511443621903,0.25071224471117554,0.0017351875808039238,0.25,0.009148760322434425
30.7,2.7546190465389997,3.259285198347047,-0.009875640703943627,0.24978758472052348,0.001037101894131894,0.25,0.00794279631449035
30.8,2.7801317611311793,3.259028941961818,-0.009733364467121221,0.25025251434084506,0.0012570296831753659,0.25,0.007645490403192231
30.9,2.8056455773048907,3.2587795971846454,-0.009520409975057835,0.25016223708198404,0.002398738807583463,0.25,0.007645490403192231
31.0,2.8311525769510264,3.2585367539850854,-0.009268053985968121,0.2500739138153501,0.0025540397943090492,0.25,0.008092515270940225
31.1,2.8566556860614227,3.258307208915313,-0.008891663322017334,0.24999160575574306,0.001999983396247272,0.25,0.008092515270940225
31.2,2.8821612273635004,3.2580849605185547,-0.008726595881490391,0.24979254544500418,0.002000841535796291,0.25,0.008625117249181543
31.3,2.907662784071834,3.2578693103001735,-0.008600726475914214,0.2500904693856743,0.001718310386142846,0.25,0.008625117249181543
31.4,2.9331713948090194,3.257656864093197,-0.008447987629434607,0.2506817216795564,0.0019422452822188223,0.25,0.0081906679909045
31.5,2.9586691491101136,3.257447904082143,-0.008209406229125337,0.24967717140351164,0.0022337108137512663,0.25,0.008333863557863919
31.6,2.9841614271566352,3.2572461082842867,-0.007996671560212753,0.24946349140656798,0.0020012088990074887,0.25,0.008333863557863919
31.7,3.0011689283786924,3.2571092876785386,-0.00784444550838868,0.2497255887538405,0.0019428988976639217,0.25,0.008573506048312272
31.8,3.02668079479955,3.2569119497813195,-0.007682697878615117,0.25006574491191047,0.0021065645440786793,0.25,0.008573506048312272
31.9,3.052195457751164,3.256715829896102,-0.007543928790277126,0.25039657138254134,0.001691232835645418,0.25,0.007883849541078578
32.0,3.0777154635644877,3.256522690074407,-0.00740184172967553,0.24980984773550455,0.0012854606608977259,0.25,0.007272588362866712
32.1,3.1032248542020198,3.2563367851855385,-0.007118964998086588,0.2501769081055395,0.004233041162304132,0.25,0.007272588362866712
32.2,3.1287287450842336,3.256160046154714,-0.006762909215971857,0.2501474605851711,0.0023227243333812683,0.25,0.007118050373004271
32.3,3.154237242203377,3.2559873050579604,-0.00663004522569175,0.2504215592373116,0.0019298387441350191,0.25,0.007118050373004271
32.4,3.1797429044808188,3.2558223790631335,-0.006486410355820059,0.25039547394851275,0.0006730274623993464,0.25,0.005080754605787927
32.5,3.2052495035032975,3.2556625331349314,-0.006432315204240003,0.2500008272575268,0.0005232683991368939,0.25,0.0041528842652641396
32.6,3.2307537534500517,3.2555033223324985,-0.006336247861324526,0.24982465649824545,0.002130957081768687,0.25,0.0041528842652641396
32.7,3.256261192154813,3.255342432501918,-0.00611000710917172,0.24992405718296734,0.003174115378355237,0.25,0.0027132856479134687
32.8,3.281767517921734,3.2551891778830773,-0.005895619068187251,0.2499391193766544,0.0010889587086021892,0.25,0.0027132856479134687
32.9,3.3072705988789357,3.255038094527902,-0.005872270175543442,0.249974325035694,-0.0004358661729624545,0.25,0.001473173246538683
33.0,3.332778462807221,3.2548889476539573,-0.005931071310161103,0.25026622316835945,-0.0008852451093972446,0.25,-0.0009196893687170096
33.1,3.358283912562035,3.2547365486500657,-0.006004894948091769,0.24995579110754224,0.000342071164391137,0.25,-0.0009196893687170096
33.2,3.3837933601530525,3.254585790538889,-0.005871771096420327,0.25019925094995865,0.0026004574407711787,0.25,-0.0017830602242278754
33.3,3.409302871401953,3.254438852843354,-0.005717325045326379,0.2502298402343734,0.0007989290975455884,0.25,-0.0017830602242278754
33.4,3.4263088131573842,3.2543394353533044,-0.005716392425517454,0.2498754241384733,-0.0004889026385846738,0.25,-0.0015792967489265813
33.5,3.451814826187579,3.2541927076050245,-0.005769043043249309,0.24999111653808798,-0.00039482142535693994,0.25,-0.0015792967489265813
33.6,3.4773268923900265,3.2540454715237863,-0.005882308906311912,0.25014292684369516,-0.0016632806356565479,0.25,-0.007866829529168708
33.7,3.5028498722184414,3.253897584039255,-0.006200688449765973,0.25041740122444944,-0.001677119425252619,0.25,-0.014013369359175833
33.8,3.528369460316501,3.253735947296801,-0.00634599335426713,0.2504954501511219,-0.0019434805848872797,0.25,-0.014013369359175833
33.9,3.5538978593366646,3.253564811661402,-0.006566429807755727,0.250957772400485,-0.0022682860102301774,0.25,-0.016279034471806814
34.0,3.5794091007365365,3.2533959595569537,-0.0069418048124397546,0.2496046175470681,-0.005805796905063008,0.25,-0.016279034471806814
34.1,3.604887156856567,3.2532130019088576,-0.007474217910956006,0.2497050804735922,-0.006533785242758475,0.25,-0.01830000295410085
34.2,3.6303594293567976,3.2530242500719644,-0.00797469621860673,0.24938617780592456,-0.004550555394033176,0.25,-0.01830000295410085
34.3,3.65584981587969,3.2528224668527255,-0.008413515517247217,0.24923014084192807,-0.003930928965852075,0.25,-0.01666610797060119
34.4,3.681358341246924,3.252604869293344,-0.008646830490412899,0.2510227773130306,-0.0029486252680667176,0.25,-0.01666610797060119
34.5,3.706856274258468,3.2523837703413125,-0.008976279110660998,0.2509041670826915,-0.0031348972943346085,0.25,-0.01759506539761068
34.6,3.7323752759129163,3.252150788871396,-0.009365617312726499,0.2500170185627565,-0.005938960440170939,0.25,-0.020914124028943597
34.7,3.7579212988043103,3.2519067124253365,-0.009943111642954227,0.25047291535619975,-0.005313396004247878,0.25,-0.020914124028943597
34.8,3.7834609387235787,3.2516499870190785,-0.010476322202938562,0.2508760446816439,-0.006649106919055305,0.25,-0.02144523188490427
34.9,3.808984259011674,3.251375867818328,-0.010919665683890759,0.25063810695590705,-0.003704092609458844,0.25,-0.02144523188490427
35.0,3.82600158337066,3.251183327991521,-0.011178420195581436,0.24919998519925907,-0.003640786601163834,0.25,-0.020786837045118696
35.1,3.8515153065872676,3.2508949806865433,-0.011572339025823584,0.2497714457437287,-0.004196532361154678,0.25,-0.020786837045118696
35.2,3.8769791189287024,3.2506030639619103,-0.012180095998771005,0.24944687278547328,-0.005778546400593748,0.25,-0.025324762449820654
35.3,3.9024277382424533,3.2502921202970274,-0.012934030034227125,0.2503527844408199,-0.009523564705779452,0.25,-0.008381878378107208
35.4,3.927921978256386,3.249959007120682,-0.013265591222196123,0.2498346606665043,-0.0014930194222004718,0.25,-0.008381878378107208
35.5,3.9534310357511138,3.249620595009756,-0.013302785033237834,0.250587243897489,-0.0010964904527261362,0.25,-0.013183562469415641
35.6,3.9789357092484448,3.2492806137345127,-0.013510243863305378,0.2507921214842039,-0.0028571565858684545,0.25,-0.0157993968771942
35.7,4.004441262783452,3.248930477569516,-0.013825978797656796,0.249759650115242,-0.003055497210181002,0.25,-0.0157993968771942
35.8,4.029966086779175,3.2485696775758885,-0.014218533554045612,0.2500601817025598,-0.0032957972692221425,0.25,-0.0157725335019614
35.9,4.055498593109502,3.248195661565381,-0.014681024725970366,0.25093608362912745,-0.0036716700235239004,0.25,-0.021247975850422096
36.0,4.081027102788551,3.2478115602180577,-0.015130583105531241,0.25065729790032365,-0.003384940483173557,0.25,-0.021247975850422096
36.1,4.106559885132709,3.2474095159701024,-0.015484436352627378,0.25113182062005474,-0.0035835330057776417,0.25,-0.027288447383816666
36.2,4.1320777659695995,3.247004218932966,-0.01596403352129347,0.2514852387899521,-0.00560949678354399,0.25,-0.027288447383816666
36.3,4.157560730175127,3.2466031517250755,-0.016750110232073553,0.2484719821021235,-0.010541558871137353,0.25,-0.03673896895626277
36.4,4.182983582698277,3.2461735947578365,-0.017787976842204876,0.24902218118845063,-0.01076964889615781,0.25,-0.03673896895626277
36.5,4.208426340062646,3.245727090980161,-0.018822013855298508,0.24901839384848434,-0.009840281386849309,0.25,-0.04108963541304461
36.6,4.233895605709713,3.24525706968238,-0.01981602171074426,0.24984672403870425,-0.009738923814561058,0.25,-0.044126402999104426
36.7,4.250893421406755,3.2449183267936785,-0.02054767793375323,0.24909593166253588,-0.010821550644840895,0.25,-0.044126402999104426
36.8,4.276385479020634,3.244388382385439,-0.02165602738792782,0.25208256678110674,-0.010888459565021692,0.25,-0.045630752507347154
36.9,4.301963323231827,3.2438117522210557,-0.022952088041757048,0.24954662480395243,-0.016388865287614202,0.25,-0.045630752507347154
37.0,4.32755881825987,3.243188334342221,-0.024362254766183446,0.2496127784711445,-0.010552434746024303,0.25,-0.044965070602875315
37.1,4.353136774195981,3.242560165649691,-0.025438618374750054,0.2517177865653444,-0.009186668744413908,0.25,-0.04779649629078585
37.2,4.378642468452964,3.2418974976762334,-0.026327740423923336,0.2486410366178465,-0.008983291218540017,0.25,-0.04779649629078585
37.3,4.404140471074748,3.2412191223962417,-0.027241360217606463,0.25049293736461664,-0.008149849984246851,0.25,-0.04697991847360075
37.4,4.429605343962469,3.240523745429613,-0.028353917133292838,0.24984968767763235,-0.017056536525096432,0.25,-0.04697991847360075
37.5,4.455016180706903,3.2398075450715456,-0.02986896354958047,0.25013925897391726,-0.013652087798809737,0.25,-0.048324930560636775
37.6,4.480433808120128,3.2390597656058957,-0.03134734345162613,0.24959104701838583,-0.014306574273963014,0.25,-0.05485784787298973
37.7,4.5058928266499025,3.2382433210535764,-0.032700469556489635,0.25235018845100604,-0.013706096626739644,0.25,-0.05485784787298973
37.8,4.53140067925333,3.237397451230166,-0.03417511426089772,0.2481990388198386,-0.0157473363624221,0.25,-0.05690233034590394
37.9,4.5568901944304265,3.2365152153872856,-0.03572075085753975,0.2504933158026553,-0.015645440717485262,0.25,-0.05690233034590394
38.0,4.582446850811262,3.2355647053845766,-0.0372873420035263,0.2506181503177026,-0.012867625631080964,0.25,-0.05844038496030081
38.1,4.607995513310873,3.234540561660109,-0.03886748517642913,0.24985880430614843,-0.014037346873690466,0.25,-0.06499917649185666
38.2,4.633617732598952,3.233523575368821,-0.0406226279472503,0.24826243445743343,-0.025002262381481847,0.25,-0.06499917649185666
38.3,4.650625449845862,3.2328277368569416,-0.041643664945817276,0.25335664569613364,-0.012606789203263311,0.25,-0.06797469356878814
38.4,4.676104957617845,3.2317571100775218,-0.04297195697389396,0.2528782519226836,-0.013225301814946746,0.25,-0.06797469356878814
38.5,4.701584132930872,3.230653592820533,-0.04423924390359651,0.24832391559461664,-0.01301944289735478,0.25,-0.07294809149604915
38.6,4.726942714687279,3.2295591685984673,-0.0462777663233708,0.2497850859271091,-0.019402240015254955,0.25,-0.08014845084636016
38.7,4.752302566927529,3.2284111157128885,-0.04835331580136434,0.24675405738228193,-0.02083089359614396,0.25,-0.08014845084636016
38.8,4.777720948470135,3.2272039378807063,-0.05091910110085503,0.2506315049642335,-0.024245339004360614,0.25,-0.07856927269576242
38.9,4.803189904304291,3.225892575806196,-0.0531713814412049,0.2530341677312193,-0.02190373985960042,0.25,-0.07856927269576242
39.0,4.828651120818607,3.2245307601014055,-0.05545079252210194,0.25322338395746596,-0.021853069790754114,0.25,-0.0819179691711457
39.1,4.8542238044447545,3.2230798511104766,-0.057659425036778685,0.25341799225175965,-0.02222300765844137,0.25,-0.0819179691711457
39.2,4.879798333650506,3.2215289671418272,-0.060024548823797604,0.2538935412993932,-0.027360544586804064,0.25,-0.09200489396904236
39.3,4.905467080522705,3.219926810051643,-0.06258474327962273,0.25445397064445696,-0.023920161730851534,0.25,-0.09200489396904236
39.4,4.930972217055226,3.218304022428734,-0.06472473101389996,0.24632060598870928,-0.01776966184777524,0.25,-0.10178292732110424
39.5,4.956451193788456,3.216618650555079,-0.06660823406920863,0.25065298473165365,-0.020159158156729463,0.25,-0.11195270238864785
39.6,4.981876789719603,3.21489817342791,-0.06900921644958426,0.24294237065772994,-0.02494227747170457,0.25,-0.11195270238864785
39.7,5.007053604603443,3.2131477883306956,-0.07210878343852754,0.24967118255390178,-0.034258457477688437,0.25,-0.11657299848696918
39.8,5.032257663230322,3.2113595310388994,-0.07555360734038621,0.25073577513189177,-0.03527806981711254,0.25,-0.11657299848696918
39.9,5.057460337396303,3.2094416582852623,-0.07900894269793123,0.25065456983810713,-0.03937339566810269,0.25,-0.12619606537644212
40.0,5.0743813733313345,3.208096228583067,-0.08176618668306182,0.24525831109324372,-0.04000155581919036,0.25,-0.12619606537644212
40.1,5.099768550143042,3.2059852828902575,-0.08574243337780604,0.2485352576456828,-0.03866120765683615,0.25,-0.13160516955395346
40.2,5.125212610123786,3.2037562468823673,-0.08980415908482263,0.2500478707499386,-0.04438333950940049,0.25,-0.1356561940911507
40.3,5.150891756809225,3.2013238625774765,-0.09359122125203864,0.25456900647287706,-0.032087103807705276,0.25,-0.1356561940911507
40.4,5.1768117853106785,3.198920086482693,-0.09707928589780376,0.25744860890570886,-0.03357752308473125,0.25,-0.1389358168734503
40.5,5.202609899365566,3.1963814391200507,-0.10064681966104337,0.24396094517152941,-0.04560029424770408,0.25,-0.14545572990594952
40.6,5.227960913349247,3.193828048158809,-0.1039435563231589,0.2526562176031978,-0.026677981921857753,0.25,-0.14545572990594952
40.7,5.253320773771346,3.1911951895864172,-0.10657899066625677,0.2490277737063531,-0.028274547358651717,0.25,-0.15041332871559632
40.8,5.278392494267582,3.188502784227406,-0.10951829901645677,0.24873899262831142,-0.04113696098932115,0.25,-0.15041332871559632
40.9,5.303157809888836,3.1857269753632815,-0.1133941500676176,0.2408413070435717,-0.03868182560777883,0.25,-0.15680837359455732
41.0,5.3280922434143125,3.18287733510301,-0.11774968155472518,0.24328496023279653,-0.040779025790395856,0.25,-0.1638983800264539
41.1,5.353197216773714,3.179877028244145,-0.12278384730968853,0.24863699209281012,-0.057099583546726965,0.25,-0.1638983800264539
41.2,5.378499758632131,3.1768686125030654,-0.12847412716049061,0.2539535957054159,-0.06211093467800456,0.25,-0.17243928316755291
41.3,5.403762836555604,3.173648909662522,-0.1350901848760594,0.25500984931222564,-0.06948398285973294,0.25,-0.17243928316755291
41.4,5.4295863892772855,3.1701044445816016,-0.1403060175603969,0.25596575802087684,-0.042411805616019614,0.25,-0.17394958611653516
41.5,5.446839404908529,3.1676850640437055,-0.14334101552854472,0.25642828651146105,-0.041218325942653025,0.25,-0.17394958611653516
41.6,5.472924109714813,3.1639744633539975,-0.14745876801491484,0.2550845212415885,-0.04065437904734015,0.25,-0.17847905871544972
41.7,5.498437499462895,3.160213841785465,-0.15205952045136756,0.23894805946012265,-0.048171970534242235,0.25,-0.17833286944742519
41.8,5.523606548705287,3.156359927795982,-0.15668197989666596,0.25004974397127105,-0.047578365321584395,0.25,-0.17833286944742519
41.9,5.548711778396777,3.1523751217777103,-0.16115701760890724,0.24338290450407438,-0.0596211822293644,0.25,-0.17743285295490388
42.0,5.573452882932694,3.148343315140628,-0.1689591335850906,0.24053327067198782,-0.0646709622597022,0.25,-0.18206404373930538
42.1,5.597809155577338,3.1440584091532306,-0.17417473014659937,0.24821133557353336,-0.05154740391476142,0.25,-0.18206404373930538
42.2,5.622464191014466,3.139665567220254,-0.17975996583625087,0.24293944420786204,-0.05554936020671116,0.25,-0.18740451150574872
42.3,5.647479122493804,3.1352367159932895,-0.18719388225072045,0.2461183985053518,-0.08617683920226653,0.25,-0.18740451150574872
42.4,5.6725411687503895,3.1305054622109725,-0.19460388966514458,0.2528488193563865,-0.05854307979893333,0.25,-0.18811565171694972
42.5,5.6979577583635646,3.125515302330423,-0.20050997130937076,0.2559869816726854,-0.05785959999969627,0.25,-0.1969158235010811
42.6,5.723549574600765,3.120305654985204,-0.20648559821913778,0.2636475651847509,-0.05559172148877545,0.25,-0.1969158235010811
42.7,5.749446322126822,3.1149523623925988,-0.21148120501988088,0.25162609623521404,-0.049721116876768084,0.25,-0.19826336087731614
42.8,5.774470209495102,3.109538795542835,-0.21910689968064984,0.24902683443806764,-0.07233448939937541,0.25,-0.19826336087731614
42.9,5.799235585580744,3.1039928897288362,-0.22633288560651976,0.24037283822589675,-0.07380465465343555,0.25,-0.20120246504614664
43.0,5.823850388213071,3.098288472204155,-0.23585955732116268,0.23966715522444582,-0.10257233058862578,0.25,-0.20690372166627288
43.1,5.848265431718599,3.0924504869906957,-0.24574302660189948,0.24599321240476335,-0.08844881348195752,0.25,-0.20690372166627288
43.2,5.8644439555211,3.0884127520427453,-0.25147760300746114,0.2380128004856879,-0.07602011913166357,0.25,-0.20690372166627288
43.3,5.888629297069186,3.082151065933938,-0.259742196119546,0.23988247941321067,-0.09225137681441012,0.25,-0.206040317397569
43.4,5.913276100882776,3.075619779649895,-0.26845237594686394,0.248209285351971,-0.06470799417771769,0.25,-0.20481341865791053
43.5,5.937951058128398,3.068799523170751,-0.2749695648068595,0.24548875079050206,-0.07079799005511457,0.25,-0.20481341865791053
43.6,5.962813950568481,3.061697553380031,-0.2823608010135757,0.24516969537058428,-0.07451607405599317,0.25,-0.2059057845522771
43.7,5.98779509340174,3.0544344368523246,-0.29038189921455176,0.259870088547898,-0.08357969878979875,0.25,-0.2059057845522771
43.8,6.0126540060321485,3.046993382019996,-0.29892941409626905,0.25291739928604,-0.08914780460371421,0.25,-0.21033603999509742
43.9,6.037466821644604,3.039297981966943,-0.30742806237521275,0.25208345062514365,-0.07956449119233445,0.25,-0.21067249920364178
44.0,6.061691600552323,3.031508134924084,-0.31559860669307516,0.25003026753036184,-0.0835303310000523,0.25,-0.21067249920364178
44.1,6.085665250435534,3.0236218655954117,-0.32427903401773994,0.2489490451368309,-0.09790721480233165,0.25,-0.2101721941262219
44.2,6.109518872120353,3.0155073834385484,-0.33495698601576324,0.2554874839158099,-0.097708425510008,0.25,-0.2101721941262219
44.3,6.133163129503547,3.0074077114115325,-0.34492300334069226,0.24226010814201546,-0.0984247241845675,0.25,-0.21107337700099837
44.4,6.156716469499397,2.9989338095917377,-0.35414249501372624,0.2448195150774873,-0.08595004679724075,0.25,-0.21107337700099837
44.5,6.180556539711852,2.9900916543582885,-0.36218240953311054,0.2527982242793372,-0.0707160480910755,0.25,-0.20850472275365217
44.6,6.204635458533364,2.9809793542180563,-0.3689861966559311,0.24588783053115879,-0.06940666542364299,0.25,-0.2070685804236416
44.7,6.228711496612059,2.971665377128411,-0.3762948658601571,0.26117852941609637,-0.08038329357555496,0.25,-0.2070685804236416
44.8,6.244775755091349,2.9653312754723595,-0.3821767447474338,0.2534358950418383,-0.08611664692162453,0.25,-0.2070685804236416
44.9,6.268806088640813,2.955834047237991,-0.3912997253298271,0.2555487037863456,-0.0909201262663038,0.25,-0.20866346224426494
45.0,6.2927455343439,2.946089320556741,-0.4005872574292789,0.2568967287629698,-0.09794649624063623,0.25,-0.2015280110982617
45.1,6.316295660439434,2.9360475705849023,-0.4085970832227694,0.2531588749134626,-0.07505086975168546,0.25,-0.2015280110982617
45.2,6.339681433297668,2.925852700563308,-0.41576299853109594,0.24618374907972312,-0.07241658847610172,0.25,-0.20583256517243925
45.3,6.362792530035308,2.915548261463135,-0.42388047678868085,0.2515275437615933,-0.08344757377530009,0.25,-0.20543289281314728
45.4,6.385677210196593,2.9051541647481756,-0.433121597956834,0.2402517288750225,-0.09534026295872819,0.25,-0.20543289281314728
45.5,6.408416872163241,2.8946946345821405,-0.4424732878706605,0.24044241090480867,-0.08885538511856232,0.25,-0.20556667060704462
45.6,6.431099615161252,2.8840147029149894,-0.45163843651365576,0.24350790124139124,-0.07863198732142111,0.25,-0.20556667060704462
45.7,6.454013153669392,2.8728123781153907,-0.4594995638461604,0.23942016138693378,-0.0825407989668812,0.25,-0.2109959849159425
45.8,6.477197833805905,2.861392948183359,-0.4683797013448586,0.25310834147522804,-0.08622149519980339,0.25,-0.2109959849159425
45.9,6.500308996018136,2.8497225047390566,-0.4764403472580156,0.2520416111053897,-0.09132154759592735,0.25,-0.21251254301575911
46.0,6.5233011702403845,2.8378209734584585,-0.48618051910142535,0.24823359206933754,-0.09044719193335425,0.25,-0.21251254301575911
46.1,6.546007041404799,2.8258571396221552,-0.4953696676911541,0.2502751171658785,-0.08413219660508942,0.25,-0.21157053200284964
46.2,6.568359357590703,2.8137860039522513,-0.5040870775703606,0.24892749515960594,-0.07960838124354211,0.25,-0.21065567672762325
46.3,6.583214054096936,2.8055356130457723,-0.5094587989552113,0.25330518620343484,-0.07926635032300494,0.25,-0.21065567672762325
46.4,6.6054326092185205,2.793025335344075,-0.5174657354620202,0.24751785027985945,-0.08135574985421806,0.25,-0.21065567672762325
46.5,6.627344035101924,2.7805988679578078,-0.5265065808976599,0.23980039486173002,-0.09356375252056921,0.25,-0.2104768432447171
46.6,6.649054319718502,2.7681292683906715,-0.5361958777928175,0.24545755898801486,-0.09724552684924563,0.25,-0.21075726369970282
46.7,6.670913975240023,2.7549955236495323,-0.5453095868980594,0.2574104965276471,-0.08674515554683875,0.25,-0.21009493463067525
46.8,6.692766723733469,2.7415729389164674,-0.5544144165122921,0.26220296617406696,-0.07931837663659111,0.25,-0.21009493463067525
46.9,6.714459855518963,2.728043492101438,-0.5626898252348811,0.24668636370104607,-0.11224381844817434,0.25,-0.2097138768818554
47.0,6.736165667828923,2.7143183380315055,-0.5728990589277382,0.24827758030503452,-0.10465054261538262,0.25,-0.2097138768818554
47.1,6.757436867504534,2.700503725703649,-0.5819252963008462,0.24442937309479587,-0.07740502157960093,0.25,-0.205033525672083
47.2,6.778289371751071,2.6865840642424232,-0.590288299626963,0.2433195418657744,-0.08620177436992957,0.25,-0.205033525672083
47.3,6.799167999451,2.6724665951313913,-0.5985029852478274,0.2433787779047895,-0.08649310028173673,0.25,-0.20333051710677955
47.4,6.820202165847292,2.6582340502614543,-0.607523081601033,0.25543707059104237,-0.09230367456707099,0.25,-0.20333051710677955
47.5,6.841092385460102,2.643926248656899,-0.6166856706557617,0.24864566911610986,-0.08934395207550615,0.25,-0.2015594806557999
47.6,6.861994072688962,2.629034879844209,-0.6251179958933487,0.25878627191554215,-0.07989031776942356,0.25,-0.2037044766136142
47.7,6.883284759447271,2.613864429297668,-0.6331502129257108,0.2556013388779474,-0.08059843243868278,0.25,-0.2037044766136142
47.8,6.9044379506201885,2.598523599433344,-0.6411457574680471,0.2593679767933248,-0.08144042455498376,0.25,-0.2019003885800165
47.9,6.924964842330972,2.58320737336879,-0.649186222539801,0.23853218977607685,-0.06485055597729719,0.25,-0.2019003885800165
48.0,6.945200502579284,2.56784698525533,-0.6569045649459143,0.24685629136001536,-0.08889902939884674,0.25,-0.19556055951385734
48.1,6.958649158462592,2.5576406967497856,-0.6632670597620896,0.24691764332471197,-0.09826762905502252,0.25,-0.19556055951385734
48.2,6.978386467416341,2.5421179812388446,-0.6720877661139621,0.2437813193337115,-0.0763302866814943,0.25,-0.19773783057418753
48.3,6.997922490667995,2.5263366264080194,-0.6801483250103768,0.24245567621873476,-0.08191575845515675,0.25,-0.19773783057418753
48.4,7.017444918015743,2.5104130152119724,-0.6883908239151483,0.24205752723532536,-0.07812893586413487,0.25,-0.19583954497839845
48.5,7.037081954450148,2.4944035449746376,-0.6967909026159982,0.24436167046115273,-0.08472271594126358,0.25,-0.19826431803889655
48.6,7.05660260846835,2.478100574727462,-0.7051792910385949,0.24896047994753423,-0.08675035918672175,0.25,-0.19826431803889655
48.7,7.0760022704015775,2.4614362241003525,-0.7136275188203611,0.2515958367192059,-0.08418374142107653,0.25,-0.19593599933481304
48.8,7.09580901515572,2.444462553381806,-0.7220009909494084,0.2577526288084968,-0.08363170224285531,0.25,-0.19622828203690784
48.9,7.115331352047021,2.427334628610864,-0.7306825539151679,0.2545425629131795,-0.08268681404959556,0.25,-0.19622828203690784
49.0,7.1344280256903945,2.410128144096069,-0.7402231094592089,0.262093238386539,-0.07601533925658165,0.25,-0.19505731917452968
49.1,7.153229603064235,2.3930875279673374,-0.7486807519169268,0.2535109318474685,-0.08767956234227221,0.25,-0.19505731917452968
49.2,7.171869642234965,2.3759590485684083,-0.7578106870849172,0.24737816531983534,-0.08904800803163931,0.25,-0.19417220910519126
49.3,7.190076929277288,2.3586976239725748,-0.7667801676351552,0.2391493386391539,-0.08307542051475313,0.25,-0.1914898249079693
49.4,7.207959982526482,2.3411947551872485,-0.7756889093379008,0.25494514435821036,-0.08906631050520446,0.25,-0.1914898249079693
49.5,7.225840552680449,2.3235057384535027,-0.7845127038019539,0.24436309357616176,-0.08207974726139992,0.25,-0.1916133782068945
49.6,7.24387158495102,2.305694506835121,-0.7927064713110009,0.2482572762817236,-0.0776934513585082,0.25,-0.1916133782068945
49.7,7.261719246037178,2.2874405086287273,-0.8003602743636158,0.24885529843440682,-0.07274894760258922,0.25,-0.1858022889694789
49.8,7.273530318220668,2.275173898038249,-0.8052733113735393,0.2488522195314567,-0.07045408197980356,0.25,-0.1858022889694789
49.9,7.2915271007805975,2.256531395435849,-0.8129210392787818,0.253528053544518,-0.08354790806178139,0.25,-0.1843182537400208
50.0,7.309591486516207,2.2377030071277297,-0.8212146237648267,0.2601705568607581,-0.08205857710635599,0.25,-0.18583190079862397
50.1,7.327333714071373,2.2187854497387614,-0.8296742007199668,0.2555810991116788,-0.0886148875748124,0.25,-0.18583190079862397
50.2,7.34449717663713,2.199812818238696,-0.8384847866685514,0.24811495078717138,-0.07995906065877172,0.25,-0.1825817323130598
50.3,7.361514212704282,2.181034858544824,-0.8464294344338901,0.25594815053564196,-0.07465431264471538,0.25,-0.1825817323130598
50.4,7.378249241216782,2.1619361518975033,-0.8541061468963544,0.25132893378096216,-0.07610265411245858,0.25,-0.18009442838923498
50.5,7.39475221321007,2.14300479838482,-0.8616264300851124,0.2425683086689106,-0.07861817607261327,0.25,-0.18009442838923498
50.6,7.4110596674100515,2.1238300347332455,-0.8700051484853932,0.25045380252326455,-0.08907615997919578,0.25,-0.18245233651513873
50.7,7.4273766623307225,2.1044143912992817,-0.87819714932537,0.24586992440941888,-0.07249899121289628,0.25,-0.17708068039574598
50.8,7.443616454609514,2.084874596690875,-0.8850480896465439,0.2456850219941152,-0.06849034030421604,0.25,-0.17708068039574598
50.9,7.459836672745881,2.0650835422506253,-0.8924459684402938,0.252012261873411,-0.07788998739579125,0.25,-0.1786342915974635
51.0,7.476047554332565,2.0449102575910305,-0.9001935377452306,0.2512621081563306,-0.06883328994024455,0.25,-0.1786342915974635
51.1,7.49199626284847,2.0243474983938587,-0.9070036114141281,0.2539290009691819,-0.06975702077279569,0.25,-0.17082101612290387
51.2,7.502642175231843,2.0107359687806468,-0.9117228290900145,0.2584540085223842,-0.07107746472936437,0.25,-0.17082101612290387
51.3,7.518357939055968,1.990374423186744,-0.9195163052635147,0.255450635055766,-0.07523941001616531,0.25,-0.1729795948546472
51.4,7.533821637198227,1.9701388460398017,-0.9269872363335164,0.24761586669738356,-0.07642846469043783,0.25,-0.1729795948546472
51.5,7.5490404276014,1.9497234199264544,-0.9347676776412558,0.2464311514104896,-0.07626732203751788,0.25,-0.177589901180205
51.6,7.564001369648663,1.9294224530321624,-0.9421151023061649,0.252945285185562,-0.06549138861074366,0.25,-0.17584754495357963
51.7,7.578799131048647,1.9092358468391446,-0.9484222834059369,0.24284969146898425,-0.06399970549556715,0.25,-0.1788163158152257
51.8,7.5934799055847915,1.8890556476436486,-0.9549657688758416,0.24472590523579432,-0.0662704728132186,0.25,-0.1788163158152257
51.9,7.608253447744032,1.868230961099122,-0.9631133668499862,0.24712799223205034,-0.08796857380875012,0.25,-0.17965293954783815
52.0,7.622909008548773,1.8472504196180277,-0.9717979657356418,0.25789605751738043,-0.08631338343501738,0.25,-0.17965293954783815
52.1,7.637403089211206,1.825902330021339,-0.9796636125036243,0.2502256945246751,-0.0691310209461856,0.25,-0.1803734048362411
52.2,7.651698068117802,1.8041241756353457,-0.9862915881443745,0.25691027906601843,-0.06295538383450645,0.25,-0.1803052551837716
52.3,7.665861673070791,1.7822627224746972,-0.9927309819576109,0.25960280114537937,-0.05924087237270572,0.25,-0.1803052551837716
52.4,7.679849608080593,1.7606151650570339,-0.9997769238140616,0.24746766291869346,-0.08360779445105616,0.25,-0.18013072811213582
52.5,7.693581309931607,1.739117626269538,-1.008015864347457,0.252735812199655,-0.07939603459833611,0.25,-0.18013072811213582
52.6,7.706971182235839,1.7176061051362035,-1.0166697772340234,0.24730132070518535,-0.08861730780363454,0.25,-0.18346171138353023
52.7,7.720195322817127,1.6961914379412582,-1.0242898012813277,0.24374172554109005,-0.06139110581024305,0.25,-0.18223283394474377
52.8,7.73331126748818,1.6749553698627835,-1.0306405208991873,0.24399709268457737,-0.061075280684714156,0.25,-0.18223283394474377
52.9,7.746260904548177,1.6536665160581463,-1.0370618531412081,0.24158236640975153,-0.0626311934553211,0.25,-0.1813048438262172
53.0,7.754836234500307,1.6391646973395988,-1.0417754757415285,0.25104658740069796,-0.08101896263211576,0.25,-0.1813048438262172
53.1,7.767703029971285,1.617061914548729,-1.0504737810324194,0.2447382918611791,-0.08440400117787476,0.25,-0.18284934345721898
53.2,7.780473879975458,1.5947268634536556,-1.0588830020739137,0.24093621193111564,-0.056870731320152336,0.25,-0.18284934345721898
53.3,7.793053561288936,1.5719255794233251,-1.0646500164916082,0.2585828262118903,-0.0594761010417383,0.25,-0.18263696032991592
53.4,7.8054841967139605,1.5489318397363325,-1.070683513038081,0.25424497051887995,-0.06013115393971218,0.25,-0.18361462558239183
53.5,7.81776359788392,1.5260496701387474,-1.0769393978493358,0.25135827006525296,-0.06837684032199678,0.25,-0.18361462558239183
53.6,7.829934974219256,1.5035308022238347,-1.0852915263412486,0.25183222108112,-0.08511393107277536,0.25,-0.18382746233725628
53.7,7.841879247014273,1.4809514166015023,-1.094176320548442,0.24442693603043894,-0.07608284166758153,0.25,-0.18415110650291092
53.8,7.853482463796822,1.458398647410056,-1.1024894515377617,0.24027469105798377,-0.0712714937687948,0.25,-0.18415110650291092
53.9,7.864845458781252,1.4361305982426387,-1.1086612739934858,0.23976682113730152,-0.05601282599333114,0.25,-0.18536366298366985
54.0,7.876087492321803,1.413899852885833,-1.1145518553553253,0.23983902120002393,-0.0569346898282891,0.25,-0.18536366298366985
54.1,7.887200959041541,1.391372273614058,-1.1211253214036854,0.25381566217389273,-0.07906668347909167,0.25,-0.17882443437545348
54.2,7.8984514071894285,1.3683265219892928,-1.1296366486459488,0.24577815820443497,-0.08243143727445452,0.25,-0.18302006415858946
54.3,7.9094366883945755,1.3451254142063431,-1.1379789057039307,0.2579745315554557,-0.07512321079713861,0.25,-0.18302006415858946
54.4,7.920186953777571,1.3213684231856422,-1.1447198490832124,0.26018716379196605,-0.053584421816534535,0.25,-0.18450703238517646
54.5,7.930758695545549,1.297402061638021,-1.1505112180270056,0.2592673185123254,-0.05517882770568446,0.25,-0.18450703238517646
54.6,7.937715322729941,1.2814721062727945,-1.1542638679473427,0.24331498250695047,-0.06305219941718719,0.25,-0.18266816655349744
54.7,7.948087733936212,1.2580649677968712,-1.1614245692142597,0.25352769545894654,-0.08141916179347976,0.25,-0.18266816655349744
54.8,7.958360331256854,1.2346044171990418,-1.1702088197917946,0.25307285402633617,-0.0870061998313873,0.25,-0.19310937996822505
54.9,7.968432245600507,1.2111092650731226,-1.179196368556336,0.25318649833485796,-0.09094352844241405,0.25,-0.19231675039199458
55.0,7.9779957672654565,1.18787040470867,-1.186348121906382,0.23945255802667959,-0.05505707187710531,0.25,-0.19231675039199458
55.1,7.98745204953601,1.1649455832553517,-1.1918710097864553,0.24041893490760136,-0.053804328420069235,0.25,-0.1918318072802602
55.2,7.996820847797655,1.1412842290359795,-1.1982847913714993,0.2602352021886992,-0.061270269217863396,0.25,-0.1945159255330861
55.3,8.00604635163567,1.1174393069765662,-1.204573284038868,0.243795658176159,-0.06104646452038607,0.25,-0.1945159255330861
55.4,8.015121261473592,1.0935924874810892,-1.2116658822965285,0.25802824024718557,-0.07976986970177548,0.25,-0.19701423405688362
55.5,8.024153894811509,1.069383029194872,-1.2213704843760262,0.2529223366308013,-0.07691893689185325,0.25,-0.19701423405688362
55.6,8.032952534108553,1.045357123401325,-1.2291106767062758,0.24218787718312348,-0.08808596441061159,0.25,-0.19896968207880616
55.7,8.041478873111624,1.021657406466987,-1.2387860738462035,0.24586572084637873,-0.0929075384110756,0.25,-0.19836592105769152
55.8,8.049833430368833,0.997808599146283,-1.2473824156023088,0.2479710230568482,-0.06155820554740305,0.25,-0.19836592105769152
55.9,8.057872200066969,0.9736099846215253,-1.2535111338952565,0.2447262702773891,-0.0632344988129417,0.25,-0.19883860575116882
56.0,8.065848963379622,0.9494046267140898,-1.2602772297358746,0.24967741266296262,-0.08570968858701641,0.25,-0.19883860575116882
56.1,8.073483321228645,0.9253703869194055,-1.2672007744988156,0.2502506441953308,-0.07065242474133251,0.25,-0.19914767518475843
56.2,8.078552632519722,0.908988336683051,-1.272588909157859,0.24130195808579033,-0.08260519749569985,0.25,-0.19914767518475843
56.3,8.086165839070164,0.8842610875929919,-1.2811604558785106,0.2392450722801838,-0.07710764899374652,0.25,-0.19966243265461978
56.4,8.09342695339811,0.8595554168540978,-1.2901170992311868,0.2608303910943372,-0.05371746880547484,0.25,-0.2001041148373096
56.5,8.10043596748096,0.8350742919909238,-1.2954074200961658,0.24877237815087344,-0.0492336640779285,0.25,-0.2001041148373096
56.6,8.10734271900721,0.8105551893716679,-1.3004538132248538,0.25463450968468804,-0.051460106328297825,0.25,-0.19911515000227287
56.7,8.114083056148257,0.7864556086152025,-1.3071725644207295,0.2426896650053603,-0.07738724280581621,0.25,-0.2005763289809098
56.8,8.120593192648988,0.7621640585684589,-1.3162365619237923,0.24809572172425548,-0.09320255861891505,0.25,-0.2005763289809098
56.9,8.126956916388911,0.7377889392065571,-1.325404317007486,0.254998771784887,-0.08639448375092032,0.25,-0.2036698002515068
57.0,8.133117040238027,0.7130108703087783,-1.3319314650733534,0.24864129441767338,-0.05344522526963571,0.25,-0.2036698002515068
57.1,8.139118773154678,0.6882124924675885,-1.3376641620987224,0.25537466508159307,-0.05883283857836348,0.25,-0.19862228842568883
57.2,8.145024934878467,0.6631750855897287,-1.3439357877885063,0.2568054923723669,-0.07084943754103835,0.25,-0.19862228842568883
57.3,8.150795613796253,0.6378217241309048,-1.3519209859403403,0.2589837170869816,-0.08229472354022524,0.25,-0.20217781315040811
57.4,8.156355052311602,0.6125235957334877,-1.3606002324290563,0.24869080388611278,-0.08586737993390527,0.25,-0.2054537641549148
57.5,8.161647151442796,0.5874713117373065,-1.3703381518320783,0.25262749416744124,-0.07759273419758198,0.25,-0.2054537641549148
57.6,8.16668200192371,0.5623868961839161,-1.376009918179611,0.24856659682610563,-0.0443877411912107,0.25,-0.2065284395332394
57.7,8.17157095608432,0.5376502208777634,-1.3805167609386768,0.24711115229664624,-0.044667938474682214,0.25,-0.2065284395332394
57.8,8.17630526036714,0.513396994150929,-1.3856173203177449,0.25274656664655887,-0.05476614312946474,0.25,-0.21608851101496496
57.9,8.179403886256994,0.49705130553564403,-1.390054007819724,0.23820490734923258,-0.07671398889520885,0.25,-0.21608851101496496
58.0,8.18400922508494,0.4725750968419788,-1.3982087029052148,0.2528385394077539,-0.08071129129229411,0.25,-0.21723461614450712
58.1,8.188386288549651,0.4476531835995928,-1.405636150897179,0.24812230362650398,-0.059831963449850804,0.25,-0.218390826750329
58.2,8.192553531811779,0.422537936559616,-1.4114916481517283,0.24831493284695852,-0.0587826765864113,0.25,-0.218390826750329
58.3,8.196544233942722,0.3972743322519623,-1.4171829606965638,0.24890943172225277,-0.06087420622428835,0.25,-0.222182394016117
58.4,8.200413019063623,0.3715204855543177,-1.426189332012809,0.2463473359161669,-0.10782770606386351,0.25,-0.222182394016117
58.5,8.204167201111256,0.34578274489210936,-1.4365001032534148,0.24847145217847277,-0.09607458267284996,0.25,-0.2270646623539464
58.6,8.207533865187857,0.3202636456381339,-1.4473917675680223,0.2504938890399678,-0.11695522250105882,0.25,-0.22658471223946525
58.7,8.21066674485677,0.29485991151434804,-1.4543078297901137,0.2560326558916664,-0.04292674003006753,0.25,-0.22658471223946525
58.8,8.213623595632688,0.26985676522079266,-1.4585769420860875,0.2465842269087603,-0.044194469638169656,0.25,-0.22610820431205692
58.9,8.216436886189276,0.24489752241980084,-1.4644563576374066,0.2516203836848167,-0.06767037123520336,0.25,-0.22610820431205692
59.0,8.219074361050042,0.22012005275906005,-1.472439770121276,0.2599612813138277,-0.08528049866735264,0.25,-0.23094550357953897
59.1,8.221431196409524,0.19509233623155772,-1.4843681473135282,0.2447707714722245,-0.1276359112128947,0.25,-0.23368972265852936
59.2,8.222856474019672,0.1782683985458777,-1.4930530107100715,0.2447983176764241,-0.12041078718498134,0.25,-0.23368972265852936
59.3,8.224843371436858,0.15289256609521676,-1.502450024571709,0.2507730568051726,-0.0815091601124678,0.25,-0.2324764067761148
59.4,8.226499683109767,0.1273906615914856,-1.5106922975626385,0.24747795034993994,-0.07728104732580905,0.25,-0.2324764067761148
59.5,8.22797057540259,0.10150831400627616,-1.519083991454987,0.24356705605326143,-0.08623577965106892,0.25,-0.22962932797829258
59.6,8.229249719583512,0.07509379150003245,-1.5249012229796421,0.2567263038858949,-0.03840380184236251,0.25,-0.22938406321352592
59.7,8.230387615344904,0.048472478102746505,-1.529315970921744,0.2675048910715682,-0.040306941103243024,0.25,-0.22938406321352592
59.8,8.23144668765323,0.022429216053794165,-1.5336285846509092,0.25864566497857,-0.04224924342879632,0.25,-0.23047501952730096
59.9,8.232402655812233,-0.003021283402509291,-1.5412695759284991,0.25247059488700163,-0.09947215107577366,0.25,-0.23047501952730096
60.0,8.233054405820837,-0.02828928224390779,-1.5530010207039004,0.251312755237629,-0.13350028427527835,0.25,-0.22729305053309962
60.1,8.233313346988629,-0.05330282573178512,-1.5640404639883227,0.23927245378933282,-0.07080259156565,0.25,-0.22729305053309962
60.2,8.233429179540062,-0.07824861821166809,-1.570873929973907,0.23786281881999335,-0.06799212702569792,0.25,-0.22892610831072754
60.3,8.233361158200097,-0.10320464999508257,-1.577959032453967,0.24825022858737358,-0.08307890972992042,0.25,-0.22926746428442654
60.4,8.233201549333547,-0.12881325254343778,-1.5869695223803622,0.24366877327677725,-0.10725001326636177,0.25,-0.22926746428442654
60.5,8.232686889944237,-0.15452922070177685,-1.5965699530453226,0.26480084617089006,-0.07803653430480634,0.25,-0.23309205122977655
60.6,8.232210926631764,-0.1718088478328668,-1.602935843890616,0.2448990169007413,-0.11208198252177337,0.25,-0.23309205122977655
60.7,8.231327789122181,-0.19812136735277552,-1.612209041034562,0.26547281078516216,-0.05834645146015075,0.25,-0.23406748684876544
60.8,8.230193672162427,-0.22435354129042062,-1.61887089124862,0.2441609402413788,-0.07290221544157477,0.25,-0.23406748684876544
60.9,8.228852984799532,-0.2501843313513147,-1.6267209965531695,0.2447192702188827,-0.10827267508859939,0.25,-0.2401903455218785
61.0,8.227264087831607,-0.27563924030697423,-1.6383857273582316,0.2395331848381067,-0.11363262731113538,0.25,-0.24096467581091685
61.1,8.225517667070267,-0.30081119576583654,-1.6503257932014581,0.249679299070724,-0.11642910114463967,0.25,-0.24096467581091685
61.2,8.223466190837344,-0.3258362432593605,-1.661781845346282,0.25265954172562527,-0.07345465248524548,0.25,-0.23913965971995638
61.3,8.221190880649617,-0.35066719741176744,-1.6683672808890198,0.23706281462033432,-0.06386136526248466,0.25,-0.23913965971995638
61.4,8.218727628956183,-0.3752237862197098,-1.6752202009121944,0.24280564030509044,-0.06324144517338495,0.25,-0.23492258178111286
61.5,8.216065682348205,-0.4002158826081085,-1.6837010010108229,0.24827609855432045,-0.09270880610383277,0.25,-0.23492258178111286
61.6,8.213066132400089,-0.4258429453458203,-1.6922757847216376,0.2629957403759808,-0.0871980181590995,0.25,-0.23737226867207928
61.7,8.20978488775925,-0.4515588813769456,-1.701739982764483,0.2511707468406813,-0.09991101978016893,0.25,-0.2376438067637982
61.8,8.206357565205588,-0.47734719469424775,-1.7107478710002797,0.26610748326677486,-0.0681891172058322,0.25,-0.2376438067637982
61.9,8.202771433908303,-0.5031192187178429,-1.7183829729572055,0.2584382446657156,-0.08425737402603982,0.25,-0.23717744227078327
62.0,8.20025295849176,-0.5203768451511137,-1.7244585086021769,0.2636643409625687,-0.09049740307484164,0.25,-0.23717744227078327
62.1,8.196332874633569,-0.5456374311293547,-1.7338712231093296,0.24641831357210783,-0.09581152780910134,0.25,-0.2381476406209866
62.2,8.192181718894714,-0.5708059350426855,-1.7425956070759867,0.24601135331742047,-0.08381539952095445,0.25,-0.2352531463409128
62.3,8.18782853365659,-0.5957210318333701,-1.7521014450864092,0.24105156869288694,-0.11711885254020336,0.25,-0.2352531463409128
62.4,8.183255279010515,-0.620295808526094,-1.7614747227771113,0.2424564419015598,-0.08558476238471326,0.25,-0.2337006109279299
62.5,8.178680303903269,-0.6447274380879643,-1.7706370697217344,0.2388673614704916,-0.09248710712086597,0.25,-0.2337006109279299
62.6,8.173712735359095,-0.6695338971591178,-1.7791785695520868,0.2544434144417306,-0.08085453404934397,0.25,-0.2331195678130842
62.7,8.168361158105654,-0.6945371411840352,-1.7893578584863365,0.23870049528512172,-0.11300595274839986,0.25,-0.2331195678130842
62.8,8.162673635567687,-0.7196289053524285,-1.8007059687859412,0.26113166642869673,-0.11766468686301211,0.25,-0.23201179367722455
62.9,8.15674230833244,-0.7449869878504313,-1.8117076467368527,0.2588116875337463,-0.09429280775140243,0.25,-0.2288083225853962
63.0,8.150565796822479,-0.7699509912412074,-1.8217226549375067,0.24211910143809304,-0.10087042920563305,0.25,-0.2288083225853962
63.1,8.14409386383618,-0.794540687695023,-1.832239996651629,0.24864227829463154,-0.10272997917010733,0.25,-0.22520971777836107
63.2,8.137630222076305,-0.8190964416962321,-1.8420559512367203,0.24718209482120873,-0.09695165568996607,0.25,-0.2183779151687375
63.3,8.13091682268364,-0.8436081339459158,-1.8526850571082811,0.24899962251523253,-0.09542511895981529,0.25,-0.2183779151687375
63.4,8.12374628196678,-0.8680434958895653,-1.8619191018598946,0.25130619055452336,-0.08636343763616333,0.25,-0.21583551935044776
63.5,8.116462382266556,-0.8921447038035297,-1.8707423656416966,0.2487425122746054,-0.07638485706575333,0.25,-0.21583551935044776
63.6,8.108879311516354,-0.9167690979102088,-1.878308339073817,0.2542426394315658,-0.08903627126688189,0.25,-0.21388713266404014
63.7,8.100926028847159,-0.9411630458081974,-1.8884952069360996,0.24195302282568668,-0.10406160521901145,0.25,-0.2128578526067958
63.8,8.095606881093039,-0.9573312798732708,-1.8946940510367671,0.23835180447029833,-0.08555253903765067,0.25,-0.2128578526067958
63.9,8.087420909202178,-0.9815067772887338,-1.9024857671162436,0.2643940622464441,-0.05819378646187888,0.25,-0.2128578526067958
64.0,8.079155538127113,-1.0055308445349986,-1.909477339890149,0.2611944281766529,-0.06576554116076783,0.25,-0.20970811677877196
64.1,8.07075567181707,-1.029043901330512,-1.9163500123541501,0.25294211150749596,-0.06487211341383202,0.25,-0.20919069463229611
64.2,8.062143303873537,-1.0523404936640008,-1.9231499076595804,0.23869188443193998,-0.0660794561146885,0.25,-0.20919069463229611
64.3,8.053339881271338,-1.0757664148824961,-1.929974764595601,0.24611596727685497,-0.08446018314097212,0.25,-0.20946408292494836
64.4,8.044777469342339,-1.0996169138842569,-1.9400427910343316,0.24864446754151695,-0.09788359245575828,0.25,-0.2093836022404188
64.5,8.035854222966119,-1.1233798130701995,-1.9504953683559305,0.24583653932249774,-0.1037901375875598,0.25,-0.2093836022404188
64.6,8.026246798569494,-1.1474052750453088,-1.9590928699988952,0.26063132883977214,-0.06859211132140106,0.25,-0.20740936348427244
64.7,8.016413674566358,-1.1719188244636694,-1.9655169132701769,0.25919299926311085,-0.05734354714842463,0.25,-0.20740936348427244
64.8,8.006479970721974,-1.1963246894482098,-1.971716241011814,0.2583275902981952,-0.07164346523191854,0.25,-0.2051573449596096
64.9,7.996496260926785,-1.2198305076309204,-1.9814290665462104,0.25098800161302326,-0.10232610940927585,0.25,-0.20714884621154364
65.0,7.986430308589264,-1.2431495213156323,-1.991643832600609,0.24259921966538883,-0.09859866855560372,0.25,-0.20714884621154364
65.1,7.976354052696464,-1.2663630409307831,-2.0023707566373092,0.25805603724129,-0.09995665295348742,0.25,-0.2058832025012818
65.2,7.965741532787577,-1.2888733005132553,-2.010471355237725,0.23855494497755353,-0.06224646089926047,0.25,-0.2058832025012818
65.3,7.958586307760095,-1.3038226643671111,-2.015229245028331,0.24260286240024187,-0.0706736198634211,0.25,-0.19747926318735168
65.4,7.947684804305341,-1.3263831431944295,-2.02245548519653,0.244566429799673,-0.06750924495725288,0.25,-0.19747926318735168
65.5,7.936642264984675,-1.349263610293754,-2.031414667790264,0.25211838600442515,-0.09499878595815045,0.25,-0.19740407026508155
65.6,7.925583221382216,-1.3721118195211461,-2.0410305405717852,0.2500323617280528,-0.09558833947793653,0.25,-0.19399663530814404
65.7,7.914157625847132,-1.3948743879276584,-2.050279351950479,0.25188571859510006,-0.07129876726093688,0.25,-0.19399663530814404
65.8,7.90213159042135,-1.4181583572439036,-2.0573607074062497,0.2573118740131809,-0.0693759875713504,0.25,-0.19134281370898673
65.9,7.8900162797130555,-1.441075822476485,-2.0645198113992325,0.23846867094738822,-0.07097597091738705,0.25,-0.18815273216472034
66.0,7.877751582349231,-1.4637021544699111,-2.074472511006657,0.2538752704889409,-0.10612101052737817,0.25,-0.18815273216472034
66.1,7.865629603908311,-1.4860008658080983,-2.0843392071600158,0.24783526200231892,-0.10038660452815017,0.25,-0.18722493702679482
66.2,7.853049063366781,-1.5081244324288476,-2.093936740106357,0.24245103790614497,-0.09506477073249218,0.25,-0.18722493702679482
66.3,7.8404391690112964,-1.5299239747574234,-2.1022345445151767,0.24073161087602427,-0.07778929440089336,0.25,-0.17138950928281932
66.4,7.827585303349049,-1.5514246203420718,-2.1093378751162186,0.24793651619408508,-0.061940832922643504,0.25,-0.1717684872706388
66.5,7.814588599767295,-1.5729920337069108,-2.115682270777747,0.25239782219204954,-0.07042805071848493,0.25,-0.1717684872706388
66.6,7.801499444484559,-1.5947812471381386,-2.1234825573117324,0.2502686321504121,-0.07869937794430772,0.25,-0.1728550559752169
66.7,7.788224651644363,-1.616461549228789,-2.131425684941359,0.24861442213805462,-0.07850051951395465,0.25,-0.1728550559752169
66.8,7.774555024221006,-1.638182384208299,-2.1384791279144224,0.24334362196709608,-0.0587542848255904,0.25,-0.17299609276447703
66.9,7.765239086996791,-1.6527359984380527,-2.143151345684771,0.25530182804261264,-0.07515246465152456,0.25,-0.17299609276447703
67.0,7.7512046533111505,-1.6745772749198704,-2.1500847786749895,0.25428057435394236,-0.06351115553978973,0.25,-0.17240894575214388
67.1,7.737002445847758,-1.6963329966745613,-2.1566126003820383,0.2407133751078104,-0.0686634090020984,0.25,-0.17569238863477254
67.2,7.72300255479749,-1.7175398939317277,-2.1653376170180607,0.2424239896565439,-0.08624474867825083,0.25,-0.17732839202136716
67.3,7.708692936662259,-1.7386348106544052,-2.173040568174417,0.25842888649285056,-0.06297285744069582,0.25,-0.17732839202136716
67.4,7.694272747855561,-1.7594384524961388,-2.181264637929985,0.243757926408402,-0.08563524942573769,0.25,-0.17515615523172173
67.5,7.679793126529118,-1.7800525980608526,-2.188911446966172,0.256316426870499,-0.07357033686916638,0.25,-0.17515615523172173
67.6,7.665228028420712,-1.800463728565267,-2.1964345589669882,0.2538508802895358,-0.06976782181504701,0.25,-0.17375971643691573
67.7,7.650374909606102,-1.820963181352414,-2.2034386793474585,0.2492472570074293,-0.07917753373449708,0.25,-0.17477196220214786
67.8,7.635229983686422,-1.841513035097952,-2.2109007748759444,0.24844875451934942,-0.07064834798703826,0.25,-0.17477196220214786
67.9,7.6199395546175435,-1.862112372291513,-2.2182165585187605,0.2565946800627927,-0.0732562098434336,0.25,-0.17452798240081546
68.0,7.604314879639883,-1.8826610885627868,-2.2259104738756115,0.2549006465312479,-0.08049646920702457,0.25,-0.17452798240081546
68.1,7.588440357054856,-1.9031161810189943,-2.233570152231468,0.2480827735904398,-0.07458522286658625,0.25,-0.17310261797599702
68.2,7.572432675003495,-1.9234152451235529,-2.2411615166696066,0.25479384406610756,-0.07714169227081093,0.25,-0.1729647333496122
68.3,7.561853600035855,-1.9367390078374114,-2.2461774235166097,0.2520474108236464,-0.06831366978581233,0.25,-0.1729647333496122
68.4,7.545854378470506,-1.9566009465171477,-2.2529425332726727,0.2540745911297312,-0.06381656830958361,0.25,-0.1729647333496122
68.5,7.529795847471682,-1.976248592511557,-2.260243451147242,0.24129955160019229,-0.07557144614599916,0.25,-0.16986198437102046
68.6,7.513804628245281,-1.9956922424998198,-2.2679729525090004,0.24912870784084393,-0.0747234703468481,0.25,-0.17277703099026737
68.7,7.497790253370072,-2.014979038042671,-2.2756530403191233,0.24529313214741286,-0.07411093638808144,0.25,-0.16802726970789628
68.8,7.481583161459826,-2.034124371646265,-2.282954446912534,0.25146552869025396,-0.07058701685361125,0.25,-0.16802726970789628
68.9,7.464879260893381,-2.0534563803708887,-2.2902022249671896,0.25955956951110476,-0.07194245927837505,0.25,-0.16900696908466953
69.0,7.448001929094036,-2.0727782364617457,-2.2975956059533793,0.2543908598150108,-0.07278510452515252,0.25,-0.16900696908466953
69.1,7.430962449261557,-2.0920451792586445,-2.3048298452437344,0.2542597754498997,-0.06728944076855906,0.25,-0.16862805653717164
69.2,7.413516418325866,-2.1111727520378354,-2.3118197094336197,0.2542894645735635,-0.06534593496155751,0.25,-0.1684823534203153
69.3,7.3959315693461045,-2.1301614930642856,-2.3191194595979843,0.25227435803934634,-0.0746029062165696,0.25,-0.1684823534203153
69.4,7.378465377167922,-2.1489600871566594,-2.32646564372224,0.2486121965702959,-0.06423295723663675,0.25,-0.16311044261312838
69.5,7.360919764989366,-2.1674107208181392,-2.3329735502507,0.2528179373728144,-0.06503148384560736,0.25,-0.16311044261312838
69.6,7.343270418165637,-2.1857526551742392,-2.339602266956106,0.24611593676977606,-0.07165586692182524,0.25,-0.1675042924610934
69.7,7.325735291116152,-2.2038629915908294,-2.346974870454032,0.24483552202073744,-0.07329494410796306,0.25,-0.16642784864361354
69.8,7.308191469798433,-2.2218608475998307,-2.3541571723623673,0.24435923944429552,-0.06984819466971072,0.25,-0.16642784864361354
69.9,7.296474736155392,-2.233784543515404,-2.358867988747913,0.24730371231058348,-0.07071375548660314,0.25,-0.16642784864361354
70.0,7.278555450325115,-2.251625280485091,-2.3661405103045077,0.24993781849288008,-0.07346698567540749,0.25,-0.16799918744882741
70.1,7.260270482233745,-2.269691709726019,-2.3739168537359703,0.2541342248538105,-0.07325168518880802,0.25,-0.17413263567160764
70.2,7.241820625135194,-2.2876006553614783,-2.3816967383726113,0.24471463278005143,-0.07560576189092588,0.25,-0.17413263567160764
70.3,7.222994206026936,-2.3053948687297874,-2.388809813180966,0.2539229887470454,-0.07050232571416526,0.25,-0.17489765352528042
70.4,7.20402500763248,-2.3229617153762536,-2.3961928173726745,0.25459591999437353,-0.07288024320545597,0.25,-0.17276552274102638
70.5,7.184919396874952,-2.340391631740262,-2.4035107362854693,0.24727598276178994,-0.07597547823021435,0.25,-0.17276552274102638
70.6,7.165994553780312,-2.357572326248012,-2.4108040962911623,0.24619830989388136,-0.0708551329898436,0.25,-0.17521868826450368
70.7,7.146997559803804,-2.374504557023202,-2.418259992518775,0.2467964670404829,-0.07496658112296803,0.25,-0.17521868826450368
70.8,7.127897195097195,-2.3912051969826438,-2.425743892686875,0.24043953697271928,-0.06686972706179262,0.25,-0.17405525650123402
70.9,7.108921610904816,-2.407706475936261,-2.432569649571155,0.24416096850619184,-0.07031169876021774,0.25,-0.17436221447729
71.0,7.090023255364303,-2.4241059332325765,-2.4399287735119017,0.24852478584706317,-0.07032296577111799,0.25,-0.17436221447729
71.1,7.070575611923993,-2.440430375585806,-2.446917113278259,0.2567016508167427,-0.06619926665998968,0.25,-0.1744157314911839
71.2,7.05093193734055,-2.4567527337948816,-2.4546398797008693,0.2593388288590441,-0.07568657136106018,0.25,-0.17484055266185333
71.3,7.031035039889467,-2.4730454113320177,-2.4624328280280556,0.25827247985177904,-0.0787707491762242,0.25,-0.17484055266185333
71.4,7.010875991823098,-2.4892350549336335,-2.4698368249878473,0.2560720516662091,-0.06707830658143576,0.25,-0.17418140322091707
71.5,6.990703489920722,-2.505235161242663,-2.477014255441097,0.25604032246741076,-0.06980317609848036,0.25,-0.17418140322091707
71.6,6.977368974545189,-2.5157285612876126,-2.4820438305230685,0.2531733261524116,-0.0763681112865293,0.25,-0.17281926084833565
71.7,6.957300975166417,-2.5313097534293454,-2.490092196739914,0.24943667555748938,-0.06903187221345326,0.25,-0.17281926084833565
71.8,6.936990136337102,-2.5468213093615133,-2.497344296143919,0.2521248469490479,-0.07478422601046734,0.25,-0.1741078321690127
71.9,6.916558025921966,-2.562070006411838,-2.5048475059984767,0.24756368181225594,-0.0741863611089585,0.25,-0.17497179854032766
72.0,6.89636169583697,-2.5770362719539595,-2.511845806598105,0.2441138369844025,-0.06547965662652992,0.25,-0.17497179854032766
72.1,6.8759970297846,-2.5918700314274874,-2.518923668925938,0.2526446584794248,-0.07647712639818276,0.25,-0.17411611400923208
72.2,6.8549984393301875,-2.606762014811824,-2.5262631868463794,0.250034607942197,-0.07392479079319288,0.25,-0.1740908847474143
72.3,6.834193191371122,-2.6214324815827132,-2.5336389299143423,0.24877911997752641,-0.0697020995531757,0.25,-0.1740908847474143
72.4,6.8132555027056165,-2.635938819334317,-2.5406535617755885,0.24301215746053553,-0.060484967279031215,0.25,-0.1664805014184217
72.5,6.7920175198370885,-2.6504793349759033,-2.5479587925531773,0.248352499890492,-0.08126949106114871,0.25,-0.1664805014184217
72.6,6.771021366601817,-2.66465330731513,-2.5552552657144596,0.2501132016428914,-0.07234718184554308,0.25,-0.16904880832089167
72.7,6.749992170781345,-2.6786148263921437,-2.5625789900173515,0.2519040100264677,-0.07376112178124476,0.25,-0.1713146822540479
72.8,6.72875860482725,-2.692438096425406,-2.5691782098197646,0.2509294845355364,-0.06194612046456535,0.25,-0.1713146822540479
72.9,6.707292789824145,-2.7062010614521967,-2.575479882442103,0.2496460754202755,-0.055173071397771244,0.25,-0.1673256113345455
73.0,6.685754084669714,-2.719838658426428,-2.58146964820563,0.2488066741608551,-0.06198263144614928,0.25,-0.1673256113345455
73.1,6.664033115150757,-2.733335915917511,-2.588847602990376,0.243874774968909,-0.07872749888905942,0.25,-0.17485165611700948
73.2,6.649460778244581,-2.7423106903334724,-2.594314265076552,0.25622994680193906,-0.08440247079359141,0.25,-0.17485165611700948
73.3,6.627329341047199,-2.7558303785825173,-2.6023716479313186,0.25147286632260696,-0.07002880269370948,0.25,-0.17487967474591065
73.4,6.605309695468814,-2.768917031408746,-2.6107575135975147,0.24866197900461787,-0.06913830612255177,0.25,-0.17487967474591065
73.5,6.583515815513349,-2.781792750373334,-2.617316183748442,0.24806732357286979,-0.06362585191111626,0.25,-0.17288564411813936
73.6,6.561487286095487,-2.794498078087791,-2.6239351373021242,0.24339376309694366,-0.06619428455460913,0.25,-0.17536082825811453
73.7,6.539638431374511,-2.8069334604385068,-2.631022297773223,0.2525383045971013,-0.07239733529519793,0.25,-0.17577905513140812
73.8,6.517627501501393,-2.8193150798395274,-2.638732321000912,0.24646565389016936,-0.07552090567157115,0.25,-0.17577905513140812
73.9,6.4954600356869525,-2.8314518554748043,-2.6461522117069967,0.24366503973947995,-0.06031587101701432,0.25,-0.17623019508295393
74.0,6.4730532928518665,-2.8435403812332494,-2.6524194529451925,0.25511323080808296,-0.06235507729469855,0.25,-0.17623019508295393
74.1,6.450550981647834,-2.855498499270522,-2.6582424549681543,0.2490721294368007,-0.06248556973566809,0.25,-0.17673671781186878
74.2,6.427882700842634,-2.867406997519058,-2.664614474843255,0.2522842625994274,-0.07941958813965841,0.25,-0.18199099893328877
74.3,6.4049148870284265,-2.879391072077476,-2.6726233121478677,0.2561652790508738,-0.08415606837815585,0.25,-0.18199099893328877
74.4,6.3817510329119855,-2.8912474233865804,-2.6804934654524906,0.252309946229805,-0.0722360589209519,0.25,-0.18881251407812466
74.5,6.3586814059218915,-2.9026337452775333,-2.6889636815684113,0.25290966453950436,-0.07005542107006886,0.25,-0.18881251407812466
74.6,6.336038733535436,-2.913727117809028,-2.6956042562133233,0.24502552880835296,-0.06295501487143029,0.25,-0.18728117829061408
74.7,6.313307622272182,-2.9246569476870756,-2.702127476107111,0.2470745245218194,-0.06340076821396828,0.25,-0.17707671802688527
74.8,6.29812647032066,-2.931750690181728,-2.706541680326561,0.24172352378375547,-0.0720405577410938,0.25,-0.17707671802688527
74.9,6.275267429191237,-2.942307840177276,-2.7143549018635937,0.2545022003282671,-0.08098648962376455,0.25,-0.1825130308366353
75.0,6.25230780040902,-2.952710426573511,-2.723078299419612,0.24452764732200874,-0.08356189092111219,0.25,-0.1825130308366353
75.1,6.229079769271994,-2.9630288005446577,-2.730458388531403,0.24955623246401473,-0.06004799767367342,0.25,-0.1799005969257353
75.2,6.205649236855789,-2.973194562871605,-2.736448575521849,0.24581317258300728,-0.05993931007036525,0.25,-0.17492048911593852
75.3,6.182163721167306,-2.983182285999515,-2.74242733764689,0.24848754072833826,-0.05543785538218142,0.25,-0.17492048911593852
75.4,6.158276947861024,-2.99324554240417,-2.7494673616264507,0.24978302779333925,-0.07360104845855786,0.25,-0.17550755185997102
75.5,6.134334795276007,-3.0033082019144643,-2.756691172663026,0.2545791821686822,-0.06921765263917035,0.25,-0.17550755185997102
75.6,6.110422104535438,-3.0130162215503202,-2.7644361969636853,0.25945950448124144,-0.08030617023375634,0.25,-0.17710309973274757
75.7,6.086726944875208,-3.0223710891770805,-2.7708739710821266,0.2498863395731103,-0.05845807942134831,0.25,-0.17486443906655638
75.8,6.063251733129172,-3.0315597150103932,-2.776477765078245,0.24965085009277865,-0.05499984390594156,0.25,-0.17486443906655638
75.9,6.039696542054816,-3.040568297695063,-2.782846075784248,0.2408846361540895,-0.06438142455760243,0.25,-0.1863082364821933
76.0,6.016275267525802,-3.0493261366629816,-2.790163986141004,0.24826598024573063,-0.08452144070262842,0.25,-0.1863082364821933
76.1,5.992525732931168,-3.057855478919303,-2.7997990675484727,0.25124885725816987,-0.08864874873802685,0.25,-0.18667834408409498
76.2,5.96867872726555,-3.0663995323999034,-2.807059583081027,0.24983187373357515,-0.0583669027585137,0.25,-0.19266164654571247
76.3,5.944533596130886,-3.0747532717489556,-2.812979754988766,0.2524755817772578,-0.057971740000845505,0.25,-0.19266164654571247
76.4,5.920289550846106,-3.0829749962010737,-2.820395827369737,0.246011580094024,-0.07981333350273287,0.25,-0.1964578741347155
76.5,5.903768717380002,-3.0883791996348218,-2.824499135906379,0.25518615925214544,-0.055379087459130984,0.25,-0.1964578741347155
76.6,5.878777664044636,-3.0964412523597344,-2.829935645331704,0.25012667515711534,-0.0641658342086455,0.25,-0.19833858980409702
76.7,5.8540365016812395,-3.104373221906106,-2.8373313186091047,0.2565713875106608,-0.08121462190780028,0.25,-0.20130199071279936
76.8,5.8295291883003575,-3.111984186726137,-2.8464067688120864,0.24640779196120124,-0.0696939326118441,0.25,-0.20130199071279936
76.9,5.805144370820772,-3.1193457910236044,-2.8534826513505664,0.2576629311709571,-0.08203697853709173,0.25,-0.20582785660417835
77.0,5.780842122273839,-3.126381947815857,-2.863578542433538,0.23837783663295145,-0.10583314850923954,0.25,-0.20582785660417835
77.1,5.756745229999904,-3.1332706967453423,-2.872775309454284,0.2517144835931276,-0.05446661359939816,0.25,-0.20788905075076375
77.2,5.732962283675565,-3.139934778932741,-2.8783165570454234,0.2396917390763571,-0.049365104731303906,0.25,-0.20788905075076375
77.3,5.70876783617675,-3.1464345952708532,-2.886758826572724,0.2437526197049465,-0.10248647637162926,0.25,-0.20873184467119135
77.4,5.684055438558584,-3.1528592014458643,-2.896184118693738,0.24926729002159836,-0.10864439471715844,0.25,-0.21136239272373414
77.5,5.659201367468596,-3.1588975365717173,-2.906190131892223,0.24689108200925172,-0.09238803224336167,0.25,-0.21136239272373414
77.6,5.633990195771731,-3.1648297083010157,-2.9157595517573465,0.2606897344686572,-0.08755773800813545,0.25,-0.20734399113407545
77.7,5.608404586222124,-3.1705804708614935,-2.9219904891372503,0.2633107833064156,-0.05074170077092706,0.25,-0.20734399113407545
77.8,5.582882693704977,-3.176208043836019,-2.9273123075908223,0.2534679054396816,-0.04954628678525851,0.25,-0.2027559011867608
77.9,5.557766456852126,-3.18156193136176,-2.9346678819334717,0.24350936540828721,-0.08719009347449187,0.25,-0.20264709594481622
78.0,5.532879565697807,-3.1867153689222087,-2.943933061563163,0.2544228006415432,-0.0950690904008314,0.25,-0.20264709594481622
78.1,5.516252149995895,-3.189973141458842,-2.9504143602061093,0.25229522994334913,-0.1015704435861779,0.25,-0.20129218460003567
78.2,5.491496298180263,-3.194802532876013,-2.960587551899436,0.2533283541928974,-0.08547657833662825,0.25,-0.20129218460003567
78.3,5.4671140164153655,-3.1993583839856097,-2.9660460755483715,0.2479518979919773,-0.0464116461966743,0.25,-0.20223507208974112
78.4,5.442717842735123,-3.2037397757997867,-2.971120387944259,0.2372542514351245,-0.04904958953429385,0.25,-0.2004897554004027
78.5,5.417887112004504,-3.2080076914482856,-2.9772517395372633,0.259165202341071,-0.07036864109583821,0.25,-0.2004897554004027
78.6,5.392544729820456,-3.2121028788446297,-2.984889970414134,0.25883880314280056,-0.07463957295296401,0.25,-0.2016746618513076
78.7,5.366922606932538,-3.2161101964949923,-2.9931554052943263,0.2609838705870019,-0.07549402327908701,0.25,-0.2016746618513076
78.8,5.340954725984447,-3.219892038069219,-2.9985351972929206,0.2604638193677257,-0.04093300699730288,0.25,-0.1917050252074129
78.9,5.314857677470164,-3.2235525506221454,-3.0024938557812706,0.2594842195777857,-0.0390088874819855,0.25,-0.1852160380115246
79.0,5.288972049896568,-3.2270945002093683,-3.007055003026802,0.24907485299576335,-0.06045950271366339,0.25,-0.1852160380115246
79.1,5.263704363951182,-3.230466437615552,-3.0143218823338906,0.2546254947345944,-0.07306784532084899,0.25,-0.17970160907550087
79.2,5.238511008270382,-3.233617056543222,-3.0223672876103747,0.24110271585816193,-0.08111143074549933,0.25,-0.17970160907550087
79.3,5.213449501799327,-3.2365822212485957,-3.0306186017518364,0.2454498574292169,-0.05343366162148434,0.25,-0.16840798032796686
79.4,5.188549985461777,-3.239351620754357,-3.0349865150291215,0.2434210440193946,-0.03950365794673658,0.25,-0.16840798032796686
79.5,5.163590847194762,-3.241999708581094,-3.0396080359269724,0.24048759073282217,-0.036055725976759025,0.25,-0.1591805872260016
79.6,5.138462111096715,-3.244566290200104,-3.0434099133811796,0.2464381605437664,-0.044193697705533955,0.25,-0.1486090146215887
79.7,5.112905062116313,-3.2469955500212104,-3.0483202239086133,0.2536351326334701,-0.05077281983631075,0.25,-0.1486090146215887
79.8,5.095922403809952,-3.2485651405255034,-3.0521668943488085,0.25763261862745024,-0.05621437000119959,0.25,-0.1486090146215887
79.9,5.070280647155267,-3.250875596139626,-3.0583132240489292,0.25833002746138795,-0.04258809406777848,0.25,-0.1426062562260972
80.0,5.044460037015697,-3.252994813994124,-3.061966651762379,0.2518265845699076,-0.037155485567898466,0.25,-0.13064531276357755
80.1,5.018713397700004,-3.255044596851732,-3.065352097048301,0.2556772786208841,-0.031035481795167623,0.25,-0.13064531276357755
80.2,4.993230956173931,-3.256975122184947,-3.0697044109041784,0.25022488981378627,-0.04747613328830476,0.25,-0.12525835643363192
80.3,4.967784642370158,-3.258779390379549,-3.0745418626328775,0.2560071372965028,-0.04168672972683656,0.25,-0.12068433420898718
80.4,4.942433514537364,-3.26041764682203,-3.079047315825323,0.24384206878723216,-0.045165436070953115,0.25,-0.12068433420898718
80.5,4.917228128146123,-3.2619681851445748,-3.0828177176058618,0.2538001633078898,-0.03104075700508547,0.25,-0.11021606910318249
80.6,4.892023436159478,-3.263410754639529,-3.085497731828811,0.24699255039214257,-0.02760190098587518,0.25,-0.11021606910318249
80.7,4.866663925804147,-3.264825851728822,-3.088258471476207,0.25042464093531513,-0.033076269658479186,0.25,-0.10108768398740749
80.8,4.841174709194325,-3.266155137868064,-3.0916255611579024,0.25290812952194464,-0.028069803424734096,0.25,-0.10108768398740749
80.9,4.815691978335092,-3.2674083833004413,-3.094635789699226,0.2480115341445751,-0.03585110578304117,0.25,-0.09667386538598581
81.0,4.79006281590825,-3.268568277799136,-3.097613776884683,0.2551798648097951,-0.021244202108104474,0.25,-0.09667386538598581
81.1,4.7643870101452785,-3.269729983958027,-3.099881209940968,0.25322927729042033,-0.024944589299291237,0.25,-0.09461288907117874
81.2,4.73899908442481,-3.2707913371809605,-3.102758958738123,0.24927832440576564,-0.032233256404625404,0.25,-0.08783044935012399
81.3,4.713577159968661,-3.2717445731235295,-3.1054473590545175,0.24641485862732448,-0.022758721646397986,0.25,-0.08783044935012399
81.4,4.696609302382156,-3.2723548570603698,-3.1073157158747096,0.24883519806876278,-0.028237482787072755,0.25,-0.08783044935012399
81.5,4.671116881758716,-3.2732041956670237,-3.110026298126168,0.25135582619011715,-0.024041804663544473,0.25,-0.08135272349745927
81.6,4.645706640023226,-3.2740021720773624,-3.1127361904686253,0.2465755309640436,-0.020223286706696875,0.25,-0.07604130953179042
81.7,4.620340409339451,-3.2747188299720884,-3.1147520882859108,0.2471046285213862,-0.019935313801128073,0.25,-0.0721252108680523
81.8,4.594875341711608,-3.275368256265028,-3.1166918259838945,0.2539197841034837,-0.016907350281692084,0.25,-0.0721252108680523
81.9,4.569318235790205,-3.2759943614102456,-3.118432763154062,0.2521631701929681,-0.01469498687633232,0.25,-0.06697608448908297
82.0,4.5437890270660715,-3.276579515641645,-3.1200380060388935,0.2524164307955697,-0.018356624875463256,0.25,-0.06697608448908297
82.1,4.518256257517414,-3.277117092697495,-3.121870674271237,0.2499148598741095,-0.01470603578363733,0.25,-0.06338294804595977
82.2,4.492652509638286,-3.277619036773029,-3.123295511070996,0.24576200507932977,-0.014863066828386597,0.25,-0.061191850387452076
82.3,4.4672356552440196,-3.278104317784902,-3.125127066343318,0.24867205645587695,-0.016230352671719128,0.25,-0.061191850387452076
82.4,4.441817081950462,-3.2785328839637438,-3.1270727145181487,0.25202036166318087,-0.01985001626779358,0.25,-0.05776503438080728
82.5,4.416335643498264,-3.278901787436598,-3.128699155511178,0.24834970039235038,-0.015128301705392052,0.25,-0.05776503438080728
82.6,4.390820882747666,-3.279212897017876,-3.130361635478827,0.2502551110128667,-0.0191551899898647,0.25,-0.05265515961225542
82.7,4.365380362264789,-3.2794785775503548,-3.131971058041045,0.24777551991312208,-0.011167371402149733,0.25,-0.05085781546769263
82.8,4.339982196834756,-3.279707391210302,-3.1331434568706396,0.24830170434013546,-0.011390087187909554,0.25,-0.05085781546769263
82.9,4.314417185019871,-3.279904382049765,-3.134523482561107,0.2525125840572774,-0.014854785329102463,0.25,-0.048393321505090396
83.0,4.297353690510775,-3.2800195704355066,-3.1353869964534242,0.2525468977580267,-0.010352511450191079,0.25,-0.048393321505090396
83.1,4.271835854547358,-3.28016690947397,-3.1363354653675986,0.25255756057510237,-0.009456757214442875,0.25,-0.04398968673516888
83.2,4.246323108392933,-3.280298593747995,-3.1373369623648064,0.25053331176344834,-0.01128870965184469,0.25,-0.04398968673516888
83.3,4.220767688976146,-3.280398442001871,-3.138554880385494,0.24935557491968022,-0.008353133248511856,0.25,-0.041656353784092846
83.4,4.195329699250233,-3.2804818828131217,-3.1396235324390633,0.2492585508912441,-0.012149761723408781,0.25,-0.03858357368455472
83.5,4.169914834010136,-3.2805235423502292,-3.1408151777479816,0.24897025353802796,-0.011387694625683406,0.25,-0.03858357368455472
83.6,4.14442377160079,-3.280538712978218,3.1413371743278695,0.25001813226555747,-0.009120218847800649,0.25,-0.036336097604568456
83.7,4.118911708037219,-3.280531910454179,3.14038870389045,0.2515351731131506,-0.007662709903988906,0.25,-0.036336097604568456
83.8,4.09341361540254,-3.280491368130521,3.139237006675654,0.24996792586570282,-0.008520071089908196,0.25,-0.034561293544510076
83.9,4.067934541255979,-3.2804131453924685,3.138414576796317,0.25012352998207643,-0.011394752977663422,0.25,-0.03115482933785913
84.0,4.042406298831635,-3.2803210632722792,3.1375484047848885,0.2505556804560425,-0.006390988914262462,0.25,-0.03115482933785913
84.1,4.016859197845847,-3.280209374071547,3.1367580529807078,0.2504688912834937,-0.006593370895264033,0.25,-0.027351069394196223
84.2,3.9913390886558635,-3.2800769806755103,3.1362557342436284,0.2504270857507445,-0.004956805303104877,0.25,-0.027351069394196223
84.3,3.965820882383029,-3.2799331187657983,3.135663371458806,0.24993042346419866,-0.005734647693620225,0.25,-0.0253131863134929
84.4,3.9403056873851905,-3.2797854886216418,3.1350981773874294,0.24920544068407632,-0.008136215344504615,0.25,-0.023628327094946867
84.5,3.9148396952832463,-3.279617115359425,3.134409240376731,0.24944826300871023,-0.006840990592652769,0.25,-0.023628327094946867
84.6,3.88938950968754,-3.2794240059979,3.133707720757405,0.24973026921260105,-0.005439951431111995,0.25,-0.022204125706718574
84.7,3.8724000064655364,-3.27928847039667,3.133377157774615,0.25122618380732936,-0.0043146741535679545,0.25,-0.022204125706718574
84.8,3.84689048554526,-3.2790785342310134,3.1328492917646598,0.2492461821662526,-0.005557783571897557,0.25,-0.021241295315022987
84.9,3.821387509974403,-3.2788539547697524,3.13230582960935,0.2503931164063798,-0.008266395831946848,0.25,-0.021241295315022987
85.0,3.7958993714866796,-3.278604723112991,3.131749308262584,0.25011938924481375,-0.0044148452844762045,0.25,-0.019687315895374393
85.1,3.770377516363646,-3.2783546886105457,3.1312565401748573,0.2503824977889083,-0.0051017180369479775,0.25,-0.01760281387216213
85.2,3.744837291701716,-3.278082426289645,3.1307482083234883,0.24966571470159757,-0.0036835408038697537,0.25,-0.01760281387216213
85.3,3.7193090126311885,-3.2778030419559303,3.1304067075064355,0.2505401669104629,-0.002436061923578675,0.25,-0.01313955872055743
85.4,3.6937987771544765,-3.2775154425422794,3.1301485242630567,0.24998408556015228,-0.001982699628419589,0.25,-0.01313955872055743
85.5,3.6682908971644173,-3.2772208895631034,3.1298885020292966,0.25062293189166385,-0.0018137721279393483,0.25,-0.010686458263970248
85.6,3.642797721576029,-3.2769269876288427,3.1296286475098976,0.24965557224072152,-0.0038582500939339814,0.25,-0.010614842841972024
85.7,3.6173083204897534,-3.2766242418310965,3.1292815886411023,0.2506163986760228,-0.0032327559109327,0.25,-0.010614842841972024
85.8,3.5918070014351313,-3.2763075159757515,3.128975848226341,0.24978715482596642,-0.0010846994026971048,0.25,-0.009602914597271618
85.9,3.5662869969984285,-3.275983045239936,3.1289127179366396,0.2494350044591927,0.0002246430224367762,0.25,-0.009602914597271618
86.0,3.5407845986755278,-3.2756605750802548,3.12878901076705,0.24992661124868576,-0.0014875174960332755,0.25,-0.007731255590763323
86.1,3.5152817452000567,-3.275332006419793,3.128620179185507,0.25056684762786097,-0.0006738942807581605,0.25,-0.007731255590763323
86.2,3.489770401043008,-3.274997312323764,3.12843551918032,0.24982094103985172,-0.0029307855086111423,0.25,-0.007145092391619014
86.3,3.4727542285635957,-3.2747748598309956,3.1282466720001536,0.25034668976745106,-0.002935397689999834,0.25,-0.007145092391619014
86.4,3.447237417857835,-3.2744319045132357,3.1280199717686976,0.2504562386911363,-0.0009309454261868443,0.25,-0.006911988484502252
86.5,3.421714874748318,-3.274083572460571,3.12795706260767,0.2499786781616216,-0.0006193954181796968,0.25,-0.006911988484502252
86.6,3.396204046577864,-3.2737336521493883,3.12785862564752,0.25045300436724266,-0.0016878614155393485,0.25,-0.005081552000883886
86.7,3.370699431377005,-3.2733829446266123,3.127729448366988,0.25036823540097813,-0.002649253568384058,0.25,-0.004750143339068914
86.8,3.345203528724484,-3.2730293481389525,3.1274687895176982,0.24967566758934773,-0.0029405074755475546,0.25,-0.004750143339068914
86.9,3.319706334271368,-3.2726677467861354,3.127236873890593,0.2499868753836367,-0.0015144200166644108,0.25,-0.00276053876749649
87.0,3.2942010387022043,-3.272302280614075,3.1272503225657884,0.250296401926456,0.0028208659164969787,0.25,-0.0019884504118281177
87.1,3.2686918452735374,-3.2719358433650343,3.127403781157853,0.25035132464638665,0.0008905769168847922,0.25,-0.0019884504118281177
87.2,3.2431890912203856,-3.2715741419600124,3.127350409440491,0.2499084399383185,-0.0008587604004358921,0.25,-0.00047729024711844724
87.3,3.2176831446558123,-3.271208463588144,3.1273571857406757,0.25001983067930206,-0.0004464860290685443,0.25,-0.00047729024711844724
87.4,3.1921727940783797,-3.2708437195770816,3.127254701763968,0.24984558522607062,-0.0011213721252070475,0.25,0.0003384711025891905
87.5,3.1666648842955873,-3.2704781384970603,3.1272174976730236,0.2502461147434835,0.0009841761227427136,0.25,0.0003384711025891905
87.6,3.141159331212742,-3.2701151671164395,3.1274407996012106,0.24985469284262804,0.0015058994857915368,0.25,0.0014757484936992332
87.7,3.1156540473838956,-3.2697533350388768,3.127527165324718,0.2501575643853158,0.0003491286481334272,0.25,0.0014757484936992332
87.8,3.090150366165923,-3.2693928883296683,3.1275759686449334,0.2503303757024495,0.0007403569196029185,0.25,0.002021453726177345
87.9,3.064645090597152,-3.2690337149318123,3.127570681748601,0.2501072889565069,7.364950120279694e-05,0.25,0.0022596262774588777
88.0,3.047642611989163,-3.268795016884001,3.1275545581951762,0.2502518428377713,-0.0002038531394596284,0.25,0.0022596262774588777
88.1,3.022136489837545,-3.268435729577663,3.1276809269521135,0.2501843506352514,0.0025201594581772783,0.25,0.003096190438903099
88.2,2.99662911692874,-3.2680848241606877,3.127921972984099,0.2501494757076454,0.0025139619054126965,0.25,0.003096190438903099
88.3,2.9711247224658783,-3.2677392092884365,3.128051472169909,0.25048980782982355,-3.304544873424364e-05,0.25,0.004096250680761028
88.4,2.9456162884474435,-3.267394280145389,3.128174765345414,0.24988142888193995,0.002065993292490868,0.25,0.004096250680761028
88.5,2.9201113862602748,-3.267055404459218,3.128228451635717,0.25046997059960674,-0.0004957522035211731,0.25,0.0036524242963455467
88.6,2.8946055347070283,-3.2667182768287066,3.1282323816720656,0.25030374461844707,0.0002647806689312804,0.25,0.0034402297331851787
88.7,2.869102284987971,-3.2663791861350475,3.1283260511326527,0.2501332006360707,0.001340564924571548,0.25,0.0034402297331851787
88.8,2.8436009555342294,-3.2660450108709935,3.1284722621781436,0.2503695184094869,0.001495679997306381,0.25,0.005094150417809795
88.9,2.8181007466476213,-3.2657132046369215,3.128583302646692,0.2500529882986214,0.0014755133562754637,0.25,0.005094150417809795
89.0,2.7925949145508384,-3.2653819043192702,3.1286578121077313,0.24963680790147758,0.0001292571872537889,0.25,0.0056309661090687526
89.1,2.7670854258230975,-3.2650505331709248,3.12873919436363,0.25049093007820544,0.000843555052115223,0.25,0.0056309661090687526
89.2,2.7415734883215936,-3.2647217573473832,3.128881885232495,0.25038746673765633,0.003612237483619806,0.25,0.005943801337558042
89.3,2.7160671222369115,-3.2644045102624286,3.129368054364346,0.2500692405560259,0.0021851938252227567,0.25,0.006183300412211289
89.4,2.690562168971354,-3.26409608802173,3.1295658726577273,0.2504140590639166,0.0007718050714622693,0.25,0.006183300412211289
89.5,2.66504918413626,-3.2637895773877768,3.129735675257559,0.24987480916703786,0.001569490253970326,0.25,0.005565740593955185
89.6,2.6480462494843664,-3.263590011825729,3.1298242024079266,0.2503060331677246,-0.0002321967754203662,0.25,0.005565740593955185
89.7,2.6225424521856273,-3.263292809468073,3.1298899152803075,0.24952550449552854,0.0009228729937155217,0.25,0.005387699092494279
89.8,2.5970375905120866,-3.2629970315558054,3.129996703728803,0.2505063049217843,0.001640432102045635,0.25,0.005387699092494279
89.9,2.571541763415913,-3.262708526900529,3.130161756906309,0.24998043883909168,0.0015633482820522951,0.25,0.00602475988772423
90.0,2.546038231211135,-3.2624210953731545,3.130314379337237,0.24978182596193893,0.0012038565703345035,0.25,0.006356638372370806
90.1,2.5205363433933066,-3.2621337778490584,3.1304629835406645,0.2500563198787042,0.0007370914557409162,0.25,0.006356638372370806
90.2,2.4950222399446176,-3.2618496112269915,3.1305423553849994,0.2499567158056244,0.0012413296801576338,0.25,0.0073487812513641036
90.3,2.469508316830181,-3.2615655515352286,3.130654433791738,0.25000906170966986,0.0019630345969648055,0.25,0.008018000725943846
90.4,2.4439998943818386,-3.261285835002752,3.1310085665222918,0.2501881556831359,0.004506220451829313,0.25,0.008018000725943846
90.5,2.418494016874593,-3.261016413733279,3.1312715021632407,0.24968871464198442,0.0027781446602039733,0.25,0.007354685241022755
90.6,2.392982703938498,-3.26075955412142,3.131425575623083,0.2499463008496416,0.0016233411015210855,0.25,0.007354685241022755
90.7,2.3674704469677907,-3.2605009837659904,3.131667090637526,0.2495203598712311,0.0017740269400102148,0.25,0.007088518353199642
90.8,2.3419636281838816,-3.2602532927907473,3.1317759858080145,0.2498652679720358,0.0006644432502245871,0.25,0.006861218626771953
90.9,2.3164641718163907,-3.2600094115584235,3.131927051544587,0.25042993723016627,0.0024121325997470845,0.25,0.006861218626771953
91.0,2.2909645104420098,-3.2597688347142513,3.1321411299160764,0.2499217854763735,0.002106018903709116,0.25,0.008708053844860706
91.1,2.265465022266576,-3.2595334809963683,3.132339755803898,0.2495639144727604,0.0013890634748757998,0.25,0.008708053844860706
91.2,2.2399695871991185,-3.2593019471153037,3.132538675830044,0.24989997489120402,0.0012086343519184903,0.25,0.006312712726029358
91.3,2.222957870201254,-3.2591487309180516,3.132596116738365,0.24994450942767413,0.0011795677634317196,0.25,0.006312712726029358
91.4,2.1974456655648265,-3.258918613464444,3.1326907133308053,0.24995557622202805,0.0015430664488131041,0.25,0.007277724678097151
91.5,2.1719365716274477,-3.258690830931544,3.13287251995715,0.25051104460022156,0.002445645584382933,0.25,0.0074512029689902505
91.6,2.146431396661564,-3.258476292766428,3.1332212588253174,0.24978976368947228,0.004018166656655354,0.25,0.0074512029689902505
91.7,2.120924498565519,-3.2582656039935345,3.133387705881706,0.24982958713256373,0.00046984027767570444,0.25,0.007178297928451063
91.8,2.0954094342172866,-3.2580569889705147,3.1335536916521227,0.2500960724446668,0.0027256224032866233,0.25,0.006868601945922273
91.9,2.0699025537039715,-3.257858633935183,3.1337078487479766,0.24963363556446808,0.0007635755007215045,0.25,0.006868601945922273
92.0,2.044402812044442,-3.257661505250871,3.1337703293404924,0.2500604833267084,0.001711022933722536,0.25,0.007290283556012063
92.1,2.0188978792743084,-3.257462329487625,3.1339613283991037,0.2503319575004563,0.0026170061043503325,0.25,0.007290283556012063
92.2,1.993397254533453,-3.2572737531079965,3.1341671106618243,0.2497446078872821,0.0015012043394045831,0.25,0.0070506541973688035
92.3,1.9678980086633369,-3.257086434263705,3.134312561302954,0.2496825984492563,0.002078547663249919,0.25,0.0070506541973688035
92.4,1.942389736110594,-3.256900869337928,3.1344830815903153,0.25041313900176854,0.0012402053493330613,0.25,0.007271611086921665
92.5,1.9168776953089257,-3.2567179511423485,3.1345983246610514,0.2502075483173114,0.0008305423483258654,0.25,0.006364925317244086
92.6,1.8913673072602482,-3.256538317111557,3.1348079707084957,0.24981607951322662,0.0035434365087852475,0.25,0.006364925317244086
92.7,1.8658605570313462,-3.2563663883445684,3.1351971452161886,0.2502494769076433,0.003711113759175055,0.25,0.0062061819197883235
92.8,1.8403555566570515,-3.256203972492455,3.1354378154314935,0.25030144508811614,0.0002851080115435528,0.25,0.0062061819197883235
92.9,1.8233489655221802,-3.2561004334892494,3.1355253843522606,0.250048725112711,0.0024002966201017773,0.25,0.0045357192477617735
93.0,1.7978382254130274,-3.2559469652785022,3.135711351372458,0.25001969305752597,0.0005148676133835288,0.25,0.0045357192477617735
93.1,1.7723321702079375,-3.255800114993951,3.1357546036981065,0.24951078272662444,-0.00012069565306171906,0.25,0.003121446840579852
93.2,1.746824730693169,-3.255653690118677,3.135816417861178,0.24981328625156685,0.0013403806912331328,0.25,0.0012757753824173754
93.3,1.721318191521877,-3.2555087860579923,3.1359986830700857,0.25006633934720146,0.0010105548498139793,0.25,0.0012757753824173754
93.4,1.6958122545881373,-3.2553659096322365,3.136031663466113,0.25029043108614624,-0.00043133001869494214,0.25,-0.0006909376399511294
93.5,1.6703073925273277,-3.255223874164832,3.1360095629284714,0.24984497776402317,-0.0005498027476737458,0.25,-0.0006909376399511294
93.6,1.6448047604111697,-3.2550831538019334,3.1359140737672875,0.24997931344714275,-0.000909393557261768,0.25,-0.0015980466248938854
93.7,1.6193026181021861,-3.2549350208769896,3.1357838900714854,0.249932935878884,9.863674216511656e-05,0.25,-0.0040499028930667605
93.8,1.5937941486516036,-3.2547866601726727,3.135849083868783,0.25020473826916995,0.0005314835285207995,0.25,-0.0040499028930667605
93.9,1.568285378057419,-3.254641162032796,3.1357997285530077,0.2503604568307611,-0.00046994562108687544,0.25,-0.005385795745890216
94.0,1.5427803401235636,-3.2544884937962895,3.1356236684516623,0.250168309512598,-0.001092320983458297,0.25,-0.005385795745890216
94.1,1.5172718273217123,-3.2543334590519035,3.1355132434966246,0.250383121591129,-0.0018769812423040397,0.25,-0.006996675568816314
94.2,1.491752497356528,-3.2541761543763843,3.135266268956034,0.2504816545501574,-0.0037122959864185727,0.25,-0.012730947590843693
94.3,1.4662353086835684,-3.2540100528483062,3.134968754536213,0.24949091686372407,-0.002026932413579612,0.25,-0.012730947590843693
94.4,1.4407258078640308,-3.2538379719365174,3.134728435859287,0.24993206025511572,-0.0029724272936180658,0.25,-0.01645300960434086
94.5,1.4237120961540515,-3.2537210743666667,3.1344932480259335,0.24936885254422264,-0.004497842874276544,0.25,-0.01645300960434086
94.6,1.3981842266227305,-3.253537829668586,3.134080119183631,0.251018539799738,-0.004603582875255135,0.25,-0.01780879807850369
94.7,1.3727052007346783,-3.2533455070694286,3.1335594390357713,0.24921689476772602,-0.004600357946073582,0.25,-0.01780879807850369
94.8,1.347232325811325,-3.2531351634858487,3.1330098827621597,0.249630341787955,-0.007031486754437669,0.25,-0.01673801164957453
94.9,1.3217283826143245,-3.2529093625484244,3.1326311058063,0.24949802912026084,-0.00307711121814251,0.25,-0.018543957608555213
95.0,1.2962243331065533,-3.252681556758923,3.132305069304859,0.24928039176181624,-0.0042491905061918965,0.25,-0.018543957608555213
95.1,1.2707172966291986,-3.2524462943244634,3.1317345961262273,0.24981492197498406,-0.007975849667880024,0.25,-0.01938546630727119
95.2,1.2452256414599239,-3.2521841783134513,3.131291596337606,0.25004095232549955,-0.00436084154780553,0.25,-0.021257624710585836
95.3,1.2196974452718674,-3.251910113351653,3.1307181772919304,0.2509836881170077,-0.005448751757581609,0.25,-0.021257624710585836
95.4,1.1941508160121415,-3.251627379475316,3.1300315606730416,0.24925547414194732,-0.005313704201962927,0.25,-0.01981625625721143
95.5,1.1686342285781939,-3.2513229665014056,3.129656324657295,0.2506561401327658,-0.003506039258831704,0.25,-0.01981625625721143
95.6,1.1431132590282003,-3.251011860231304,3.1292673279131344,0.24880980673848252,-0.003822881934729835,0.25,-0.022041560712495772
95.7,1.1175971539675462,-3.250695300668117,3.1287695575800547,0.24857312732896072,-0.004564090833892406,0.25,-0.024330492761648767
95.8,1.0921363015231886,-3.250372040259932,3.1280476643066786,0.24971418509786286,-0.0068015923614180174,0.25,-0.024330492761648767
95.9,1.0666777155924523,-3.2500219964955743,3.127451858599995,0.2499021032062918,-0.0044793130881896955,0.25,-0.011374243051327053
96.0,1.0411898211802295,-3.2496565214010724,3.1271899260801836,0.2501463035840766,-0.0012667264468837456,0.25,-0.011374243051327053
96.1,1.0156781031785067,-3.2492842954398813,3.1270200779269453,0.2504169995980951,-0.002427317281726175,0.25,-0.01249564487605051
96.2,0.9986768889262071,-3.249035829393176,3.126858046593792,0.2493674144588073,-0.0015793677392124561,0.25,-0.01249564487605051
96.3,0.9731824741513502,-3.248652212420097,3.1264997152788667,0.25028145488606984,-0.004144799706641022,0.25,-0.017875528299542393
96.4,0.947650294585234,-3.2482615594036774,3.126004887163827,0.24942227265706077,-0.005950603329751068,0.25,-0.01821693633652663
96.5,0.9221093366953637,-3.2478547806260782,3.1252865375416587,0.24996874660007604,-0.005062149276507563,0.25,-0.01821693633652663
96.6,0.8965765456953304,-3.2474297452790393,3.1249146716799827,0.2504216120134406,-0.002679089449748018,0.25,-0.022612902735005158
96.7,0.8710486241292452,-3.2469922901407977,3.1244957063466097,0.25059282254960397,-0.003918567379328839,0.25,-0.03723899025295237
96.8,0.845538980364897,-3.246545096401664,3.123890217618875,0.2483288133928173,-0.008410951187922086,0.25,-0.03723899025295237
96.9,0.8200766290552084,-3.2460913616815392,3.1229149096854814,0.2504644726013622,-0.011855526225140765,0.25,-0.038768336505369344
97.0,0.794661944285359,-3.245616958806277,3.121778591402394,0.25026536521013515,-0.01075286233599508,0.25,-0.038768336505369344
97.1,0.7692216832602333,-3.245108942381419,3.1206331799774762,0.24993560224294603,-0.014569924755510662,0.25,-0.0418462696432846
97.2,0.7437117148506184,-3.2445572089994243,3.1195516331674074,0.24890806480304367,-0.009669503018356633,0.25,-0.046126104125126216
97.3,0.7182293624102287,-3.2439976259446444,3.118410837247506,0.2481411540157961,-0.012024640360804594,0.25,-0.046126104125126216
97.4,0.6927434094772006,-3.243394602502814,3.117239758011485,0.2523243217531749,-0.01141300464584496,0.25,-0.04561238430403316
97.5,0.6671805893004156,-3.242744462940303,3.1159739818368997,0.25130283491816185,-0.01282979988925109,0.25,-0.04561238430403316
97.6,0.6415808357507345,-3.242067848892071,3.1147444493567096,0.2504344240480699,-0.00960595645572387,0.25,-0.04532872170318972
97.7,0.6160295281782976,-3.241373313969061,3.1136654466465945,0.24941550335686735,-0.00857604867067819,0.25,-0.045816176390816546
97.8,0.5990262710567354,-3.2408851533271807,3.113083682664478,0.2512497031696775,-0.00859252991474602,0.25,-0.045816176390816546
97.9,0.5735136175047685,-3.2401496158688987,3.1121745117438553,0.2517302152888593,-0.009631039833088759,0.25,-0.045816176390816546
98.0,0.5480411301667018,-3.239402455832867,3.111048302834563,0.24745396126947528,-0.016501850331474523,0.25,-0.04594395508780548
98.1,0.5226408139173064,-3.2386270659629703,3.1096799372084356,0.2493150620622886,-0.011406171235456477,0.25,-0.05411674867263136
98.2,0.49725329733874407,-3.2378310599549236,3.108180666667211,0.24819847769325734,-0.014712987562610583,0.25,-0.05411674867263136
98.3,0.47175162042278107,-3.2369473978277314,3.106618817208166,0.24966747590907679,-0.013900906883794405,0.25,-0.0553173268271087
98.4,0.44626617122224055,-3.2360594989629528,3.10511208417108,0.2513778783199133,-0.015315877884646705,0.25,-0.05702883954960529
98.5,0.4207689195921507,-3.235120618740804,3.1035328848533372,0.2481501913908743,-0.018351385026386505,0.25,-0.05702883954960529
98.6,0.39521526763656756,-3.2341207405439834,3.1018292945913353,0.25251664518022626,-0.01652634949298628,0.25,-0.06049147940935869
98.7,0.3696241797710945,-3.2330657712879964,3.1000858965391966,0.24798758611610874,-0.018527278238016778,0.25,-0.06049147940935869
98.8,0.3440214161688821,-3.231978848900721,3.09838665067196,0.24692366114197825,-0.014059014106123712,0.25,-0.0638534827773741
98.9,0.318517480520533,-3.23087696900561,3.097115568723526,0.24970817008233254,-0.012871715274558024,0.25,-0.06895441801684764
99.0,0.2930430684034519,-3.22974004057056,3.0958058508152586,0.2526059295490592,-0.012946058355980264,0.25,-0.06895441801684764
99.1,0.2676243905592926,-3.2285817597201882,3.094206503949973,0.2503381895758384,-0.021111638310567345,0.25,-0.07591091493881197
99.2,0.24227097295169886,-3.2273968326723588,3.0920151774562172,0.2509650891639344,-0.022108005564904765,0.25,-0.07591091493881197
99.3,0.21693014663083524,-3.2261508436230906,3.089588438358358,0.24957597142644092,-0.02360953352065553,0.25,-0.07890096799027065
99.4,0.20001995679364168,-3.2252661863803525,3.088042994022148,0.2466060696052238,-0.028421398372356153,0.25,-0.07890096799027065
99.5,0.1745452165021048,-3.223875449182243,3.0856622714051456,0.24663530789971005,-0.022332672365172723,0.25,-0.08131141119191028
99.6,0.14907118037884362,-3.222420241903512,3.083260905921905,0.24838619621298474,-0.022244449956898917,0.25,-0.08812516597200869
99.7,0.12350532939703691,-3.2208775835745906,3.0809328167083545,0.2501603045599293,-0.02267801417130033,0.25,-0.08812516597200869
99.8,0.0978868140865529,-3.219275535185104,3.0783278995221717,0.24819312824000928,-0.02898486371205506,0.25,-0.09304709671876121
99.9,0.07216297477331757,-3.2176289187133946,3.075757661093893,0.25078296890500656,-0.025643894265138086,0.25,-0.10273124033639627
100.0,0.04664178992253415,-3.2159385500186657,3.0733344716100106,0.2522368986154609,-0.02154887663775937,0.25,-0.10273124033639627
100.1,0.02123904237142756,-3.21419630615486,3.0713019694927066,0.25064494042096697,-0.021036494562269564,0.25,-0.11282768167444562
100.2,-0.004141074189660811,-3.2123909250050513,3.069100599124662,0.24575438699073004,-0.023553795346598568,0.25,-0.11282768167444562
100.3,-0.029222749762236523,-3.210539241881835,3.0660463345358617,0.2486717708170383,-0.03382997834390279,0.25,-0.11830058801319203
100.4,-0.05445751358403586,-3.2086687581069815,3.0627620436000886,0.24925936540588975,-0.031635844423819004,0.25,-0.12783268768172973
100.5,-0.07965332999182007,-3.2066589846238505,3.05896587405456,0.24496476026561384,-0.04042376004017074,0.25,-0.12783268768172973
100.6,-0.10504736189939679,-3.2045825425349803,3.0547977899081196,0.2472010740795011,-0.04372597419603248,0.25,-0.1336784770108534
100.7,-0.13042189899866913,-3.2023387086677797,3.050642462654983,0.24653604687488445,-0.041305971266698174,0.25,-0.1336784770108534
100.8,-0.15596550821672403,-3.1999892312868705,3.0464203468384885,0.25343699709561596,-0.038364732870660986,0.25,-0.1348551704914044
100.9,-0.18179424835365784,-3.197483667662291,3.042775989993529,0.25850282178264117,-0.03594968586535812,0.25,-0.1412352246156793
101.0,-0.1989826036504076,-3.1957519166624,3.0402922984583567,0.25103583983393674,-0.03445680481621352,0.25,-0.1412352246156793
101.1,-0.2247031937900245,-3.1931361934131255,3.036764469389844,0.252923928502708,-0.025956484197467856,0.25,-0.1412352246156793
101.2,-0.25002781114128625,-3.1904635712925944,3.03408708576071,0.2510546786150792,-0.025253423981322694,0.25,-0.14508271781488033
101.3,-0.27534813016691595,-3.187714573742536,3.031287120785294,0.24961050538409835,-0.03524899665787236,0.25,-0.15108713233652965
101.4,-0.30037339041406497,-3.184931339047719,3.027574981064451,0.24551597477480713,-0.035597751743931524,0.25,-0.15869412609307737
101.5,-0.32524480957194285,-3.182038034488639,3.0232980749601897,0.24172304644066356,-0.042965438098928624,0.25,-0.15869412609307737
101.6,-0.3501314489971226,-3.1790423951588718,3.018549702396672,0.2466523521007118,-0.043626977154534376,0.25,-0.16441212817665812
101.7,-0.3752893861346667,-3.17589757872213,3.0136156879441094,0.25364431734788345,-0.055787719685301884,0.25,-0.16441212817665812
101.8,-0.40055045719482785,-3.1726823128820847,3.0072384858809253,0.24709825022518378,-0.06722507429859334,0.25,-0.16688665991257418
101.9,-0.42584178732939615,-3.1692465275910218,3.0004750461166205,0.25445994076889095,-0.06840980030585539,0.25,-0.1718437127007123
102.0,-0.45158609918603193,-3.165540085119451,2.9953020768396246,0.2543367418639262,-0.04693234302750244,0.25,-0.1718437127007123
102.1,-0.47750670990022565,-3.161744963917339,2.9909105415179558,0.26034353274320776,-0.03887877700190777,0.25,-0.17464123054015343
102.2,-0.5032340121450941,-3.157888233336841,2.986314781724919,0.25125445220969234,-0.05104682406897297,0.25,-0.17464123054015343
102.3,-0.5283608196767234,-3.153947677871836,2.982449515751016,0.2494540406552223,-0.033097899606566755,0.25,-0.17706739560494178
102.4,-0.5534540155310561,-3.149917269827656,2.9791613958107757,0.2594797077630691,-0.03974649355163696,0.25,-0.17921819495688895
102.5,-0.5784118297475417,-3.145727313588678,2.9727942906217018,0.23980438444856247,-0.06636370095081183,0.25,-0.17921819495688895
102.6,-0.5948506099076113,-3.1428808041356784,2.96860440788192,0.24190316117710278,-0.0521678224437797,0.25,-0.17921819495688895
102.7,-0.6194037542641178,-3.1385333270128473,2.9635608539087217,0.25109637859738937,-0.053697125586852607,0.25,-0.18313100930203127
102.8,-0.6440993360297439,-3.1340230579135135,2.957467157601967,0.2490219516415042,-0.06851743490294772,0.25,-0.18339509613489752
102.9,-0.6691177840563604,-3.129404453921363,2.950110654985096,0.2495394800522377,-0.0633043966583018,0.25,-0.1905328365821228
103.0,-0.6941780522554704,-3.1245072984169715,2.943263188691973,0.2551580382827361,-0.0662340180936767,0.25,-0.1905328365821228
103.1,-0.7196424591299848,-3.119370049019025,2.9377161330520822,0.26024904365819335,-0.05459380502768317,0.25,-0.19572350935635008
103.2,-0.7453270592590536,-3.114070071491349,2.932131569042003,0.2538867890077604,-0.04800376812091985,0.25,-0.19572350935635008
103.3,-0.7712116246367335,-3.1086552913097227,2.9273143031321567,0.2595641491523916,-0.04648249579627833,0.25,-0.19917734139650772
103.4,-0.7962805935861277,-3.103242920712566,2.9208271451081136,0.23979474126999914,-0.0533022129741817,0.25,-0.20513254025811803
103.5,-0.8210801850026216,-3.09764682400429,2.9131328718573224,0.25835461027146706,-0.10517534716461213,0.25,-0.20513254025811803
103.6,-0.8456609206773402,-3.09169089241851,2.9018798986418517,0.25160508657831016,-0.11677539457397275,0.25,-0.2094026291344811
103.7,-0.8700276576674831,-3.0859221190445165,2.8913388306966956,0.24006071037039975,-0.093898483668564,0.25,-0.2094026291344811
103.8,-0.8941081555175623,-3.079763185088937,2.883240309638838,0.24645660339023068,-0.07048432022688111,0.25,-0.20702185431246686
103.9,-0.9183310383733034,-3.0732792475191943,2.8757613262657227,0.24251947880327246,-0.07701284555652801,0.25,-0.20677157859437348
104.0,-0.9429531785545535,-3.066569586768955,2.868226522677088,0.24746636995173527,-0.07654723697839635,0.25,-0.20677157859437348
104.1,-0.967707616111678,-3.059613260763311,2.861249704623799,0.2560504856206412,-0.07884112540344225,0.25,-0.2094426235356598
104.2,-0.9842787104821408,-3.054823991764754,2.8562102917987313,0.2612298615713722,-0.06388688763903887,0.25,-0.2094426235356598
104.3,-1.0093038602705076,-3.0474789880381152,2.8493122992045907,0.252810449620191,-0.06924282576089008,0.25,-0.21059488709508573
104.4,-1.0343061420468669,-3.040026837282553,2.841708568653126,0.2609581150178338,-0.07429138847666099,0.25,-0.21059488709508573
104.5,-1.0590188955110482,-3.032450950097706,2.83416950838411,0.252409309689848,-0.07262812312958813,0.25,-0.2126237750391699
104.6,-1.0832658482734994,-3.0246426357406415,2.8270082705234567,0.2453458966962263,-0.07431800557317302,0.25,-0.2144150409125789
104.7,-1.1073975975171662,-3.0167123521607686,2.8188488058740218,0.2571830958185213,-0.09595647884251615,0.25,-0.2144150409125789
104.8,-1.1312388725974762,-3.0086717531824214,2.8085321611317307,0.2497054208136075,-0.09358297926068082,0.25,-0.21856833622730976
104.9,-1.1549060083461808,-3.0005728532204716,2.7986612766421515,0.25372778484024194,-0.10279630876018254,0.25,-0.21856833622730976
105.0,-1.1784382822948334,-2.992205452242655,2.7887535082594255,0.24688289365904062,-0.09384641882681456,0.25,-0.21510384149890294
105.1,-1.2021597262601542,-2.9833348974415417,2.781016874584412,0.25101470839704587,-0.07176293866821097,0.25,-0.21510384149890294
105.2,-1.2262782777236267,-2.9742596815562745,2.7738898313198064,0.2568427011540445,-0.06623531966229919,0.25,-0.21355063382411757
105.3,-1.2503751066043278,-2.9649333975691228,2.7662561182528767,0.2517272229742383,-0.09192989509914143,0.25,-0.20496508966565058
105.4,-1.2744989897902044,-2.9555084547747543,2.7564817442003338,0.2543740155030203,-0.08772005808656137,0.25,-0.20496508966565058
105.5,-1.2985071934550494,-2.945850805194262,2.747894007072725,0.26037984896782757,-0.07917594015145558,0.25,-0.21242946649946332
105.6,-1.322330890419867,-2.9360235633438645,2.739273885000012,0.24633824910430954,-0.07947311135490351,0.25,-0.21242946649946332
105.7,-1.3457864082003426,-2.926001418280336,2.731468922316885,0.25162566909106193,-0.08048871608002503,0.25,-0.21373613360632893
105.8,-1.3613257247247768,-2.919190604960609,2.726248689379246,0.25914702802702305,-0.07772542701247818,0.25,-0.21373613360632893
105.9,-1.3843286398363985,-2.90899415963958,2.71643435114042,0.24954065386544796,-0.11324393693630799,0.25,-0.21499161758746912
106.0,-1.4071800478417675,-2.8987648954431964,2.7062015362805005,0.2565928313540231,-0.10488371351286614,0.25,-0.21668018950967766
106.1,-1.4299253744790092,-2.8884290641527928,2.6963807807634996,0.23926414858951778,-0.10016813815860241,0.25,-0.21668018950967766
106.2,-1.4525884705414371,-2.877539020732312,2.6869427003226796,0.24874534245130994,-0.07815735428987798,0.25,-0.2207612301955687
106.3,-1.4757043411038044,-2.8662630877897026,2.678671096189678,0.25700003058680376,-0.07840874979678022,0.25,-0.21663103697913275
106.4,-1.4989411648107744,-2.8547260131957573,2.670466272889844,0.26363018704353225,-0.08182329790236989,0.25,-0.21663103697913275
106.5,-1.522074271211192,-2.8429540324005775,2.6613690924865514,0.2558424808280272,-0.09988615714127758,0.25,-0.21955768630015668
106.6,-1.5450450534709776,-2.830919310857533,2.651620715221562,0.2586317090874723,-0.10053076837196542,0.25,-0.21955768630015668
106.7,-1.567790069401717,-2.8188615263603856,2.64139379507638,0.24803315549040506,-0.11346892803783477,0.25,-0.21960296975596788
106.8,-1.5901138437546365,-2.8065789139116015,2.629704092861673,0.2438763695795782,-0.10495466821820151,0.25,-0.2170851462382355
106.9,-1.6124144113809449,-2.7940273265038265,2.620643886149139,0.2533304655218773,-0.07746533829981764,0.25,-0.2170851462382355
107.0,-1.6342191261857504,-2.781389712483699,2.6110324998876493,0.24754162892017129,-0.11191236379053546,0.25,-0.21436557656238953
107.1,-1.6558457083819023,-2.768800093339365,2.6017331917609523,0.2502361423083097,-0.09055869323774463,0.25,-0.21436557656238953
107.2,-1.6773736336781027,-2.75591622246788,2.592438340388875,0.25308410398268877,-0.08295766712026652,0.25,-0.2128842438808332
107.3,-1.6993725867443237,-2.7423798590828006,2.5838057202864673,0.2633979090195984,-0.0889093431889197,0.25,-0.2128842438808332
107.4,-1.7137365615099176,-2.7334052649639387,2.577319951204,0.25538649102583044,-0.09095608192987598,0.25,-0.21256689998515446
107.5,-1.7352775454847087,-2.719784716041044,2.5681216486097918,0.24458351930078764,-0.09985233601346317,0.25,-0.21256689998515446
107.6,-1.757009287392626,-2.7057000743848025,2.559030604754589,0.25403485286072286,-0.09290745897450613,0.25,-0.21200269414910217
107.7,-1.7782206638754048,-2.6916976680133198,2.550312699025508,0.24097973229153863,-0.07714223969714895,0.25,-0.20824178096485868
107.8,-1.7989673153083037,-2.677595570416211,2.5420320758877977,0.24732588612037312,-0.08336127217686913,0.25,-0.20824178096485868
107.9,-1.81287384676135,-2.668115862741938,2.5357654181155613,0.2487436097560841,-0.08923843177030338,0.25,-0.20725016798450493
108.0,-1.8407227952264549,-2.649026444702962,2.5232781269796405,0.24769825006140825,-0.09042455128792709,0.25,-0.20522292533259806
108.1,-1.861456393353938,-2.634354170502366,2.5141708041562416,0.2524208747801925,-0.0852617400864119,0.25,-0.20522292533259806
108.2,-1.8820595319128193,-2.6192678076048614,2.5055950687551864,0.25473004815630423,-0.08202308142770288,0.25,-0.20690963314871327
108.3,-1.903168833899516,-2.603909193768846,2.4972732421006016,0.25242770162853634,-0.08364124283586419,0.25,-0.20690963314871327
108.4,-1.924202810132765,-2.5883941437360893,2.489038510176259,0.24739072031716883,-0.08468293305896833,0.25,-0.20395124245423218
108.5,-1.944500421492991,-2.5728075749768182,2.4803328633899113,0.24862606750271157,-0.09631127132191405,0.25,-0.19642988011467472
108.6,-1.9646237906828787,-2.557206091230311,2.470678270140235,0.25957860027064256,-0.08892657492099687,0.25,-0.19642988011467472
108.7,-1.9845131962009166,-2.5414952432651443,2.461294860369895,0.24825387414288125,-0.08680797932220885,0.25,-0.1980942943059409
108.8,-2.004020726596731,-2.5255727939361585,2.4528814730621042,0.25547600503389034,-0.08295115251160105,0.25,-0.1980942943059409
108.9,-2.023428568581641,-2.509469272029337,2.4447891149482275,0.2498255333636685,-0.08314401504326435,0.25,-0.19596242977954775
109.0,-2.036264147207225,-2.49865615787367,2.43931624261244,0.2535940172384967,-0.0762792658745445,0.25,-0.19596242977954775
109.1,-2.0556850384890866,-2.4824241113412753,2.4310046209192215,0.24361544689553039,-0.08140319401909021,0.25,-0.19320035751981196
109.2,-2.0749745352381015,-2.465880278156804,2.4228696540350003,0.24885301860444228,-0.07962176656517297,0.25,-0.19320035751981196
109.3,-2.0942600079516387,-2.4489572238216923,2.414660395516103,0.25626000780431135,-0.08005872714566573,0.25,-0.194709283609155
109.4,-2.113798748547005,-2.4317569100837564,2.406388184720396,0.25837691593586964,-0.07684412475673977,0.25,-0.19299779414975746
109.5,-2.1331587627766275,-2.4143392004822064,2.398110359421919,0.25816620529926787,-0.08415640769731592,0.25,-0.19299779414975746
109.6,-2.1519710048122556,-2.3968930501490058,2.3885560270494315,0.24479068688798256,-0.09579715285667588,0.25,-0.1928681109018014
109.7,-2.170512075904277,-2.3795150207556195,2.3797257157557907,0.2524149350068801,-0.09026042974338358,0.25,-0.1928681109018014
109.8,-2.188925449084637,-2.362111151898277,2.3706906467645097,0.25022869116796725,-0.089891660730369,0.25,-0.1906950895231283
109.9,-2.2068759190623326,-2.344444348681973,2.3616597376295263,0.23940421894163796,-0.08023885415260697,0.25,-0.18722288446735738
110.0,-2.224683468661526,-2.3266886401951794,2.352812086447295,0.2533507023584132,-0.08544901180458268,0.25,-0.18722288446735738
110.1,-2.2424663175366186,-2.3087284008437545,2.343979433161968,0.24954777696758057,-0.08199863247627937,0.25,-0.1840162663228578
110.2,-2.260223257611894,-2.290646283809953,2.336346649835358,0.2509947894427906,-0.07264308180529332,0.25,-0.1840162663228578
110.3,-2.277841819788184,-2.2722935496861876,2.3290625715973,0.2494381358676623,-0.06986164830010218,0.25,-0.18113829527020042
110.4,-2.2954263719171157,-2.2536804792825005,2.3217334330774353,0.25938724759658566,-0.0762423215628013,0.25,-0.18113829527020042
110.5,-2.313271724828005,-2.234780606246529,2.3137781403996622,0.25073282733733276,-0.0802712178944054,0.25,-0.17922148281631814
110.6,-2.330998905252964,-2.215643095574081,2.305635201696843,0.25782156158375097,-0.07681950588440904,0.25,-0.17814087444024498
110.7,-2.342497379639861,-2.202950852425583,2.300078691629402,0.25447298014224007,-0.10142031725688157,0.25,-0.17814087444024498
110.8,-2.359429254791311,-2.1838471113815974,2.291922730833417,0.24187851785348924,-0.0694058720864186,0.25,-0.17814087444024498
110.9,-2.3762525425318426,-2.1647913268609895,2.2843948526226168,0.24335449901102413,-0.07481189502275216,0.25,-0.1790342663390196
111.0,-2.3928328438677453,-2.1454641445954334,2.2765909212438347,0.24489986986915985,-0.07303294836927916,0.25,-0.1779157117735416
111.1,-2.409032543674342,-2.1263416913337956,2.2690477736294143,0.251013202001956,-0.08064164144508915,0.25,-0.1750325002775759
111.2,-2.4251126768430415,-2.1070072632799723,2.260663200675482,0.2506804188140367,-0.08694972876981806,0.25,-0.1750325002775759
111.3,-2.4412458076756347,-2.0874619779423926,2.2530289936806103,0.25634427565299894,-0.06602770303014655,0.25,-0.17250952900875818
111.4,-2.457270535923791,-2.0676595230687003,2.2464294360426584,0.2506229177584945,-0.06802470765756131,0.25,-0.17250952900875818
111.5,-2.473257727181467,-2.047693910641323,2.2388096377699704,0.25196550568778875,-0.07717524658443416,0.25,-0.16752454316448429
111.6,-2.48919981945489,-2.027308831205152,2.2317776337409647,0.2509161733368591,-0.05949505462291374,0.25,-0.16752454316448429
111.7,-2.505030820538038,-2.0067828915921866,2.2253721659084196,0.2538167871596673,-0.07668572738732032,0.25,-0.16801407983873576
111.8,-2.5207762885213487,-1.9862410294182293,2.217930620908809,0.2574908302118198,-0.07407083236492765,0.25,-0.17050810858965001
111.9,-2.5361222721498367,-1.9659150805993355,2.2109165035569553,0.25787640367963327,-0.07351412608274042,0.25,-0.17050810858965001
112.0,-2.551299204294114,-1.9454841035264079,2.2034621919048565,0.24455171861701502,-0.07164508893136932,0.25,-0.17195389293520205
112.1,-2.566178728696007,-1.9249409006633702,2.195820662511842,0.24200763116963334,-0.06691355161896835,0.25,-0.17195389293520205
112.2,-2.5809684617581574,-1.9047097014707683,2.189216517558484,0.24087754765814387,-0.06175549873203718,0.25,-0.1733926897285082
112.3,-2.5955570173150773,-1.884443812174492,2.1828070421442862,0.2412184744739172,-0.06129023171246205,0.25,-0.1751779471747486
112.4,-2.6052675132860728,-1.8706370415819538,2.178387906670673,0.2467618238499211,-0.06347001543250405,0.25,-0.1751779471747486
112.5,-2.6198871319161916,-1.8496505258821123,2.1707909904422618,0.25138651500567416,-0.07954489856771578,0.25,-0.1761666507123358
112.6,-2.634457600787478,-1.8285651656593542,2.162379701976438,0.2568465207756803,-0.08680931078390933,0.25,-0.1761666507123358
112.7,-2.6488136862407403,-1.8072282730861886,2.1545380434378263,0.2571846886055545,-0.062324781574745275,0.25,-0.1783288346390446
112.8,-2.662944181395984,-1.7853024828562707,2.148198059597215,0.2539914918657262,-0.06276249190682368,0.25,-0.17755470402532492
112.9,-2.6769844468974373,-1.7632700490918805,2.1418092705319407,0.2570361579369453,-0.06221239169759023,0.25,-0.17755470402532492
113.0,-2.690763854007154,-1.741552669708443,2.134748006159839,0.2557036832683406,-0.08018249982040902,0.25,-0.18126618578848513
113.1,-2.7042918753402727,-1.719976933515246,2.1265097444588283,0.24706235254540224,-0.0820986653986362,0.25,-0.18126618578848513
113.2,-2.7175159958424304,-1.6983594042757124,2.118281934327607,0.24452488022644447,-0.08225602911728884,0.25,-0.18250168298926844
113.3,-2.730620254316037,-1.6768127502441643,2.1108391963560895,0.24320307313644865,-0.06322318151098281,0.25,-0.18250168298926844
113.4,-2.743568153355156,-1.6554263239235718,2.10468631328412,0.24883309863193204,-0.060923801518866755,0.25,-0.1802529620127544
113.5,-2.7564273413089944,-1.6340652325112208,2.09844472282435,0.24861307728437096,-0.06270585546333952,0.25,-0.18096875149749025
113.6,-2.7691874299841284,-1.6120451809619083,2.0905260805166708,0.2531439848087409,-0.08457060863868661,0.25,-0.18096875149749025
113.7,-2.781925316373851,-1.5898303320731053,2.081932894028848,0.2469043554338797,-0.0809030560117803,0.25,-0.18167748423946795
113.8,-2.7945773355918515,-1.567443960275294,2.073744123562983,0.25406827073271776,-0.060363534018791236,0.25,-0.18167748423946795
113.9,-2.806956397204788,-1.5443422777621922,2.0677842261007173,0.2598393280113611,-0.06011237669763529,0.25,-0.18292688560883097
114.0,-2.81511240023986,-1.5288546436311767,2.0637878349876324,0.2532422028584274,-0.05963030376353421,0.25,-0.18292688560883097
114.1,-2.827246372357478,-1.5059859178383177,2.057466093206437,0.2502882593170842,-0.07397510126406599,0.25,-0.18001840697804217
114.2,-2.839335778739097,-1.4833691074166948,2.049209335920648,0.2526539130583682,-0.08102630264114939,0.25,-0.18001840697804217
114.3,-2.8512370869732404,-1.4606829810581232,2.040168690231487,0.24461094623100163,-0.09046970653548231,0.25,-0.18520524697785137
114.4,-2.862626392107383,-1.4381905317972228,2.0308899284324524,0.24207641836759186,-0.06284135693337815,0.25,-0.18384532708972767
114.5,-2.873820784505334,-1.415937173368561,2.025029424001183,0.2398732931355138,-0.056852476602404584,0.25,-0.18384532708972767
114.6,-2.884873636431956,-1.3936253874020679,2.0192563890311157,0.24622046213776227,-0.056034400902473386,0.25,-0.17537939588563106
114.7,-2.895853533558226,-1.3708458980645737,2.0129813256832403,0.25753433673720433,-0.07555261958073924,0.25,-0.17537939588563106
114.8,-2.906973929958528,-1.347759397270138,2.0046567496087855,0.24778995096300116,-0.08870047667600256,0.25,-0.18151699199282115
114.9,-2.9177887665164555,-1.3244640489059136,1.9961905723796949,0.249021437661887,-0.07900964510044285,0.25,-0.18351564716608945
115.0,-2.928400970362132,-1.300667636611384,1.9896764574237793,0.25914709697982385,-0.055519779689883905,0.25,-0.18351564716608945
115.1,-2.9388532806607404,-1.2767387282850045,1.9839527057868842,0.2590068114142675,-0.05367236776279087,0.25,-0.18382602703988105
115.2,-2.949169222050074,-1.2529985962490695,1.9778739187209824,0.25476651527054317,-0.08081450947128088,0.25,-0.18382602703988105
115.3,-2.95927890745652,-1.2295250853515711,1.9691785199717005,0.2510563006488734,-0.08551299903430166,0.25,-0.1857630842733196
115.4,-2.969146311455007,-1.2059700339487207,1.960338327237206,0.2563877328100657,-0.08197767639012113,0.25,-0.1903445959331645
115.5,-2.9786708960041186,-1.1825890289299363,1.9515944256831939,0.24271497378700368,-0.0642205147062744,0.25,-0.1903445959331645
115.6,-2.9880218109938825,-1.1592805776993236,1.9458802645690112,0.2515502265787322,-0.055088947256557316,0.25,-0.1895575828392284
115.7,-2.994210414464008,-1.1439963650246825,1.9422343251472514,0.23947302772427057,-0.052043919021754675,0.25,-0.1895575828392284
115.8,-3.003404275137952,-1.120291131858789,1.9357256395338454,0.25829190069510866,-0.08120907161279961,0.25,-0.19082432946281194
115.9,-3.0124663048446436,-1.096346100431187,1.9278424020635931,0.23930533328499978,-0.06139096005104655,0.25,-0.19434420619230022
116.0,-3.021455547944942,-1.0722555378283563,1.9196927122487477,0.2434578513199403,-0.09778206350034514,0.25,-0.19434420619230022
116.1,-3.0301712518903097,-1.0478814666615353,1.911067260500626,0.2594610026088516,-0.05155981260988688,0.25,-0.19424713821036246
116.2,-3.0387329152622007,-1.0236220494490667,1.9052170430222841,0.24779192890773458,-0.0725137981121602,0.25,-0.19424713821036246
116.3,-3.0469835428275753,-0.9998978859944436,1.8966765579144849,0.24742831701289567,-0.08471395767093866,0.25,-0.19510282553916347
116.4,-3.055200575365702,-0.9759847582721155,1.8887007652035692,0.24956834529054064,-0.0579378400566325,0.25,-0.19762915025535446
116.5,-3.063143150557319,-0.9517571202420357,1.8828824929179742,0.25345985971767926,-0.06348227284628985,0.25,-0.19762915025535446
116.6,-3.071060765068854,-0.9275379941591937,1.8750136172673268,0.24590178115267936,-0.08431348130853127,0.25,-0.19761041936731139
116.7,-3.0760929932701666,-0.9115785900112096,1.8702462816550882,0.24080687505137308,-0.053475993000766484,0.25,-0.19761041936731139
116.8,-3.0860955244523183,-0.8790385150358032,1.860985423261665,0.2565966170744731,-0.08707105503661045,0.25,-0.19966101291818064
116.9,-3.093361034900863,-0.8543102970493649,1.8519469987425443,0.24406564107780573,-0.09688394400411443,0.25,-0.20042259869842194
117.0,-3.1004276191935145,-0.8297434642693475,1.843716908785534,0.2540985450381443,-0.0515959458948027,0.25,-0.20042259869842194
117.1,-3.1050116009255357,-0.813318255648723,1.8402702668851139,0.24762266932285676,-0.050123155603498615,0.25,-0.19798978154859473
117.2,-3.1117604193706945,-0.7888003745448185,1.8352726128595245,0.2620039756964283,-0.04799774174119119,0.25,-0.19798978154859473
117.3,-3.1183821642708707,-0.7644010975711824,1.8274631417207217,0.2503752264826661,-0.08343651929129478,0.25,-0.20198206397643742
117.4,-3.1249609512456846,-0.7401463491856533,1.8189489880592773,0.24687700996565165,-0.08736342265071018,0.25,-0.20107117002074912
117.5,-3.1312263948377237,-0.7157389935907388,1.8104339514756318,0.2527153610848453,-0.0718371595900238,0.25,-0.20107117002074912
117.6,-3.137235963896038,-0.6908991352541685,1.8039844442929114,0.24589349349217166,-0.05747675842936304,0.25,-0.1968860210691318
117.7,-3.143034722823248,-0.6660409857157019,1.7976783608016886,0.25795539118903615,-0.06527192890851918,0.25,-0.2005711805673545
117.8,-3.1487937984070364,-0.640880499700846,1.7913552096328589,0.25103780939967674,-0.074486168269034,0.25,-0.2005711805673545
117.9,-3.1544271439112364,-0.6154203216199776,1.7832288663311495,0.2623707081793103,-0.07922803332491482,0.25,-0.20379544032130378
118.0,-3.15985492584838,-0.5900691623608043,1.7751161547338574,0.2501918885801882,-0.09450206569682815,0.25,-0.20379544032130378
118.1,-3.1649675007939537,-0.5648833672928023,1.7648373518419032,0.24003786297905316,-0.07762879477892394,0.25,-0.20807478360075704
118.2,-3.1698263728249123,-0.5398104825190435,1.759676865241137,0.24041071393582758,-0.04602792566546485,0.25,-0.20789243820522835
118.3,-3.1745945180073947,-0.514994933233707,1.7550721901853177,0.25698345062022876,-0.04906118918687486,0.25,-0.20789243820522835
118.4,-3.179191512315534,-0.49059419562376017,1.7488470242168312,0.24190412857256877,-0.07701243617331323,0.25,-0.21306493499719192
118.5,-3.1836447595627497,-0.46598846475463246,1.7407085757978658,0.24003973938983322,-0.07638726767613334,0.25,-0.21306493499719192
118.6,-3.187877426638877,-0.4412927498280051,1.7320632692604816,0.2498780556396889,-0.10620322594120649,0.25,-0.21840205634902035
118.7,-3.1918970356086884,-0.41609841433799905,1.7239088404335012,0.2500081174182995,-0.07116039836959599,0.25,-0.219229945752708
118.8,-3.194467250499469,-0.39927320362153973,1.7192344852960078,0.247488251965212,-0.06312100449427935,0.25,-0.219229945752708
118.9,-3.1982495249917364,-0.3739439582451037,1.7131498911905434,0.24526483755691628,-0.062367345026382574,0.25,-0.21853676936350347
119.0,-3.20188780524886,-0.3481074797949425,1.7045890673374617,0.2512376919374023,-0.09018457670150747,0.25,-0.21853676936350347
119.1,-3.2053562937075095,-0.32243584086763183,1.6939906459940328,0.2491919430174632,-0.09980026947896999,0.25,-0.22412910711869827
119.2,-3.2084689368358053,-0.2969096266314334,1.6841045771757213,0.2532637367125724,-0.12471385431174456,0.25,-0.22347770077015613
119.3,-3.2112263105818606,-0.2714537365571685,1.6747612736279305,0.24021271425539603,-0.07579911571620516,0.25,-0.22347770077015613
119.4,-3.213842006944782,-0.24641181206678614,1.6688027641333651,0.25346312687949285,-0.02654119567083149,0.25,-0.22287391943862495
119.5,-3.2163252271899805,-0.221402522668587,1.6643444175357467,0.24248925993074377,-0.09708000322369119,0.25,-0.22287391943862495
119.6,-3.2186515024804554,-0.19651543577984887,1.6543843040090227,0.251185869003893,-0.09339986747214046,0.25,-0.2240286609727322
119.7,-3.2206985488332065,-0.171291807764343,1.643607608187767,0.25604842183160714,-0.10997903643776305,0.25,-0.2240286609727322
119.8,-3.2226977217638413,-0.14596824815372386,1.6342389968327062,0.25200264985250587,-0.08047888301366934,0.25,-0.22543885727322052
119.9,-3.224401864678379,-0.12048571143628127,1.6265061559199228,0.2567043297099166,-0.0761457344902017,0.25,-0.22431780782355953
120.0,-3.225803204448859,-0.09492257145434013,1.617724900307592,0.2553917949843287,-0.07988080158370281,0.25,-0.22431780782355953
120.1,-3.2270206111319917,-0.06877607427412911,1.608933810093778,0.25286108524501794,-0.06857826261012898,0.25,-0.22601124960519212
120.2,-3.2279812426734726,-0.04248511590512196,1.603314088300019,0.26316045963420437,-0.04722261476204326,0.25,-0.22601124960519212
120.3,-3.2287891001383926,-0.016321846113341847,1.5978644733802618,0.2471940734765964,-0.08898271516660326,0.25,-0.22721065152566175
120.4,-3.2292352309311396,0.00068014728388297,1.591218926146865,0.2606801493562007,-0.07165249052572817,0.25,-0.22721065152566175
120.5,-3.2297904248971676,0.02614465271019229,1.581632501427214,0.24551439975213382,-0.11339145736623764,0.25,-0.2266929136061799
120.6,-3.2298593074530353,0.051405076548975845,1.5693330692936882,0.2514218889280032,-0.1283239188674925,0.25,-0.2266929136061799
120.7,-3.2296714449331976,0.07640446576324986,1.5585555431705866,0.23912241916526195,-0.07865946818270736,0.25,-0.22283606331701716
120.8,-3.2293647814609407,0.10111895563480824,1.5521399089872197,0.23652501603069187,-0.04518605316135078,0.25,-0.22119845631047988
120.9,-3.2289203586282675,0.12565766781872173,1.5482443372933754,0.2461703283631995,-0.04150330055098042,0.25,-0.22119845631047988
121.0,-3.228271910602201,0.15120993180549536,1.541662487494088,0.25223389943456553,-0.08166963580516218,0.25,-0.2241281472055827
121.1,-3.2273874783830583,0.17679260319208992,1.5327922981342352,0.25242350057521534,-0.08248163013049352,0.25,-0.2241281472055827
121.2,-3.226376803877113,0.2026946749034601,1.523849146038217,0.24273181688115125,-0.0793924589106898,0.25,-0.22586766511179973
121.3,-3.225245088056648,0.22922925898754723,1.5181615078066568,0.26401631085154315,-0.029937208300618058,0.25,-0.23114892104655013
121.4,-3.2238689762353423,0.25580735071547617,1.5147134767158832,0.25275870516594007,-0.03406574763586175,0.25,-0.23114892104655013
121.5,-3.222410638141071,0.28178868393728335,1.5090725310513327,0.2546063786789589,-0.07742369815611025,0.25,-0.23095938255963394
121.6,-3.2207198956266883,0.3070303489054731,1.4995253579395644,0.2551344046272783,-0.11682944093891096,0.25,-0.2391869809471253
121.7,-3.2189327956979468,0.3321547297744542,1.4864834554135795,0.24339846557402042,-0.13652494335375384,0.25,-0.2391869809471253
121.8,-3.2168846388982977,0.35714062795723295,1.4778367008218816,0.2601148450878878,-0.07162358972123392,0.25,-0.23825743357626256
121.9,-3.2144711784619053,0.3820974258574261,1.4697401803644143,0.23562503595286818,-0.08133104897864589,0.25,-0.23825743357626256
122.0,-3.2127515421933186,0.3987183195372791,1.463943825601377,0.2478694026111072,-0.09497201318684685,0.25,-0.23698730556841976
122.1,-3.2099731055939786,0.4238059749359828,1.4555311615059288,0.2459070558313208,-0.07262681619112156,0.25,-0.23698730556841976
122.2,-3.2070240474229395,0.4494973303311458,1.4475503471934534,0.258208322928322,-0.09482503504574472,0.25,-0.23809601781978465
122.3,-3.2036615175994543,0.47531294569104465,1.4362769721831208,0.24842310292359118,-0.13561521502494298,0.25,-0.2378521157508449
