t,x,y,yaw,v,w,v_cmd,w_cmd
0.0,-0.29887738449889156,-3.199949592318569,3.0411054384425005,0.25237855998218056,-0.06413220997952203,0.25,-0.19152115546856657
0.1,-0.32377371251499515,-3.1973661953586814,3.0349517548528833,0.24246145744968367,-0.057164629553654825,0.25,-0.19152115546856657
0.2,-0.34894327422549204,-3.194621616046679,3.0273692370894114,0.2535333692381187,-0.07597385682938683,0.25,-0.19305313910897676
0.3,-0.3742074811213593,-3.1919115884492926,3.0193479427452874,0.24745098207083352,-0.08257557807913819,0.25,-0.19305313910897676
0.4,-0.39949504556527415,-3.1888735227894305,3.0111469935793016,0.24911239446020594,-0.07902712933176755,0.25,-0.1947271377764116
0.5,-0.42488016642201926,-3.1856171044611923,3.003043813818902,0.2581503292078938,-0.07124299973803012,0.25,-0.1938410221262679
0.6,-0.4507079178597513,-3.1819437668866466,2.997712760535203,0.2585811781449413,-0.05257019631182433,0.25,-0.1938410221262679
0.7,-0.4765896687692372,-3.178166181839044,2.9925190504955363,0.26326776684829617,-0.04404982355257879,0.25,-0.19737049087199465
0.8,-0.4938013023881146,-3.175610021989915,2.988878078400071,0.24757647012738052,-0.06981250093874616,0.25,-0.19737049087199465
0.9,-0.5189711630257329,-3.1717644919538697,2.9835989364628284,0.25111241431737574,-0.043960000850558276,0.25,-0.19695338265392942
1.0,-0.5440615188097614,-3.167694701105774,2.9797876297573875,0.2552496275143632,-0.0324359325273587,0.25,-0.19309714437982506
1.1,-0.5688687068773653,-3.1636488957149416,2.9757918824756744,0.24602065271900445,-0.04514332757875193,0.25,-0.19309714437982506
1.2,-0.593137942563806,-3.1594685730628096,2.9712284030157385,0.24226050086930623,-0.04840645370576909,0.25,-0.199814863332471
1.3,-0.6174352632943927,-3.155156450273049,2.96612397915062,0.23847356623449265,-0.040651765952002414,0.25,-0.199814863332471
1.4,-0.6422377532438837,-3.1507551775752503,2.9587595225951095,0.24930333439366462,-0.0945934277956079,0.25,-0.20577353856716113
1.5,-0.6672399415721696,-3.1464045182874085,2.9489092660893443,0.24498026671573706,-0.09581903942254948,0.25,-0.2080305481707799
1.6,-0.6921879958911488,-3.1417484160665023,2.9392296389665,0.2537175221141269,-0.0935774706400206,0.25,-0.2080305481707799
1.7,-0.7178043915818182,-3.1365691781908818,2.9320922617275906,0.26308375778193427,-0.046796785581995265,0.25,-0.20882636295888365
1.8,-0.7437880734080442,-3.1311223830925634,2.9273733063317664,0.2537465565201508,-0.04825904715043428,0.25,-0.20882636295888365
1.9,-0.7697375670806206,-3.125596318108119,2.922335960571456,0.2557269977476241,-0.04654688427081164,0.25,-0.21056165459138285
2.0,-0.7946058892965543,-3.12010359711784,2.9157563516251654,0.25016698888828637,-0.0667945034407816,0.25,-0.2181250457456736
2.1,-0.8193066534261579,-3.11444046097475,2.9089388356055013,0.25288965461006757,-0.07006479475080095,0.25,-0.2181250457456736
2.2,-0.8437419571279389,-3.1086535210215676,2.901715614794797,0.2507567028587899,-0.07859683432481222,0.25,-0.22237043455047467
2.3,-0.8677023558008115,-3.102643967763284,2.894788804827882,0.24087373269526216,-0.058169356677856984,0.25,-0.22237043455047467
2.4,-0.8914404720246996,-3.096452080928262,2.889073577463685,0.249172774798178,-0.06350699309121371,0.25,-0.2238365252000207
2.5,-0.907351829158863,-3.0922521427130154,2.884904465030759,0.24715032068973397,-0.06721599880130208,0.25,-0.2238365252000207
2.6,-0.9318719180277348,-3.0858390807343357,2.8754465247494436,0.24632635872147055,-0.10799293708720949,0.25,-0.22664111519907737
2.7,-0.9563671705063624,-3.0797350427771804,2.8643588036158283,0.24420445877504102,-0.10884664262883594,0.25,-0.22664111519907737
2.8,-0.9813069132657097,-3.0729496730743358,2.853792229858532,0.2626368741776188,-0.09600044897212125,0.25,-0.22978966344157123
2.9,-1.006542411035862,-3.065502946105171,2.8460502898741202,0.251934692334225,-0.08332652255448945,0.25,-0.22692031276548466
3.0,-1.0315975080015436,-3.0578355361858933,2.8375103025569266,0.24054857495246376,-0.08611069784040588,0.25,-0.22692031276548466
3.1,-1.0562773119508544,-3.0500168539372177,2.8282451262241266,0.2440061840102193,-0.0996437023767965,0.25,-0.22776292474066195
3.2,-1.0805395570929357,-3.042074596921837,2.8179773434017252,0.24205968281149498,-0.11300704994884846,0.25,-0.22776292474066195
3.3,-1.1044407371550675,-3.0340064677058995,2.804127674480376,0.25113820363311995,-0.14855027100593124,0.25,-0.2274313102703127
3.4,-1.12802897563427,-3.0257012717256155,2.792785051835327,0.2431862063265777,-0.09823468055006059,0.25,-0.2274313102703127
3.5,-1.1514091040133123,-3.0172943927095557,2.783174270393992,0.23341695944287527,-0.07831938932937065,0.25,-0.22548618076564567
3.6,-1.1748002612871051,-3.008446542385987,2.7731281875914133,0.24706913692925014,-0.09125156201914043,0.25,-0.2183572736309942
3.7,-1.1982180846343462,-2.9992294902573193,2.7655954494438872,0.25176833633675827,-0.06927566974133537,0.25,-0.2183572736309942
3.8,-1.2222265909405012,-2.9897710668952193,2.758018950561843,0.26150059477834314,-0.07595173451047667,0.25,-0.21581553769896045
3.9,-1.2462873993912262,-2.98000770855608,2.74960710789988,0.2611968226104117,-0.07643420723262445,0.25,-0.21581553769896045
4.0,-1.2702452081279265,-2.9701134940485483,2.7407037133835295,0.24438220030242744,-0.0909990220167655,0.25,-0.2122404256020564
4.1,-1.2861561223195193,-2.963385947849948,2.7346315383381197,0.25775786430992353,-0.08905845041612859,0.25,-0.21147130769687458
4.2,-1.3099912607973692,-2.953213430124306,2.7255121659076154,0.24966728429351748,-0.07910035661937882,0.25,-0.21147130769687458
4.3,-1.3333863651361573,-2.942818383108402,2.7176433999020992,0.2464530129829579,-0.08246843203004671,0.25,-0.21341635264460843
4.4,-1.3565398995823392,-2.9322145802124076,2.709867690614823,0.24571884646666675,-0.07420047753654718,0.25,-0.21341635264460843
4.5,-1.3793148690286416,-2.921645258103592,2.700976283160423,0.23565028759716725,-0.08352044819564679,0.25,-0.21772321114553778
4.6,-1.402009287029906,-2.9109892735802685,2.6920774701548673,0.2422800221684422,-0.09688686791472216,0.25,-0.21772321114553778
4.7,-1.4245666210231624,-2.900416010542908,2.682042516286186,0.2418425379020764,-0.09560196848329905,0.25,-0.2120042030345009
4.8,-1.4470622389863395,-2.8893328799344493,2.6733539151410906,0.24233640781799384,-0.09224542309590818,0.25,-0.21615437612754784
4.9,-1.4698935730098588,-2.877739280723156,2.6647082934453423,0.25143824344358,-0.09340037241287047,0.25,-0.21615437612754784
5.0,-1.492823313469033,-2.8658195313957675,2.655294194995414,0.25679074466833773,-0.08643810244156579,0.25,-0.21609499000194227
5.1,-1.5158319983018989,-2.8535944176794463,2.64682424144967,0.26068891503472186,-0.09122987233063166,0.25,-0.21609499000194227
5.2,-1.5386127117162522,-2.8411364660656786,2.637101389137597,0.24904309997079102,-0.09768443591361026,0.25,-0.2157494395922627
5.3,-1.561247619043042,-2.828541745299214,2.6266991164774733,0.2600408601812179,-0.10760152844104157,0.25,-0.21460497475040097
5.4,-1.5835220182866707,-2.8159261714151347,2.6176510677253404,0.24670979704521417,-0.08073080588482787,0.25,-0.21460497475040097
5.5,-1.605497975557765,-2.80311687612288,2.609583690447361,0.25370366029358254,-0.0808733139599567,0.25,-0.2100707967900634
5.6,-1.6272552021001927,-2.790195717342114,2.6006353277289813,0.24681112476689707,-0.10044544466437783,0.25,-0.2100707967900634
5.7,-1.6487478647624207,-2.7773627945827704,2.5912727472205765,0.24007207244794895,-0.09335762762094031,0.25,-0.20977475299544462
5.8,-1.663015477056879,-2.7686620390913843,2.5847781641941654,0.24105968678994383,-0.08885316838918596,0.25,-0.20977475299544462
5.9,-1.6842727116673128,-2.7553636946970976,2.575840239370253,0.24552130992417623,-0.08481939060333923,0.25,-0.2076576759302688
6.0,-1.7057880197133701,-2.7415961826027355,2.5672649245303307,0.2505905590814449,-0.0865498475527693,0.25,-0.2048467281626854
6.1,-1.7274602918896864,-2.727626296718701,2.5583111834547436,0.24284051381598132,-0.08945732975274764,0.25,-0.2048467281626854
6.2,-1.749130853253121,-2.7133873817503393,2.5495527999141783,0.2547105109224362,-0.08327959263663212,0.25,-0.20191490262005862
6.3,-1.7705642732551565,-2.6988790984594426,2.5410953339073887,0.25120926185696985,-0.08893790526724973,0.25,-0.20102963567312
6.4,-1.7918084126361624,-2.684179116059201,2.5321930618816615,0.24623853071917967,-0.09025181516254144,0.25,-0.20102963567312
6.5,-1.8127131116150943,-2.669592372638199,2.52340788830955,0.2515827543457873,-0.07915097429045162,0.25,-0.19928264299184706
6.6,-1.833553287269589,-2.6547629836057207,2.515495128335904,0.2489500461629991,-0.07718790932216038,0.25,-0.19928264299184706
6.7,-1.85423810095806,-2.639772253437977,2.5075413024553375,0.24607348361642903,-0.07922198454253092,0.25,-0.19650620574604885
6.8,-1.8745373624028459,-2.6247775243262055,2.4993967266315416,0.24525435963827297,-0.08172106986068255,0.25,-0.19657564880386735
6.9,-1.894711442186781,-2.6098579316423134,2.4907859877933745,0.24895058923806457,-0.08647308503027411,0.25,-0.19657564880386735
7.0,-1.9148812760273357,-2.5945296265672,2.4820341671479853,0.24330579800058275,-0.09151031839083067,0.25,-0.1938040447395976
7.1,-1.934971682798208,-2.5789664636432805,2.47263318802252,0.24999135537803815,-0.0908737315492536,0.25,-0.1938040447395976
7.2,-1.9549885163720095,-2.5630720170201355,2.4638552290533347,0.2577872821833295,-0.07761779413370441,0.25,-0.1858196858482956
7.3,-1.9749818101094063,-2.546923662899673,2.4555231167175586,0.24595817382623372,-0.08028621238538057,0.25,-0.18533941720714137
7.4,-1.9881003567455493,-2.5362035845443596,2.450128562395758,0.25415493616252993,-0.07958028838880554,0.25,-0.18533941720714137
7.5,-2.0075169913283863,-2.5200582242711596,2.4421621621802516,0.2501614273755428,-0.07687002480074324,0.25,-0.18187190864883732
7.6,-2.0269284867903004,-2.5037828694922974,2.4345162349180742,0.250555071692368,-0.07463880408809609,0.25,-0.18088905079776732
7.7,-2.0462961547064777,-2.487237126774296,2.4269111366477834,0.251408163778068,-0.07458798568840108,0.25,-0.18088905079776732
7.8,-2.0655497505874543,-2.4705222473302157,2.419299620201839,0.24704816693480994,-0.07381837785575618,0.25,-0.18074864155032958
7.9,-2.0847503159970504,-2.4535628644645344,2.41166278464757,0.2531385929097741,-0.07263698187716652,0.25,-0.18074864155032958
8.0,-2.1040833429033827,-2.4363192296717204,2.4038901347092256,0.24950738061072397,-0.08151355662964811,0.25,-0.18309683289264528
8.1,-2.123027785943391,-2.419023025905733,2.394802811393274,0.2402099661527497,-0.08540297405216134,0.25,-0.18194296020274892
8.2,-2.1417463389365317,-2.401649413151646,2.388007464644405,0.25206311139826504,-0.08094364604798086,0.25,-0.18194296020274892
8.3,-2.160291227089499,-2.3842287884417215,2.3799418526956995,0.2501925242763362,-0.0799834517947749,0.25,-0.18179133807991932
8.4,-2.1786999046090476,-2.3666583546733753,2.3716492011022328,0.2438789980011852,-0.08146696665731203,0.25,-0.18179133807991932
8.5,-2.196617838950716,-2.3490544300492093,2.363610640993567,0.2434456697166464,-0.0777953443710054,0.25,-0.18008244755969813
8.6,-2.214400980303372,-2.3313271922011416,2.355518548924553,0.24374405582957603,-0.07792946740277581,0.25,-0.17951801377908783
8.7,-2.232306421944472,-2.313353978564966,2.3477988738425037,0.2482625577007567,-0.06906535325015785,0.25,-0.17951801377908783
8.8,-2.2501495226197923,-2.295301306817935,2.340663191828042,0.24801481698276845,-0.07015853398262016,0.25,-0.17714122069904414
8.9,-2.2678715667467295,-2.2771649909603786,2.3336221635017833,0.25117232989251903,-0.06828835285091667,0.25,-0.17714122069904414
9.0,-2.285524059248429,-2.258603232227331,2.326225454759656,0.24946971965607,-0.07794668837607374,0.25,-0.17686837772642094
9.1,-2.2973601967886164,-2.246069775667545,2.320917124584363,0.2558629964736468,-0.079131790538946,0.25,-0.17686837772642094
9.2,-2.315224168020555,-2.227111813843157,2.3129966039637,0.2598315828719644,-0.07613736753509771,0.25,-0.17631270222784812
9.3,-2.3327846959917107,-2.208072854828311,2.3052570460666604,0.2451337392103358,-0.073253358409357,0.25,-0.17596635148453885
9.4,-2.3498261788095505,-2.1891688856078373,2.2977316519618203,0.2523473099621967,-0.0746857706580616,0.25,-0.17596635148453885
9.5,-2.36672942111127,-2.1702813550242714,2.290112205520936,0.2538455905833977,-0.07356524600620858,0.25,-0.17476440394367296
9.6,-2.3832793658684777,-2.1512947325140948,2.2824253988239436,0.24991044939572057,-0.07739082477434407,0.25,-0.17476440394367296
9.7,-2.399512309978014,-2.1322039666469377,2.2746593190707043,0.24424194003725216,-0.08098850318621763,0.25,-0.17734400787697085
9.8,-2.415751140088252,-2.112935022137966,2.266469977674143,0.24527231631188404,-0.07756844138652116,0.25,-0.17292996558467338
9.9,-2.432024326365057,-2.0935046986654493,2.2593653579638646,0.25516388093846976,-0.0639673627846539,0.25,-0.17292996558467338
10.0,-2.448174486292785,-2.073832787239118,2.2528443092655133,0.24922662039015483,-0.06319274665176966,0.25,-0.1732521409689908
10.1,-2.4642117116986286,-2.0539863830027563,2.2463363060244,0.2564570742829116,-0.06940000872372558,0.25,-0.16296844567555652
10.2,-2.4804498812232985,-2.0337981221227905,2.238941440709219,0.2592772536902002,-0.06769142785246944,0.25,-0.16296844567555652
10.3,-2.4966114724206996,-2.0134954278707617,2.231463025178268,0.25859802268745097,-0.07616079662205778,0.25,-0.1689219946724882
10.4,-2.5124759311888027,-1.9929899003263674,2.2236615793426253,0.25883128679851153,-0.06807776997425857,0.25,-0.1689219946724882
10.5,-2.5279204229218735,-1.9727783417297065,2.216666235191472,0.24540522796750228,-0.06648369440396078,0.25,-0.16941044701622254
10.6,-2.543225031004197,-1.9525427961618385,2.209787128799938,0.24673946392689683,-0.06733892143758462,0.25,-0.17204923045728282
10.7,-2.5533220424135115,-1.9390655021605578,2.2050504353995968,0.24551005348955646,-0.07425088245607642,0.25,-0.17204923045728282
10.8,-2.5681734771499247,-1.9187712506418464,2.197503244103016,0.24371131510801275,-0.07798215885834263,0.25,-0.1716815991006078
10.9,-2.582848567694345,-1.8983542575900216,2.1897150126898857,0.24322003055082614,-0.07874874533765343,0.25,-0.1716815991006078
11.0,-2.597494155565276,-1.8777610871142347,2.1814290056912604,0.2504093908573966,-0.08476713109148475,0.25,-0.1776286682566497
11.1,-2.6120441642884673,-1.8568758680798447,2.1744133139250224,0.24912463131144635,-0.06238469446420825,0.25,-0.17460732112150817
11.2,-2.626509218660723,-1.8358418363192308,2.1682161269564695,0.25701937500404154,-0.06067570605735455,0.25,-0.17460732112150817
11.3,-2.640954570530692,-1.8141783843961297,2.1618519505052354,0.25412973582652804,-0.07191583268430858,0.25,-0.17701950644473657
11.4,-2.655445820469756,-1.7926109604108817,2.15450095220413,0.255857921346857,-0.08256022641508408,0.25,-0.17701950644473657
11.5,-2.6698543466023352,-1.7709866815307094,2.1463938421140005,0.2564586813928402,-0.08174322960719498,0.25,-0.1782011464643899
11.6,-2.6839266401452138,-1.7493539604534218,2.1385686561455266,0.25998491580520483,-0.06899009547597458,0.25,-0.1782011464643899
11.7,-2.6976016821690947,-1.7279084632120683,2.1316643819639056,0.2524971018805998,-0.07536174519727769,0.25,-0.1802675692979155
11.8,-2.711022147269488,-1.7065646118288689,2.1245095053722403,0.2406896342490487,-0.05959962363210261,0.25,-0.1802675692979155
11.9,-2.724322905282154,-1.6856274878720823,2.1182829323246124,0.24369499751300355,-0.0637039988261336,0.25,-0.18226156027241588
12.0,-2.7374063443637056,-1.6644046120119045,2.1116092142527467,0.2561619081541488,-0.06952062346869992,0.25,-0.18180785792666862
12.1,-2.7503027115126777,-1.6428461723985515,2.1036949521417383,0.24555159388725836,-0.07966324224602225,0.25,-0.18180785792666862
12.2,-2.7631315953873834,-1.6209181855871835,2.094882826528319,0.24668780795695028,-0.07822649024430779,0.25,-0.18158180596302284
12.3,-2.7758962046729674,-1.5986955352823713,2.0864968662371584,0.25480853533333714,-0.07904720447603299,0.25,-0.18158180596302284
12.4,-2.7843861789777775,-1.5836549789841776,2.080880793084252,0.2498875829269916,-0.06464158468060467,0.25,-0.18122204635720793
12.5,-2.7969166131251813,-1.5607190018996264,2.074915967796859,0.2566367606717051,-0.05839244155736949,0.25,-0.17835405035693314
12.6,-2.8093113325677948,-1.5376714975077166,2.069041590891608,0.2567159151330059,-0.05983717247592985,0.25,-0.17835405035693314
12.7,-2.8216694170403405,-1.514831884823332,2.062073995561456,0.2513834866919941,-0.08422628954816763,0.25,-0.18324315830610363
12.8,-2.8338533730336315,-1.492298060300617,2.0532531659263737,0.2531295662847593,-0.09288857330425482,0.25,-0.18324315830610363
12.9,-2.8456221264727364,-1.4697284706285119,2.0446957676205977,0.2565673781707881,-0.08271212781010522,0.25,-0.18547944880885953
13.0,-2.8570851592387374,-1.4474065464764476,2.037530557520766,0.24025436240050954,-0.056420230369154105,0.25,-0.1851917390913793
13.1,-2.8684123244264095,-1.4251973131143187,2.031646458196064,0.24273244197094182,-0.05638348002137138,0.25,-0.1851917390913793
13.2,-2.8796319630833542,-1.403070092359175,2.0256278134814356,0.2439787018539659,-0.05947288773962019,0.25,-0.17689064901067644
13.3,-2.890777931238251,-1.3803652108537765,2.018743759800962,0.2487873875391237,-0.08179911067572529,0.25,-0.17689064901067644
13.4,-2.9018716924899413,-1.3572572983292162,2.0103788950682255,0.251706857813866,-0.07632229848657637,0.25,-0.18460020929634202
13.5,-2.9128042857449303,-1.3339738071322793,2.0025602023705904,0.25139927063663914,-0.08399213185698275,0.25,-0.18412205248409919
13.6,-2.9234917844639012,-1.31001593301066,1.9964366574677765,0.2606439892007484,-0.05313462783757602,0.25,-0.18412205248409919
13.7,-2.934030444868406,-1.2858651203569815,1.9908861957205273,0.25499414180823365,-0.05632445503868917,0.25,-0.18648977985400428
13.8,-2.944504983386515,-1.2620726098943558,1.9848162997031054,0.25294550883398925,-0.08394237806434213,0.25,-0.18648977985400428
13.9,-2.954901577434281,-1.2386450125054262,1.9761441675007778,0.2506126195571513,-0.09379637821518597,0.25,-0.1870131637122828
14.0,-2.9615762729171866,-1.2230430817722908,1.9698386349261114,0.24357861954428772,-0.09653343642897294,0.25,-0.1870131637122828
14.1,-2.9713616477285347,-1.1997200226871552,1.960370612536859,0.24504985572047355,-0.08207494274051082,0.25,-0.19321975215719647
14.2,-2.9808928489294653,-1.1766742983928968,1.9540301575088734,0.24186023293795222,-0.056969364193659555,0.25,-0.1922021280104854
14.3,-2.990297344551803,-1.1537901631199385,1.9485043432521632,0.2446594090496069,-0.05453724440638092,0.25,-0.1922021280104854
14.4,-2.999562201530861,-1.1306390562927173,1.942563386281704,0.25496422701628585,-0.07287151876854993,0.25,-0.19349134281294236
14.5,-3.0088350207188013,-1.10680714961939,1.9350633999326055,0.2433083473601803,-0.07269739182203261,0.25,-0.19349134281294236
14.6,-3.0178503709354367,-1.0827616614797075,1.9270441715621607,0.2518956101899367,-0.08728918142906457,0.25,-0.19745534757338687
14.7,-3.0268020375742752,-1.0582878701317373,1.9201343520223904,0.25934150960059227,-0.054178491901147895,0.25,-0.198294940959854
14.8,-3.0355668154366584,-1.0333975989216087,1.9147592811624061,0.25946957495772394,-0.05277482546334712,0.25,-0.198294940959854
14.9,-3.0442058152300007,-1.0087172766618282,1.9090573674707487,0.2611420830948058,-0.05632009001176669,0.25,-0.20027288497173085
15.0,-3.052687047284023,-0.98464588909767,1.9004162327155587,0.25280823514671935,-0.09680529831389141,0.25,-0.20027288497173085
15.1,-3.0609260464977144,-0.9604554684293386,1.8909168243237617,0.2542869206293598,-0.09928666393416942,0.25,-0.20344770333158363
15.2,-3.068793596198145,-0.9363890437540537,1.8807796375617138,0.24297450207384802,-0.1030437638672501,0.25,-0.2041476387956908
15.3,-3.0763807422418856,-0.9123816994870634,1.8716967152594297,0.2522646105500129,-0.061453675265550234,0.25,-0.2041476387956908
15.4,-3.0838060245557646,-0.888589388447554,1.8658512338691697,0.23981210391161628,-0.049797781844651806,0.25,-0.20285337629092606
15.5,-3.0912057661880077,-0.8648780228732057,1.8606478317392159,0.24162448124599056,-0.060517339265795396,0.25,-0.20285337629092606
15.6,-3.0984330816025927,-0.8404027980257698,1.854318045975582,0.24976551430583566,-0.06355573233450144,0.25,-0.20079266371450163
15.7,-3.1032168155881705,-0.8241358963383505,1.8493485287269367,0.2615462780614872,-0.08043938171734509,0.25,-0.20651004156286387
15.8,-3.1101759972529104,-0.799195414316377,1.8397151177040254,0.252697351362357,-0.09552251044820588,0.25,-0.20651004156286387
15.9,-3.116956346714112,-0.7739954035989596,1.832478075858922,0.26119230511364655,-0.052599594725927776,0.25,-0.20755687059562944
16.0,-3.1236473889390552,-0.7494736389036344,1.8260489608461965,0.24373572255220996,-0.0682830225751859,0.25,-0.20755687059562944
16.1,-3.13004023124367,-0.724904271290671,1.819751486034902,0.2464527225541244,-0.06151043882546623,0.25,-0.20668485712899312
16.2,-3.136326142444963,-0.7001922607048653,1.8134020027724267,0.2516690218946945,-0.0819928126318141,0.25,-0.2023992550302669
16.3,-3.142471496563498,-0.675365234998507,1.8040942645396436,0.2483802836664889,-0.08980180191426665,0.25,-0.2023992550302669
16.4,-3.148341373799419,-0.650645080338578,1.794617591674846,0.24995635921058762,-0.08061033385631394,0.25,-0.21085046431968318
16.5,-3.1539952678123737,-0.6257909797462377,1.7866975589886223,0.2573859575941506,-0.09923227109320419,0.25,-0.21085046431968318
16.6,-3.159465693780539,-0.6007830827627275,1.776147266782464,0.24857637930577,-0.12657133169558968,0.25,-0.21185437151496106
16.7,-3.1645327499634384,-0.5757401707753166,1.7665749643989173,0.24298379533583725,-0.0717770631704483,0.25,-0.20810832224046108
16.8,-3.1694226073928364,-0.5507017839228255,1.761066485383323,0.2533033962495555,-0.04322649104598697,0.25,-0.20810832224046108
16.9,-3.174253391403555,-0.5257053992547398,1.7561847914091726,0.24875008362986842,-0.060513415086428775,0.25,-0.20787971370918548
17.0,-3.1788334967202454,-0.5008773909954812,1.748090697500817,0.24372380195639087,-0.08724928977822366,0.25,-0.20787971370918548
17.1,-3.183247095061446,-0.4762177559038396,1.7393351295726533,0.2507837965250594,-0.08535771420890732,0.25,-0.21626818831734293
17.2,-3.1875701788064195,-0.4513560621697772,1.7311125150217188,0.2495238709589417,-0.06559409174848176,0.25,-0.2178929070102487
17.3,-3.190291737402855,-0.4345686756129199,1.7270759542514291,0.24729620850806244,-0.05549622070833264,0.25,-0.2178929070102487
17.4,-3.1942251139987268,-0.40938470399171023,1.7211725216355036,0.24872550306236837,-0.05710368784179431,0.25,-0.21860529505418586
17.5,-3.1980120849142,-0.38409177113430154,1.7141092391958386,0.26112708944928625,-0.0874210820125008,0.25,-0.21979119152369683
17.6,-3.2017036524723945,-0.3583945674214368,1.7042623929277667,0.25676937408393546,-0.09348705434927591,0.25,-0.21979119152369683
17.7,-3.205137398267482,-0.3324315023737846,1.695716891493295,0.25808060530517835,-0.07798965091846098,0.25,-0.22318677473111395
17.8,-3.208234464605829,-0.30693469445632804,1.6864507802557092,0.26215890707002426,-0.09859719927302174,0.25,-0.22318677473111395
17.9,-3.211127921323508,-0.2815036785298682,1.6788807821775689,0.264109196783679,-0.0644160539108906,0.25,-0.22315215943574912
18.0,-3.2138082769330434,-0.2561870107774224,1.6722060596833348,0.24179141358705908,-0.06831950139802309,0.25,-0.22380197816057895
18.1,-3.2162381017762915,-0.23121326390254887,1.6650785983912997,0.24770889802644802,-0.09584057822618461,0.25,-0.22380197816057895
18.2,-3.218415525610319,-0.2062334935901585,1.6543513176745388,0.2444154954781673,-0.11279406892662029,0.25,-0.2261080620846499
18.3,-3.2204340735530708,-0.1810182873872907,1.6421598452057469,0.2460888874212057,-0.1193829397123972,0.25,-0.2261080620846499
18.4,-3.2222111931174884,-0.15555698715148036,1.6320139238937708,0.24944695823390584,-0.08279521086984105,0.25,-0.22578266999766394
18.5,-3.2238937055376713,-0.13013065787721986,1.623738431283832,0.24943570740784196,-0.08098978583521783,0.25,-0.22105969847761534
18.6,-3.2253401309441543,-0.10444388476006371,1.6158613285284809,0.25909923010264835,-0.07522727455620794,0.25,-0.22105969847761534
18.7,-3.2263961352297317,-0.07806386067764408,1.609664243201744,0.2533671301565747,-0.046027367802200764,0.25,-0.22205482533433785
18.8,-3.227340058574264,-0.0518049833583268,1.604504932293651,0.25998803043395613,-0.05093157108616276,0.25,-0.22205482533433785
18.9,-3.228138034514858,-0.025625096444782086,1.5986691770163655,0.24551869020758105,-0.07356145930111246,0.25,-0.22223057653895317
19.0,-3.228610409704588,-0.008602520108851978,1.5937842868387715,0.24728588592582462,-0.04701969137595274,0.25,-0.2257652420857502
19.1,-3.2291874287998525,0.016563980101295457,1.5903084772305276,0.2401134275382354,-0.03502231441043282,0.25,-0.2257652420857502
19.2,-3.2296844895057566,0.041365096630275176,1.586885844504673,0.24366414984015108,-0.03419669875308251,0.25,-0.22370276137534806
19.3,-3.2300830021572713,0.06594575176259884,1.5817762859144882,0.24004600547865407,-0.054505908754172196,0.25,-0.22370276137534806
19.4,-3.230300845420202,0.09045911963263696,1.576436496592358,0.23984351397036663,-0.05992860978304605,0.25,-0.22822388812600783
19.5,-3.230445709534645,0.11551264056881375,1.5694263425225632,0.25066658116411883,-0.06986277885967677,0.25,-0.23651057175536472
19.6,-3.2304043063180634,0.14105907428624564,1.5616818689819394,0.2558969152200515,-0.07377924828940889,0.25,-0.23651057175536472
19.7,-3.2300478745941286,0.16671310559682032,1.5536997558549075,0.25670485790962944,-0.07284286470460173,0.25,-0.2381914935150544
19.8,-3.229539047779818,0.19296279005938022,1.5474112841218524,0.267543423136076,-0.045406823591724835,0.25,-0.2381914935150544
19.9,-3.2289248397839962,0.21928271636380522,1.5411787216967034,0.24576608688815235,-0.08492851387786009,0.25,-0.23960976108440524
20.0,-3.22804366248869,0.24544243820351985,1.5312468584829961,0.25673484553468506,-0.10717214001881459,0.25,-0.23960976108440524
20.1,-3.2269315709617943,0.271003302624994,1.5199512208181778,0.24632352225129278,-0.11057640421481908,0.25,-0.25023958701146465
20.2,-3.225722289018889,0.29628155592429084,1.506992580018218,0.2493725743116337,-0.14877022505852372,0.25,-0.25023958701146465
20.3,-3.2239207924656985,0.3213573561473493,1.4924100179811584,0.23669462141078043,-0.1123110949362731,0.25,-0.24859125423056527
20.4,-3.2219209775809143,0.34626520228671875,1.4826748506840994,0.24983805261726763,-0.08794031061479997,0.25,-0.24344137171886107
20.5,-3.219635443130773,0.37110637290036064,1.4746073148269134,0.23930571074370882,-0.07530265075106507,0.25,-0.24344137171886107
20.6,-3.2180416487927768,0.3872571223613171,1.470431438654862,0.2365095375229655,-0.05967381305816104,0.25,-0.24143215269490215
20.7,-3.2154461366456335,0.412253959400444,1.4648835394281494,0.24899285873752927,-0.0661107990723756,0.25,-0.24143215269490215
20.8,-3.212654384607487,0.4377759180644733,1.4574087522031343,0.26763552220729353,-0.0606431015462858,0.25,-0.24258168359567972
20.9,-3.2096725078142905,0.4635966525863883,1.4495506552506896,0.26220086790674857,-0.07267247450527371,0.25,-0.24611524145081803
21.0,-3.206455392961695,0.49000472945336,1.4428822660555833,0.2603841698217122,-0.049239264519704395,0.25,-0.24611524145081803
21.1,-3.203174649306698,0.5162385327227061,1.436673226972912,0.2559999936135124,-0.05980160178800215,0.25,-0.24908854807624684
21.2,-3.1996295394425016,0.5420624971596928,1.429294305912009,0.24707148242497923,-0.07864137140795832,0.25,-0.24908854807624684
21.3,-3.196007023517053,0.5672659526070126,1.4211995445028398,0.24552764501459734,-0.08668210703146545,0.25,-0.25117555438552985
21.4,-3.192145887864373,0.5922259660122543,1.4114850124767797,0.2601829037018979,-0.10844025384189931,0.25,-0.2533165942886521
21.5,-3.1881329473237923,0.6168664385908779,1.4001590122529612,0.23557929653975448,-0.10180132905069261,0.25,-0.2533165942886521
21.6,-3.1839329078231144,0.6413568815158189,1.3912986444933273,0.24012110238257167,-0.08316664483085162,0.25,-0.25110344058811673
21.7,-3.179690117605937,0.6654674642225203,1.383518231471873,0.23739416917436953,-0.0718910269214416,0.25,-0.25110344058811673
21.8,-3.1748914874132783,0.6901213489864294,1.376595917223762,0.264864497408734,-0.06537311093779362,0.25,-0.2516942773191099
21.9,-3.1698254715876883,0.7154681353365013,1.3678799062394587,0.2616331279732075,-0.08901866083115337,0.25,-0.2499921075388311
22.0,-3.1645831787614713,0.7408381614202907,1.3573913252830079,0.2552381672144325,-0.11667992985299731,0.25,-0.2499921075388311
22.1,-3.1590173157365338,0.76646395205803,1.3472856827811874,0.2625085486398608,-0.0944317813616075,0.25,-0.25035728505140314
22.2,-3.1531328102489606,0.7918768572632752,1.336115511791063,0.26166895996221856,-0.10853676884162029,0.25,-0.25035728505140314
22.3,-3.1491090338970604,0.8086381458252361,1.3293241436389107,0.24922101109230596,-0.10798880740231644,0.25,-0.24078310226273342
22.4,-3.143026539295222,0.8333478289480964,1.31845224682143,0.2566522025958733,-0.09627859496578538,0.25,-0.24145943797881692
22.5,-3.1365830444380536,0.8580248943431201,1.3079738027370473,0.23646466735651084,-0.10244428725955304,0.25,-0.24145943797881692
22.6,-3.129975965311303,0.8822914782819358,1.2956842100337689,0.2434663666799408,-0.14506746881031582,0.25,-0.23842226554745768
22.7,-3.1232684611905324,0.9063797195030349,1.282139287537598,0.242384984902406,-0.1177536197737302,0.25,-0.23842226554745768
22.8,-3.116205697825937,0.9303253723490637,1.2712155054686483,0.2412435068355819,-0.10316874649161413,0.25,-0.23734940262888526
22.9,-3.1089119883074097,0.9546580165292489,1.2606447214836403,0.2396797140220835,-0.08564086207990891,0.25,-0.23734940262888526
23.0,-3.1011635549431764,0.9789366650505718,1.2533670298530082,0.25634174206009835,-0.09254275904603818,0.25,-0.23015249267701288
23.1,-3.0930116347931507,1.0033885413767911,1.2430907809657452,0.24577308369461032,-0.10219865910414595,0.25,-0.23015249267701288
23.2,-3.0846390431546675,1.027970945022827,1.232550596546183,0.24821014673904773,-0.10868401461948475,0.25,-0.23343691314342577
23.3,-3.0762700536227743,1.0521878422100905,1.2224970006772415,0.25076993163938127,-0.10146680181627639,0.25,-0.23197573415674427
23.4,-3.067525749735145,1.076098975204478,1.211785721661821,0.2532177705586045,-0.0967254010805617,0.25,-0.23197573415674427
23.5,-3.0586408758717547,1.099945142062167,1.2015388291827733,0.24958924450799727,-0.11120526387982692,0.25,-0.22906070704364218
23.6,-3.0496481377465714,1.123695754214037,1.1903325055898242,0.24911440769412527,-0.1175814194682766,0.25,-0.22906070704364218
23.7,-3.0401112847680594,1.1472544237723734,1.1807822185487558,0.23612561898078424,-0.07945637970034607,0.25,-0.22454350791916428
23.8,-3.0304333047317704,1.1706409211129316,1.1704409878030082,0.24923728514860582,-0.10401994934006288,0.25,-0.22454350791916428
23.9,-3.0237979763690737,1.1863026189423038,1.1632131461305184,0.24634276338198027,-0.10813659589524413,0.25,-0.21805611190257249
24.0,-3.0135275474333207,1.2097858923416889,1.150872073627698,0.24434502994506047,-0.13836991168363394,0.25,-0.21158972503110507
24.1,-3.0030046040181166,1.2330797066044092,1.1388325790852176,0.2615124412057395,-0.09764172212988918,0.25,-0.21158972503110507
24.2,-2.9923007874854917,1.2561837257712747,1.1301398763873483,0.2373243596895167,-0.0803111998455394,0.25,-0.20762010662158698
24.3,-2.9814137786982666,1.2791634305413595,1.1223068617178997,0.23999316330939396,-0.07034995681686665,0.25,-0.20762010662158698
24.4,-2.9704162086255206,1.3014538136086555,1.115526247831405,0.24105506241213104,-0.07018835859184087,0.25,-0.19734366775360226
24.5,-2.9592389978327516,1.3238157910322008,1.108409933645978,0.2402925309742597,-0.06500557604065839,0.25,-0.1928536911624087
24.6,-2.9480108089127044,1.346569164723861,1.0999718034643475,0.24849867571182419,-0.09187789219498754,0.25,-0.1928536911624087
24.7,-2.93664267236678,1.3692687591671397,1.0907125279037362,0.24553222250391357,-0.09376247492100984,0.25,-0.19135182065380935
24.8,-2.925055703467622,1.3918537456334297,1.0814051477561362,0.24925754925395116,-0.09102400258363198,0.25,-0.19135182065380935
24.9,-2.9128966138013137,1.4147905609259335,1.0738757688045144,0.253622549225438,-0.06741781184409074,0.25,-0.19109249358959773
25.0,-2.900509450835677,1.4378809541559199,1.0672208097812341,0.2604719287408886,-0.06699648092307849,0.25,-0.19109249358959773
25.1,-2.887970308408944,1.4607437643485077,1.0601363617930741,0.24428851097278706,-0.07706515377357825,0.25,-0.18472296674782226
25.2,-2.875625458736182,1.482942111707077,1.0510601840364109,0.24230968122990973,-0.09014016926636988,0.25,-0.18426112113998033
25.3,-2.8631657139070508,1.5050327511601884,1.0415637473651882,0.25261812298731684,-0.09386861320660084,0.25,-0.18426112113998033
25.4,-2.8503743414789446,1.5268985141444487,1.0326452329183424,0.24408661512858446,-0.07079322258784503,0.25,-0.18318247275184185
25.5,-2.837459102569615,1.5482979165105433,1.0251019311347138,0.24099274670231677,-0.07358629191741149,0.25,-0.18318247275184185
25.6,-2.8287422569140936,1.5625835753767907,1.0203606279719806,0.24185771299126377,-0.062301962863860486,0.25,-0.17287458740287703
25.7,-2.8154464225521307,1.584051518293642,1.0132551206054994,0.24818650887324106,-0.06729072528552148,0.25,-0.17287458740287703
25.8,-2.8020578722820155,1.605653148222707,1.0054049915564307,0.24789103287812495,-0.08111471629838653,0.25,-0.17274759248345853
25.9,-2.7885328934807836,1.627151668484227,0.9973934206698868,0.2504907910272607,-0.0717626425233859,0.25,-0.17206745187539105
26.0,-2.7746443693495038,1.6486289028324603,0.9898158858349801,0.2589492594068578,-0.06649027024316705,0.25,-0.17206745187539105
26.1,-2.7603452920562557,1.6703989515919975,0.9827473788774739,0.258900658237532,-0.07251858048028215,0.25,-0.17131125039291065
26.2,-2.7459218075903897,1.6920857125288238,0.9760161337814947,0.2544476947207049,-0.06185569772197748,0.25,-0.17131125039291065
26.3,-2.7315261140843092,1.7132588428678306,0.9675044608871213,0.25162297184143656,-0.09304297461229245,0.25,-0.17200261914134823
26.4,-2.7171578150350197,1.734202054295685,0.9591860503852735,0.24828073014142826,-0.08071463725782675,0.25,-0.17083113489952875
26.5,-2.7027075055594834,1.7550265999511447,0.9506659119042111,0.25467795681820943,-0.08352607977175272,0.25,-0.17083113489952875
26.6,-2.688061777785868,1.7753519598957999,0.9440093389891961,0.24454933227797776,-0.06503316140371122,0.25,-0.16957353114100282
26.7,-2.6732413375781343,1.7954740221062389,0.9374952611674364,0.2493457218975201,-0.06620725138380024,0.25,-0.16957353114100282
26.8,-2.6582054321200177,1.8156955011007059,0.9309766560974783,0.24730471406158336,-0.06446279939431306,0.25,-0.16798206400706397
26.9,-2.6430296686707653,1.8361000442023718,0.9238026712279316,0.25063877423448533,-0.07419394870103915,0.25,-0.16798206400706397
27.0,-2.627666619673887,1.8563998721446024,0.9162873957824297,0.2485559479781914,-0.07484057186662449,0.25,-0.16723550249218655
27.1,-2.6119088538558524,1.8767604282175325,0.9089245865415317,0.2586452015233896,-0.07010830715601891,0.25,-0.16520378988685586
27.2,-2.6013139319666454,1.890404758692284,0.9045804382445798,0.2586175549888872,-0.06602602471070101,0.25,-0.16520378988685586
27.3,-2.585298971493305,1.9109157167999502,0.8979626551340039,0.24947710493166955,-0.06581491077164243,0.25,-0.1663411085890824
27.4,-2.569215497291825,1.9313019589722484,0.8912821906059989,0.25214339538261166,-0.06641135233703485,0.25,-0.1663411085890824
27.5,-2.55308092517682,1.9511758513983528,0.8836243389248696,0.25301083624939696,-0.08197988044886248,0.25,-0.16653043390998268
27.6,-2.5369985575613523,1.970813410359673,0.8759719845821666,0.24985029457184624,-0.06557971852699834,0.25,-0.16534301140895002
27.7,-2.520901484932613,1.9901593269975126,0.8687997321076072,0.25171669680548703,-0.06770849064601092,0.25,-0.16534301140895002
27.8,-2.504755739162042,2.009327730725485,0.8614534929074518,0.24614149455241288,-0.06592309428461161,0.25,-0.16486822998484116
27.9,-2.4882733597631455,2.0281891410012087,0.8547540177810573,0.24583715723585473,-0.06670940724851201,0.25,-0.16486822998484116
28.0,-2.4716447733605604,2.047209546377293,0.8479415752774178,0.24843613116225394,-0.0679714527650711,0.25,-0.16612652095740518
28.1,-2.454699088230988,2.0662794532260036,0.8408761129838654,0.24942710262937826,-0.06828276730033887,0.25,-0.16461573820790815
28.2,-2.437551468581216,2.085446663327679,0.8336329199118041,0.2599011573912446,-0.06435305076401071,0.25,-0.16461573820790815
28.3,-2.420041335908806,2.104504489333395,0.8266229279504979,0.2542305560064458,-0.07356598517535193,0.25,-0.1630962351968562
28.4,-2.40238415891507,2.123444401265215,0.8194267416066182,0.25882224542317034,-0.07106297000385904,0.25,-0.1630962351968562
28.5,-2.384653793579894,2.1423637138769127,0.8125206406672542,0.25325876908244266,-0.06245539292782102,0.25,-0.15629341598627153
28.6,-2.367010619754179,2.1609356795988215,0.8060286705250959,0.25324827096877905,-0.06311916139304609,0.25,-0.1588048023561041
28.7,-2.3493154996881045,2.1792601908223252,0.7995359788402524,0.2475759063251859,-0.06283095206893012,0.25,-0.1588048023561041
28.8,-2.3317189544469357,2.1973118004587944,0.7927528494586767,0.24677687364758027,-0.06839879718629584,0.25,-0.1632660262305591
28.9,-2.3200192498662586,2.2092958927422552,0.7880399415993521,0.24475529399916032,-0.06965619792959349,0.25,-0.16547091972829114
29.0,-2.3025650584685726,2.227203839075835,0.7810117977736459,0.24148721357623149,-0.06906465611525243,0.25,-0.16547091972829114
29.1,-2.2847518599828747,2.244911979081988,0.7742782752280168,0.2491065345787509,-0.06826199534380893,0.25,-0.16282623644012728
29.2,-2.266449617464362,2.262886561117873,0.7668795363408157,0.24522335688865196,-0.07034210808350805,0.25,-0.16282623644012728
29.3,-2.2480042938966176,2.2807781282708794,0.7597250125379134,0.2517045966437866,-0.07084325395256648,0.25,-0.16760379824759025
29.4,-2.229114919025054,2.2985489304529607,0.7520908833750344,0.2551618412972119,-0.07102426319605573,0.25,-0.16745323185780295
29.5,-2.210044095323794,2.3160956226024343,0.745071826559207,0.2546528273100761,-0.0715199870352684,0.25,-0.16745323185780295
29.6,-2.1908114697485646,2.3335016142159613,0.7380617873490394,0.2589455260437357,-0.06719238938387934,0.25,-0.16706892739711654
29.7,-2.1717997538028424,2.350669550923986,0.7309922911329684,0.2530455721028854,-0.06903182783610706,0.25,-0.16706892739711654
29.8,-2.1527515938669572,2.367652821014589,0.723962199880938,0.2538608579717911,-0.0704927587078421,0.25,-0.16998974727271565
29.9,-2.133598639332626,2.384424313887858,0.7168236277395232,0.2478222451465208,-0.06889952001793528,0.25,-0.16998974727271565
30.0,-2.114706591962633,2.4009983582358365,0.7097219972258982,0.24266839605368623,-0.06974805652572054,0.25,-0.17202595568305523
30.1,-2.0957800415396624,2.417406690225009,0.7026895438247047,0.2446851283027164,-0.06656663995513831,0.25,-0.16939614339706843
30.2,-2.076822907009021,2.43369695787327,0.6958205473412024,0.2526689676868464,-0.0659746662359682,0.25,-0.16939614339706843
30.3,-2.0572856387410003,2.4498824624963156,0.688008527223128,0.2481280119124045,-0.0775413359507002,0.25,-0.1728491196233256
30.4,-2.0374966834831376,2.466292278290157,0.6800193457448522,0.25569405049811766,-0.08172374056738374,0.25,-0.1728491196233256
30.5,-2.0241383721721147,2.477120557715649,0.6748906882532226,0.25086908027914673,-0.07483502179361468,0.25,-0.17175490622076767
30.6,-2.003726439620291,2.4931527844421275,0.6679497975534737,0.25841838864749084,-0.06810790209358088,0.25,-0.17175490622076767
30.7,-1.9831517700450858,2.5090339802573496,0.6611693776169535,0.25507117818352926,-0.06740912664530004,0.25,-0.16985812382135174
30.8,-1.9627882530180754,2.5248076756919047,0.6544465274567508,0.24796191411060947,-0.0711354661962882,0.25,-0.171331687339354
30.9,-1.9424975136815383,2.5403194150038075,0.6472012291207612,0.2535643287026428,-0.07253478032533939,0.25,-0.171331687339354
31.0,-1.9220982903049377,2.5556660207070943,0.6398265887114676,0.25247197761833207,-0.07169695646392175,0.25,-0.17344510117319978
31.1,-1.9017261573756405,2.5707199263314395,0.6325516567870823,0.2481828877015571,-0.06785555826966144,0.25,-0.17344510117319978
31.2,-1.881485345830555,2.585612237754851,0.6257895322009742,0.2451419310849952,-0.06349777960147555,0.25,-0.17023718916778208
31.3,-1.86130017984952,2.6003599777922797,0.6192459859521394,0.24131855545737982,-0.06467651030612051,0.25,-0.17023718916778208
31.4,-1.8406996279121242,2.6151468684359287,0.6122258358323462,0.2556395924978663,-0.07204498814210984,0.25,-0.17283282988091733
31.5,-1.8198773550941858,2.6298664721400575,0.6048332284831303,0.2557926989462932,-0.07625081328527306,0.25,-0.16642444212477397
31.6,-1.7987719079827622,2.6445093304361107,0.5971362508660577,0.25825538096255585,-0.08357456826557096,0.25,-0.16642444212477397
31.7,-1.77721958137857,2.6589638857132596,0.5895793950880216,0.2559900266985593,-0.06253519750485731,0.25,-0.17007911067913772
31.8,-1.7555640130674552,2.6732561345108055,0.5829728223665382,0.25924367523045655,-0.06344372632186925,0.25,-0.17007911067913772
31.9,-1.734093950139488,2.6873504425530323,0.5764725271588756,0.24450601645575284,-0.055633768638924455,0.25,-0.16888081114933257
32.0,-1.7126708770243781,2.7012313461242248,0.5695979599988538,0.25128314654415757,-0.07215704494683806,0.25,-0.1683235958878223
32.1,-1.691181783655304,2.714954745679763,0.5621043513956947,0.2515724985843921,-0.07129338319289022,0.25,-0.1683235958878223
32.2,-1.6768180940481596,2.723983268405488,0.5570911146006655,0.25128986643394047,-0.06920942128551355,0.25,-0.17058050122349155
32.3,-1.655429317978135,2.737301139410446,0.5503798276395052,0.2507744784693099,-0.05829256985206563,0.25,-0.17058050122349155
32.4,-1.634135801322962,2.750462509429155,0.5442718201979886,0.23915288486670028,-0.06148105204414805,0.25,-0.17475992280661318
32.5,-1.6124830596971167,2.7635862524545005,0.537758469560721,0.25292491877757484,-0.06664200995327965,0.25,-0.1722074769565349
32.6,-1.5906116797266094,2.77658421477726,0.5309961100265594,0.24818818314606383,-0.07694072359683003,0.25,-0.1722074769565349
32.7,-1.5686492707311706,2.7894214880169304,0.5221904723451819,0.2542680196630592,-0.08679714742212224,0.25,-0.17843731698956372
32.8,-1.5463231723256619,2.8022255049781744,0.5144075255728372,0.2516731586338146,-0.07373491752676506,0.25,-0.17843731698956372
32.9,-1.524277524763833,2.8148451130898513,0.5069463982127029,0.2525718780894136,-0.07715956902775674,0.25,-0.17727933287462905
33.0,-1.5021899222588921,2.8271229398983753,0.49928572181020947,0.24591750404776558,-0.0714443310526824,0.25,-0.17820951932445234
33.1,-1.47973889198561,2.839271811379206,0.4927465253198956,0.25034287320670473,-0.06112762942657843,0.25,-0.17820951932445234
33.2,-1.457219841288419,2.8512948760734975,0.48638818029660336,0.2549397365459417,-0.05786210591272066,0.25,-0.17861366921640773
33.3,-1.4346219964007818,2.863259176661106,0.47923470561659076,0.254032662795103,-0.0746964558728827,0.25,-0.17861366921640773
33.4,-1.411861888041773,2.8749122633030835,0.47159708788302085,0.25220870565728315,-0.07448151979443865,0.25,-0.18209468966588077
33.5,-1.3888151200541836,2.886690007571702,0.46347534576502364,0.25926102573371,-0.08060910883372358,0.25,-0.1870029850225074
33.6,-1.3658405741902606,2.898088300507256,0.4541975014087667,0.24340650237166375,-0.0864698904434814,0.25,-0.1870029850225074
33.7,-1.3431583448234141,2.909243593421728,0.44724814584726874,0.241552254083059,-0.06324900460790206,0.25,-0.18690926772980065
33.8,-1.327908504603596,2.9165944911613897,0.44290959521393675,0.24351353002152973,-0.06345842879537497,0.25,-0.18690926772980065
33.9,-1.30493602956453,2.9275037586013335,0.4363581966968312,0.2546205533472768,-0.06768486011015755,0.25,-0.17633680066418464
34.0,-1.2820748453843152,2.9381271854624957,0.4287353448520304,0.2545205798665819,-0.08282223234883893,0.25,-0.17633680066418464
34.1,-1.2591361389008306,2.9485188838194385,0.4204214275567573,0.2446717719091419,-0.07979319670093901,0.25,-0.17563603026088975
34.2,-1.2359193200509475,2.9588636556263235,0.4130530541848786,0.24860769511115652,-0.05663051821026164,0.25,-0.17532315316355024
34.3,-1.2125284154561518,2.969046986004544,0.40711561726087586,0.24687405637533616,-0.0570548793179202,0.25,-0.17532315316355024
34.4,-1.1891422129244789,2.979081572955757,0.40137013754858536,0.24681000170071932,-0.056168153054125744,0.25,-0.17723065350423317
34.5,-1.1655250956273713,2.989105314601738,0.395028831751229,0.2504252679269798,-0.07801916227710218,0.25,-0.17723065350423317
34.6,-1.14163224493064,2.9991071764498587,0.3870902618156567,0.25740030423712396,-0.07077027492334254,0.25,-0.1750985050180966
34.7,-1.117659731231153,3.0087783548661258,0.3801212886486182,0.247085405497715,-0.061677643006364184,0.25,-0.17687579991163835
34.8,-1.0939723408457105,3.0181713490498683,0.37368535844817713,0.24957145682910115,-0.05605206243974395,0.25,-0.17687579991163835
34.9,-1.0702819774116301,3.027413049551817,0.3681048814433417,0.24379701471395893,-0.05479704094686182,0.25,-0.17452501487324706
35.0,-1.0467929701758174,3.036561996429713,0.36250545671080603,0.25116909153241956,-0.057703313862748996,0.25,-0.17452501487324706
35.1,-1.0233813803027272,3.045477055371358,0.3556061276109861,0.24927195195499946,-0.07736416360600924,0.25,-0.18270182374632743
35.2,-0.9997423445343915,3.054152050374198,0.3470988114814923,0.24305729936139492,-0.07779723352571141,0.25,-0.18270182374632743
35.3,-0.9759071915987632,3.0627209136843856,0.338817244676032,0.2493870271774878,-0.07183466853889944,0.25,-0.19214946193599897
35.4,-0.9517491330484461,3.071135706064209,0.33259526334199274,0.2530258456486756,-0.05834743177293762,0.25,-0.1927448740317429
35.5,-0.9356380623601063,3.076676115668766,0.32854375650187023,0.24220546259959386,-0.059633066699069495,0.25,-0.1927448740317429
35.6,-0.9113495848821811,3.084934570833721,0.3224485512280101,0.25417162481666983,-0.06480851344361367,0.25,-0.1965428241093805
35.7,-0.8867382403442389,3.0933526750827745,0.314828099708978,0.25480447714091153,-0.07967122609863385,0.25,-0.2040805982772323
35.8,-0.8621209274211795,3.101542403181142,0.30624554740027554,0.24495437960400332,-0.09247253062535635,0.25,-0.2040805982772323
35.9,-0.8376040983873269,3.1092424496466213,0.29596375621960125,0.2600293722201624,-0.10605459927495502,0.25,-0.20322806636543939
36.0,-0.8131430417821367,3.1165896801842505,0.28727465408895886,0.2487769315580064,-0.060218353514392156,0.25,-0.20322806636543939
36.1,-0.7888996534981199,3.123780865553316,0.28140085285144406,0.24784313447585107,-0.05524707808729918,0.25,-0.2029359962194234
36.2,-0.7650245892040661,3.1308352571127984,0.27576684221649644,0.24687544288038699,-0.06622582007438788,0.25,-0.20814392931025827
36.3,-0.7409524009131765,3.1374990600627224,0.2671167661885896,0.24079399262350987,-0.09539897150828736,0.25,-0.20814392931025827
36.4,-0.7167169141084584,3.144085705646427,0.25747434760651794,0.244443560496127,-0.0971447124238307,0.25,-0.20947789765956987
36.5,-0.6921264270969353,3.1504796629435057,0.24851097610292325,0.25494728194459776,-0.06945121661778805,0.25,-0.20947789765956987
36.6,-0.6673927156783047,3.156712698349897,0.24223197481712508,0.2540248667890997,-0.06640953223241675,0.25,-0.21170629544538608
36.7,-0.6421537047936434,3.1627991939703906,0.23635042684038302,0.2531266838267866,-0.049282379693773894,0.25,-0.21170629544538608
36.8,-0.6163624546519666,3.168853558637891,0.23155686489511723,0.2599532097694196,-0.058834164986996285,0.25,-0.20853616199081781
36.9,-0.5909639412373618,3.174747948854646,0.22406839095562214,0.25901643171443883,-0.07483445259376634,0.25,-0.20927563883556077
37.0,-0.5656831374327029,3.1804125919273853,0.21523386704376576,0.24084559423266055,-0.09681798884864494,0.25,-0.20927563883556077
37.1,-0.5489683331477324,3.1840469711843418,0.20775412322107983,0.26077969899270764,-0.08354457593987925,0.25,-0.21235733816715108
37.2,-0.5239816745757617,3.189243068855952,0.20031768498793623,0.25432629214794217,-0.10827076742310339,0.25,-0.21235733816715108
37.3,-0.49935614538332485,3.1942437262176244,0.19102596876534297,0.23973223795986492,-0.06460327448254154,0.25,-0.20604440430211565
37.4,-0.47504673707460565,3.1990483920257113,0.1856468500560578,0.23782944464452974,-0.0472247774360549,0.25,-0.20516294503071236
37.5,-0.45088204294077705,3.2036344206660274,0.18112991268968265,0.24000878718770505,-0.04850969758671733,0.25,-0.20516294503071236
37.6,-0.42621405495258813,3.208144689306206,0.1737783822897843,0.2491673532189957,-0.09116252502213941,0.25,-0.2091470357688923
37.7,-0.4010425894431467,3.2124505628112323,0.16503548756677489,0.2588721649974273,-0.0948854571773124,0.25,-0.21031900946894255
37.8,-0.3757362433133434,3.216544143733621,0.15576522895307326,0.2599147721551013,-0.09651312766623396,0.25,-0.21031900946894255
37.9,-0.3499549444001456,3.2204309973664644,0.1471336910477327,0.2487876175861375,-0.05511355431318707,0.25,-0.2084395428433553
38.0,-0.3238069213458985,3.2241947660032118,0.14247688465931616,0.2593917310649143,-0.0452259334092154,0.25,-0.2084395428433553
38.1,-0.2978575640562714,3.2278130581614835,0.1376857296355897,0.2617116409128306,-0.039108821425441184,0.25,-0.1917364655970708
38.2,-0.2723360738443447,3.2313892490583385,0.131593198439101,0.2460727202356163,-0.07627598961496403,0.25,-0.1917364655970708
38.3,-0.2470073260081062,3.234655920128854,0.1240597314849413,0.24725844154299667,-0.07198112405536974,0.25,-0.18516882221394476
38.4,-0.22194858415948474,3.237737250780282,0.11566431732413918,0.24166884915930353,-0.08581338956598518,0.25,-0.17414461669699477
38.5,-0.19698063924586512,3.2405951264521646,0.10940699455820795,0.24662773289179576,-0.043633992763616576,0.25,-0.17414461669699477
38.6,-0.17212278177561238,3.2433249201747145,0.10505116430588998,0.2439891348326627,-0.03691080488460705,0.25,-0.16673541920686413
38.7,-0.1472642540475528,3.2459728739787472,0.10111631848855161,0.24486767846113683,-0.03997583888166641,0.25,-0.16673541920686413
38.8,-0.1303452605493879,3.24766627711377,0.09798997825529124,0.2584422650670392,-0.052489235925391425,0.25,-0.15441478649682103
38.9,-0.10482317042236533,3.250122104680105,0.09227699695455344,0.2433807460410621,-0.05164883795750488,0.25,-0.14794634964294737
39.0,-0.07910779798690078,3.2524754284317554,0.08696243576047434,0.25351786365449097,-0.039387322936874365,0.25,-0.14794634964294737
39.1,-0.05309468681267501,3.254670458872297,0.08368890510055495,0.24535019835359237,-0.04144805123262739,0.25,-0.14123792592941006
39.2,-0.027211582648093376,3.2568503101550825,0.08035668070596366,0.25215318455174673,-0.03161108081693966,0.25,-0.14123792592941006
39.3,-0.001607521600532547,3.2589259753884927,0.07620758242751396,0.2538965379605617,-0.046371825702144626,0.25,-0.13390801677761122
39.4,0.02390832897668964,3.260851344592666,0.07128860797710193,0.24851926097814964,-0.04891387583725792,0.25,-0.13390801677761122
39.5,0.049271110599917074,3.2626137114540956,0.06650194141301481,0.24430162961857516,-0.046014472600661806,0.25,-0.12764549230323305
39.6,0.07451255931250436,3.2642705361931523,0.06182070563820139,0.24326982885842577,-0.03728721674803489,0.25,-0.12764549230323305
39.7,0.0997402834180302,3.2658172400055174,0.05833947448066639,0.24872520408633145,-0.03214364854201183,0.25,-0.11747678624742652
39.8,0.12494666719407851,3.267265866306213,0.055411396754021014,0.2463595778684677,-0.02935585446985222,0.25,-0.10744495761782166
39.9,0.1503804819527735,3.268648583924595,0.05210610293584073,0.2529485968607258,-0.0361811120046567,0.25,-0.10744495761782166
40.0,0.17588616812064228,3.2699264505576684,0.048144107991723355,0.25323981728286377,-0.04262830976621531,0.25,-0.10521681945325918
40.1,0.20153259328831552,3.2711302118026095,0.04373845753093933,0.2528737027870788,-0.04911383493751336,0.25,-0.10521681945325918
40.2,0.2273400988578357,3.272253959204922,0.04119096656735866,0.2520899752309484,-0.022472704443901138,0.25,-0.09793889684869483
40.3,0.25301749904180443,3.2733105001082787,0.038643980352947735,0.25293689023095856,-0.02393195640469177,0.25,-0.09793889684869483
40.4,0.27011126450892264,3.273972552287043,0.03700594942460994,0.252762110306657,-0.026887251035744197,0.25,-0.08802872858833355
40.5,0.2955890302958549,3.274911883838032,0.03430638274095925,0.25013968977785495,-0.019261899764942636,0.25,-0.0833869475129858
40.6,0.3210806280624118,3.275790755366352,0.031741435749657265,0.24825277682603475,-0.027765962177358765,0.25,-0.0833869475129858
40.7,0.34648152129485593,3.2765571843278574,0.029014395399610295,0.2534219618494967,-0.02061809315914694,0.25,-0.08082356353833482
40.8,0.37181165591810605,3.2772612360903786,0.02712536830699784,0.25200013489643097,-0.018269701640466054,0.25,-0.08082356353833482
40.9,0.39717087162902664,3.277924464663517,0.025210990397920456,0.24979408009453516,-0.018565837830532516,0.25,-0.07545210400293711
41.0,0.4225608894540399,3.2785417622109483,0.02357013325835439,0.2485254622959998,-0.017933757086501686,0.25,-0.07120149901266078
41.1,0.4480625621448485,3.279133971229387,0.021607826245278707,0.24835972860332997,-0.017052003830940146,0.25,-0.07120149901266078
41.2,0.47355965125090244,3.2796719025617955,0.019832753142552333,0.25167622458084565,-0.020995562917518883,0.25,-0.06822587550851031
41.3,0.4991730576902287,3.2801695469606216,0.01819418612198967,0.2532450816976175,-0.012970962992657825,0.25,-0.06822587550851031
41.4,0.5248108322452103,3.2806439647734797,0.016680959545858583,0.25229460584683844,-0.016455135102600583,0.25,-0.06357649476703317
41.5,0.5504550626624403,3.2810666432318616,0.015230806520015317,0.250387639858894,-0.015198837965156394,0.25,-0.06187017324855322
41.6,0.5759594975525627,3.2814606209171266,0.013128497488321495,0.2512590004507837,-0.019983049743053115,0.25,-0.06187017324855322
41.7,0.6014589376602848,3.2817907392893635,0.011091031745051685,0.25045730572282593,-0.016746174752461273,0.25,-0.05819928788610418
41.8,0.6269768485191827,3.282058550680848,0.009185842865191234,0.25000790018307933,-0.018024064371906626,0.25,-0.05819928788610418
41.9,0.652409564378525,3.2822659135828265,0.007714827285945733,0.24875523400350372,-0.011650196670148404,0.25,-0.05307077822342736
42.0,0.6778318452690046,3.282429462825485,0.006470516781558064,0.24715429496930555,-0.0113356622182262,0.25,-0.04934518502023941
42.1,0.6947936538643691,3.2825278130896143,0.005728204332975532,0.24843043411525176,-0.010335316599047451,0.25,-0.04934518502023941
42.2,0.7203072486327687,3.2826635672758133,0.004375043577096668,0.25320377767502134,-0.013971260225840392,0.25,-0.04822935867706721
42.3,0.7458279510370461,3.2827778151614058,0.0029209937729041363,0.2516533643474411,-0.013258053714393987,0.25,-0.04822935867706721
42.4,0.7713624214344323,3.2828312701557816,0.001580638393435239,0.2502891151352156,-0.011501773533541641,0.25,-0.044172480456806294
42.5,0.7969387424950201,3.282885776256623,0.0006512948631544961,0.2503981175444047,-0.008506714840561098,0.25,-0.03863634127636655
42.6,0.8224938343721535,3.2829151697873535,-0.0003326080741536744,0.25218329315209503,-0.007787232041834957,0.25,-0.03863634127636655
42.7,0.8480155803787515,3.28290270953022,-0.0012859645106234573,0.2515476884175524,-0.01395002250664717,0.25,-0.037887150218314326
42.8,0.8735133019945506,3.2828452940859805,-0.0024425568076213455,0.25009199023339695,-0.010770696347632846,0.25,-0.037887150218314326
42.9,0.8990188887381926,3.282763613102913,-0.003558012837034826,0.25009686282650906,-0.008330069928220968,0.25,-0.03599413514411644
43.0,0.9244865654256612,3.2826573562792287,-0.004455176076914587,0.24905376299913767,-0.007416904577235871,0.25,-0.03599413514411644
43.1,0.9499709188415064,3.2825173263169565,-0.005255530089811979,0.24912604304755295,-0.006707098507138996,0.25,-0.031511345955997555
43.2,0.9754389681136957,3.2823673385977816,-0.0059515795031874754,0.24773889541218705,-0.005911584975444383,0.25,-0.02802109100660876
43.3,1.0009542174357287,3.2822119168035297,-0.006643613643529129,0.25104789439166,-0.007956589434667354,0.25,-0.02802109100660876
43.4,1.0264553736087845,3.2820356409195908,-0.007430089507986209,0.24937682125060454,-0.007028244441327566,0.25,-0.02625606453122174
43.5,1.0519650842412418,3.2818345271836864,-0.008212366061110865,0.25003152924506966,-0.006902965569198107,0.25,-0.02625606453122174
43.6,1.0775172575163625,3.2816190757963795,-0.008793888042006988,0.2513260177808995,-0.005705455397941699,0.25,-0.024060484391436064
43.7,1.094540928474466,3.281477438119099,-0.009159230701396126,0.2502509950208337,-0.005877309364508698,0.25,-0.024060484391436064
43.8,1.120062870314383,3.2812476178046777,-0.00968527142389584,0.2500825112570048,-0.00467978673469525,0.25,-0.02257262523035918
43.9,1.1455687094544995,3.280999641391466,-0.010363094234054215,0.2502146446504654,-0.008283261473779955,0.25,-0.01889274374563359
44.0,1.1710659287767464,3.2807333549460465,-0.010969476495586591,0.25012286329910133,-0.00446418641765932,0.25,-0.01889274374563359
44.1,1.1965631061953963,3.2804523280041904,-0.011451629950483612,0.24911422385295826,-0.005312225702811263,0.25,-0.018933820846340974
44.2,1.2220559784228318,3.280146144948196,-0.011883612262133764,0.24975687263396593,-0.004211659905656596,0.25,-0.018933820846340974
44.3,1.2475499348799586,3.2798327936835165,-0.012255719646786357,0.25102672841702595,-0.0024166010534389794,0.25,-0.015783298457943656
44.4,1.2730523214451552,3.2795177380041785,-0.012584291380754176,0.249548323352888,-0.003641510412533701,0.25,-0.013018216680863896
44.5,1.2985519356580641,3.2791920402302424,-0.013092060600199573,0.25044823661566334,-0.005613503525025373,0.25,-0.013018216680863896
44.6,1.3240600593739886,3.278854566614452,-0.013645237348936226,0.2492586332968742,-0.003878618563865032,0.25,-0.011760738411305524
44.7,1.349585499777081,3.2785095076991797,-0.01391982662781422,0.25100825908680174,-0.002229068370401084,0.25,-0.011760738411305524
44.8,1.3751060249655875,3.278154980889264,-0.014144075774959334,0.2503593004059487,-0.001821363461890722,0.25,-0.00980397894189966
44.9,1.400615465092346,3.277795565842142,-0.014315049787834731,0.24976251897621138,-0.002356257500152466,0.25,-0.008213041328380959
45.0,1.4261218705985292,3.2774329014908914,-0.014630645157639125,0.25027221928883264,-0.004909644107810836,0.25,-0.008213041328380959
45.1,1.4516250012937073,3.2770531977165516,-0.015158124683792419,0.25001617897823486,-0.0077066616164838215,0.25,-0.006798410663412895
45.2,1.477128999340699,3.27666264499943,-0.015451674837089379,0.24967068187708025,-0.0024475730080856153,0.25,-0.006798410663412895
45.3,1.5026314021250138,3.2762615888042603,-0.015567884373220051,0.249959856243086,-0.0006183880437845911,0.25,-0.0067428883327534245
45.4,1.5196352669032132,3.2759946790324532,-0.015601613757523062,0.25023939969396103,-0.0008612173573405136,0.25,-0.0067428883327534245
45.5,1.5451343027242652,3.2755951872077036,-0.015630572242889572,0.25017118134465643,-0.00025113652649606636,0.25,-0.003815272205548257
45.6,1.5706384236385234,3.2751979924812713,-0.0157687106876281,0.25030889386529226,-0.0012732039005355748,0.25,-0.0027720895301323115
45.7,1.596144113205694,3.2747955259313146,-0.015916817390613187,0.2502075587064294,-0.0014872270055203576,0.25,-0.0027720895301323115
45.8,1.6216511236413216,3.2743878721158364,-0.01605590818329838,0.25039308883900213,-0.0005599802206327961,0.25,-0.0023709676894917257
45.9,1.6471540722963263,3.273980197896394,-0.01603369936207596,0.25000952880667693,6.956045059169685e-05,0.25,-0.0023709676894917257
46.0,1.6726573397770157,3.2735746953166456,-0.01596774038964931,0.2501812552983577,0.0008164105211231449,0.25,-0.00039332833932436903
46.1,1.698159365232037,3.2731683105946936,-0.015907151363292966,0.25008959246713125,6.7382135930151464e-06,0.25,5.0555715533560225e-05
46.2,1.7236652863356687,3.272763225129131,-0.016040089574220984,0.24980865910748032,-0.0026193555204639596,0.25,5.0555715533560225e-05
46.3,1.7491703146424376,3.272354516227796,-0.016183870081014063,0.25029214540882166,-0.0011984198043004785,0.25,0.000826815766235214
46.4,1.7746771004023225,3.2719401320688997,-0.016168794234965034,0.24984963954920197,0.0017424163934148889,0.25,0.000826815766235214
46.5,1.8001894100809803,3.271528717410477,-0.01602727156829492,0.25016587091467685,0.001021189027952059,0.25,0.0019081461449073512
46.6,1.8256980017193318,3.2711192404343987,-0.015888552803150484,0.250027050624165,0.0010724233536245256,0.25,0.003755908762901312
46.7,1.851201249896801,3.2707172442042283,-0.015837565996729284,0.25009879329466,-0.0010321966842243564,0.25,0.003755908762901312
46.8,1.8767079820324855,3.2703107657001587,-0.015877223928211164,0.2500075760166779,2.4154372967223e-05,0.25,0.0025552339553116133
46.9,1.9022157402832272,3.2699051717628556,-0.01586185905882774,0.25032103116981413,0.0007867510196853374,0.25,0.0025552339553116133
47.0,1.9192126591524037,3.2696343322158823,-0.015760053404337282,0.25029828398088383,0.0020854628730318857,0.25,0.003205107977776024
47.1,1.9447070609213668,3.269238606931977,-0.01555720096629004,0.24976025968598914,0.002148743682100546,0.25,0.004279519545014286
47.2,1.9702062850508149,3.268841648854242,-0.015296314868049592,0.2500261622273105,0.0016935994474323814,0.25,0.004279519545014286
47.3,1.9957140519721137,3.2684581600314657,-0.015268078750460044,0.2499465145971,-0.00038694271340861813,0.25,0.004285627269730508
47.4,2.0212212116902326,3.2680678191207977,-0.015280944806880411,0.24979549917637708,-0.0011121733455638635,0.25,0.004285627269730508
47.5,2.0467267215622136,3.267677772481313,-0.015406828116238567,0.24990447958838383,0.0017629287711116168,0.25,0.005795570077917027
47.6,2.072242952428954,3.2672856411852793,-0.015141462586851477,0.2499762645717908,0.003180777647606503,0.25,0.006805981498267941
47.7,2.097760609391751,3.2669016945455773,-0.01485661329082483,0.2504155873372212,0.00331282830810232,0.25,0.006805981498267941
47.8,2.1232632465028933,3.266526838932841,-0.014679651999168647,0.25016252484289525,0.0007265539609599588,0.25,0.00622010771853496
47.9,2.1487672368217052,3.26615324048421,-0.01469230334626875,0.2500768982405443,0.0003913623562149454,0.25,0.00622010771853496
48.0,2.1742741835168022,3.2657793133956012,-0.01463349066991799,0.2497564282342424,0.0005510012609067819,0.25,0.006846722172714894
48.1,2.199765549177378,3.265408815193495,-0.014411404346696617,0.24971316706312735,0.0037593306168970703,0.25,0.006846722172714894
48.2,2.225250476361403,3.2650475676001642,-0.014127012679135218,0.24984020613713587,0.003096951438560892,0.25,0.007118047127784326
48.3,2.2507391899866365,3.264697154405959,-0.013798788220105522,0.2502683977695983,0.003512712155863696,0.25,0.007118047127784326
48.4,2.276240678991791,3.2643463410318754,-0.013699193016693829,0.249452372548176,0.00034641695564210814,0.25,0.007387318058568872
48.5,2.301752927226335,3.2639967418076656,-0.01371699140517445,0.2505387692875953,0.0010049036420402703,0.25,0.007411638070624352
48.6,2.3272586113112625,3.2636450317122256,-0.013713961173198305,0.25072315628793324,0.0014337363845923397,0.25,0.007411638070624352
48.7,2.3442691948666576,3.263416102164719,-0.01352655731717055,0.24975017120666165,0.0026621250911089624,0.25,0.007558103122308691
48.8,2.3697890274273696,3.263071681869093,-0.013201718412979365,0.25050783787300684,0.00325190310744119,0.25,0.007558103122308691
48.9,2.395297141521873,3.2627387225858,-0.012870028181725114,0.2501659468463771,0.0022910963734035575,0.25,0.009108112130416686
49.0,2.420800825915213,3.262412640890739,-0.012756391776740827,0.2495815449528272,0.0012142560793643195,0.25,0.009101108865331704
49.1,2.4463057713366054,3.2620882656471784,-0.012618623757551286,0.24967822739535472,0.001969373485896392,0.25,0.009101108865331704
49.2,2.471802230975638,3.261767047131149,-0.012446969040446785,0.24969063430279395,0.003862208209357501,0.25,0.00972956294256277
49.3,2.4972856096284293,3.261455952192393,-0.01208842909944378,0.2498543462296322,0.003841418990941753,0.25,0.00972956294256277
49.4,2.522766574605655,3.261155041233783,-0.011648461440049277,0.25032636512145545,0.004823266055775851,0.25,0.010086796277984042
49.5,2.5482687061492912,3.260865821179382,-0.01133292364956594,0.2501526267957031,0.0016355844154535583,0.25,0.010086796277984042
49.6,2.5737785096853494,3.2605795802843613,-0.01119216097223615,0.24976889961640453,5.015747182231972e-05,0.25,0.008853406940115115
49.7,2.599285627298875,3.2602930224461013,-0.011136720435758387,0.25060818509934024,-1.787036095050103e-05,0.25,0.00903596036171301
49.8,2.6248035207596416,3.260014231290065,-0.010910321031584413,0.24964630530958273,0.0033441934163212813,0.25,0.00903596036171301
49.9,2.650327596856113,3.259739446563712,-0.010529072888238148,0.24998021196140358,0.004245294123241978,0.25,0.00910485519773575
50.0,2.6758463862253197,3.2594735698261332,-0.010198855267862154,0.24974765355640108,0.003088321498974498,0.25,0.00910485519773575
50.1,2.701345443825395,3.259215221155893,-0.010058587813945946,0.24953543587464722,0.0010765995416032995,0.25,0.008697613907553579
50.2,2.7268620203009433,3.258960807497644,-0.00993991892692036,0.2505424732377478,0.0008468421091378928,0.25,0.008697613907553579
50.3,2.743864619351529,3.258792839175336,-0.009870994083608899,0.25035716390031165,0.0008766002084446407,0.25,0.008747483327111583
50.4,2.769354493454665,3.2585455541640824,-0.009592050635220282,0.25061129388576364,0.003232068682282876,0.25,0.00840916538974261
50.5,2.7948450572463623,3.2582980162177817,-0.009278630836966362,0.2505064805715792,0.002854716358776768,0.25,0.00840916538974261
50.6,2.820341845926147,3.258070104321138,-0.008969299853812148,0.25007157464606866,0.001581291278105425,0.25,0.008174312632547752
50.7,2.845843747421029,3.2578438179334257,-0.008918223793304371,0.24995591033989767,0.0006589509763441602,0.25,0.008174312632547752
50.8,2.871349040331973,3.257617509358132,-0.00883769283545099,0.249577284531293,0.0016449182850117431,0.25,0.008839307216593298
50.9,2.896861740413066,3.2573932295701544,-0.008714488434774825,0.25056783173358393,0.002801449658641809,0.25,0.008839307216593298
51.0,2.922387682690341,3.2571707003426473,-0.008366761684162864,0.25066917931484967,0.0028763584925223878,0.25,0.008883433171120397
51.1,2.947909839969285,3.256959520510602,-0.007984716748995797,0.2506699879079798,0.0042913969726328565,0.25,0.008883433171120397
51.2,2.973411390843871,3.2567597971488618,-0.00780263772577625,0.24949180063891296,0.0007876797850307453,0.25,0.008238455536401158
51.3,2.998918875314392,3.2565622621490546,-0.0077487731975173675,0.2501974697190549,0.0008543636837427261,0.25,0.008226592978254399
51.4,3.024432023197148,3.2563667966144894,-0.007621371071864339,0.2504417934982407,0.0014350286819860524,0.25,0.008226592978254399
51.5,3.0499216992337788,3.2561727772544473,-0.007361398024761059,0.24979267997731802,0.003040123437269985,0.25,0.008370220416789198
51.6,3.0754068262011356,3.2559900464495195,-0.007064215657287552,0.2494909894278784,0.0028512025152564045,0.25,0.008370220416789198
51.7,3.100899138086829,3.255813854413345,-0.006784156168795616,0.24980973071092458,0.0018705240694277146,0.25,0.0073794775926925675
51.8,3.1264068177344995,3.255640536660994,-0.0067343766705747704,0.2500688702172869,0.00011378830848540423,0.25,0.0073794775926925675
51.9,3.1434137412065914,3.2555262773432787,-0.00673170816546212,0.2500927529246308,2.501953209671981e-05,0.25,0.006804144013144955
52.0,3.168924923237022,3.255354479279694,-0.006724713419378703,0.2500860940237406,7.054092336715475e-05,0.25,0.004257818057583455
52.1,3.194441436183862,3.2551843330890566,-0.006599635370628613,0.25039674233918097,0.003013268443106724,0.25,0.004257818057583455
52.2,3.2199579546554036,3.255021096219695,-0.006359374323055802,0.24971135830072935,0.0027704482121744135,0.25,0.005115481195648742
52.3,3.2454689768893914,3.2548620591748336,-0.006092913666606769,0.2502067287786326,0.001368507860156375,0.25,0.005115481195648742
52.4,3.270977685138129,3.2547076385055473,-0.006096883988925714,0.2503136797380986,0.0005953304819825441,0.25,0.0034408867558470557
52.5,3.296487346421433,3.254557783545271,-0.006080120612287052,0.250341981095441,0.0005523522026970872,0.25,0.0007390215544634086
52.6,3.3219970191767367,3.254405130785,-0.006040273193542982,0.24999180563687015,0.0008499609236981912,0.25,0.0007390215544634086
52.7,3.3474993771775297,3.254254140922173,-0.005907362672542484,0.2498941550410236,0.001970245165646826,0.25,0.00063111939070018
52.8,3.3730019860590015,3.2541045711625767,-0.005781490876321905,0.24984494360070938,0.0015990352665308744,0.25,0.00063111939070018
52.9,3.398507449294703,3.2539584772390593,-0.005830192378957628,0.2501413299665694,-0.0027112362636911988,0.25,-0.002018266759675813
53.0,3.424014212146608,3.2538070018638394,-0.00622158365024888,0.24980576003097224,-0.006240083301417327,0.25,-0.004268512290483063
53.1,3.4495225961627356,3.253644237256028,-0.006400665122424527,0.25043880099512955,-0.0015266765506342982,0.25,-0.004268512290483063
53.2,3.4750322027095817,3.253474286092689,-0.006462076716752528,0.2500947015079012,0.0003765799082907032,0.25,-0.006348592189832518
53.3,3.500537737558628,3.253305024002341,-0.006506389878417854,0.2495267805238464,-3.0012945193536784e-05,0.25,-0.006348592189832518
53.4,3.5260446768541707,3.2531356909158045,-0.006602020579403718,0.25039636546540095,-0.002044021585732981,0.25,-0.010696891064964131
53.5,3.551550478489693,3.2529667117192784,-0.006965242006199925,0.2496910547202028,-0.0052248142592936555,0.25,-0.012937201190334799
53.6,3.568556355083826,3.252847747386314,-0.007333243432305452,0.25087005332921536,-0.006442072891895037,0.25,-0.012937201190334799
53.7,3.5940757667600867,3.2526587404896095,-0.007941732909585926,0.2511562254672337,-0.0038492944507160717,0.25,-0.013388984331393877
53.8,3.6195941524781623,3.252457719250271,-0.0082201676686656,0.2507147171051885,-0.0022400420869802323,0.25,-0.013388984331393877
53.9,3.6451236059551624,3.252249930273821,-0.008503238405463444,0.2511863359098029,-0.002989614522478019,0.25,-0.015837408500509458
54.0,3.670645491668648,3.2520329911918884,-0.0088218862860425,0.2504024737946101,-0.0049036284794387345,0.25,-0.01777003167416042
54.1,3.6961481948663333,3.251802466677478,-0.009577167979564032,0.24924769316612194,-0.005138682769457062,0.25,-0.01777003167416042
54.2,3.721654153578385,3.2515557184435817,-0.010280694806372184,0.25015802609624455,-0.004389057759756484,0.25,-0.018414571025178753
54.3,3.7471530739958023,3.251291826518498,-0.010718403112532296,0.2500890233112654,-0.003892649632581765,0.25,-0.018414571025178753
54.4,3.7726427359261576,3.2510046478105243,-0.011104966222674859,0.24887661194606908,-0.0039389541025905824,0.25,-0.018203741738833636
54.5,3.7981296045540263,3.250711397576286,-0.011453702838245908,0.24928073039891538,-0.0030405039311477344,0.25,-0.018203741738833636
54.6,3.823636376775616,3.2504137927984242,-0.011847638758974662,0.25085713481637534,-0.005431694953379236,0.25,-0.020437291022993485
54.7,3.8491541952255774,3.2501176337725073,-0.012450259018932736,0.2496029765160182,-0.00642487377914691,0.25,-0.020545612283335124
54.8,3.874651431625649,3.2497928542397827,-0.012952301874067706,0.25081407649421467,-0.0047280434020309636,0.25,-0.020545612283335124
54.9,3.90018472113714,3.2494635094553117,-0.013363509638496803,0.25158017200139415,-0.004866426493176445,0.25,-0.021246639576818063
55.0,3.925725645195264,3.249121713999155,-0.013793594273123762,0.2511168919919906,-0.005981930164422331,0.25,-0.021246639576818063
55.1,3.951241139827874,3.2487646716084098,-0.01418417873128162,0.24958841109514318,-0.0013412892693891742,0.25,-0.009381369366872297
55.2,3.9767434856450627,3.2484005573201444,-0.014626368548971973,0.2500087376616086,-0.003146286098233929,0.25,-0.01249760136338135
55.3,3.993747886332167,3.2481517803736826,-0.014909772332285076,0.2498305602762333,-0.0071856292589692,0.25,-0.01249760136338135
55.4,4.019252541897354,3.247760169451128,-0.015631733898573023,0.24946850528070408,-0.004950058201638024,0.25,-0.012359838276200269
55.5,4.0447547642169885,3.247353616525998,-0.015887417187504284,0.25007633368904647,-0.0022594166424670077,0.25,-0.012359838276200269
55.6,4.070252498872002,3.24693984071803,-0.01613618809379971,0.2505581141932717,-0.00292344888494967,0.25,-0.016652501668077024
55.7,4.095756242162752,3.2465216376137294,-0.016424086198769287,0.25055937895636354,-0.002923798299412431,0.25,-0.03293738937323145
55.8,4.121259974931235,3.2461042730472727,-0.017115849154143492,0.2511689456907699,-0.009418086088916446,0.25,-0.03293738937323145
55.9,4.138264145358357,3.2458124103143686,-0.017864706152696398,0.2483962082894921,-0.01018919601321775,0.25,-0.03267185528015143
56.0,4.172294759399121,3.2451925790622638,-0.019272459430962164,0.2504564725265473,-0.008383954691182619,0.25,-0.03685330701848247
56.1,4.197853698694047,3.2447079295703047,-0.020041090466635228,0.2509140795133752,-0.007233358964007685,0.25,-0.03685330701848247
56.2,4.223420509062873,3.244190703349205,-0.02089439299400528,0.25163240837431655,-0.008531870618174247,0.25,-0.03986483968254003
56.3,4.248929206487375,3.243644964858331,-0.02189753016454963,0.24797542944625914,-0.012485518887004067,0.25,-0.03986483968254003
56.4,4.274425119484238,3.243086437562658,-0.023241146399286,0.24916408631484413,-0.013280820243593526,0.25,-0.04387296253662166
56.5,4.299918638023847,3.2424888468447404,-0.024542128019638964,0.2479069763719967,-0.014992912828728519,0.25,-0.04387296253662166
56.6,4.325361437326434,3.2418534311024816,-0.025648277340826444,0.24915959112210967,-0.011320498278035624,0.25,-0.04379159841146579
56.7,4.350809958940167,3.241174062169831,-0.026666917220432577,0.25110090813614466,-0.009972433861196991,0.25,-0.04168122958603325
56.8,4.3677903104180125,3.240717626720347,-0.02725489380946366,0.2510833525084392,-0.00838475533318691,0.25,-0.04168122958603325
56.9,4.393294983670222,3.24000832803815,-0.028116372033478384,0.25007281665444236,-0.011318840026246665,0.25,-0.0434869882573468
57.0,4.418803367428202,3.2392836260409434,-0.029265105860875527,0.25166002971207047,-0.012108509668119242,0.25,-0.0434869882573468
57.1,4.444275639418969,3.2385084764880636,-0.030484242161258706,0.24927604964531158,-0.012148272707667081,0.25,-0.04559420134954936
57.2,4.469837683298104,3.2377299604303333,-0.03153048961311196,0.2502451040617455,-0.009641427371339367,0.25,-0.04559420134954936
57.3,4.49539058301979,3.236926004352813,-0.03261618919755219,0.251052242983209,-0.012405445751669068,0.25,-0.05040618566759416
57.4,4.520886140742878,3.2360893363767658,-0.03397747096651321,0.2501396498742777,-0.014792563761488641,0.25,-0.055950136857428195
57.5,4.546379270597214,3.2352199770358587,-0.03551721291187835,0.24957724110223906,-0.01912688505012187,0.25,-0.055950136857428195
57.6,4.571848171354236,3.2342776789988292,-0.03725089784973268,0.25207248186730724,-0.018082949299705935,0.25,-0.05736575991677671
57.7,4.597304835891822,3.233328208385962,-0.03903946255790732,0.24711775587670745,-0.014354186736804652,0.25,-0.05736575991677671
57.8,4.622708129314865,3.2323073069613457,-0.04040000249308268,0.2514111592636694,-0.012089976218929458,0.25,-0.06025369582879228
57.9,4.648123334702276,3.2312701020331014,-0.04171708731902733,0.25021930587167235,-0.010985235706478667,0.25,-0.06025369582879228
58.0,4.6736024088530845,3.230198743937367,-0.04286802566671508,0.2464727124398624,-0.011848539280082487,0.25,-0.06511174119108355
58.1,4.699090614012629,3.229080028223136,-0.04443013009638389,0.24926603710760414,-0.01707895037441441,0.25,-0.07017194038582474
58.2,4.724592984980187,3.2279337195144238,-0.04638642157764606,0.25308274492912103,-0.02052992181527379,0.25,-0.07017194038582474
58.3,4.750155508141661,3.22672794693497,-0.04886167832840135,0.2542007031254077,-0.023790475379942735,0.25,-0.07526767419134592
58.4,4.7670983911268445,3.2259127454158683,-0.05052663280207411,0.2505880242119356,-0.022454639767187295,0.25,-0.07526767419134592
58.5,4.792491142107536,3.2246307114287385,-0.052815208440743215,0.24579231785649786,-0.021195547720289823,0.25,-0.08042324918653469
58.6,4.817957970474772,3.2232842343177803,-0.055077510974461334,0.2492213301033955,-0.02293310853840109,0.25,-0.08238611660123915
58.7,4.843436559860215,3.221858909001291,-0.057563597050738435,0.24935392232720646,-0.027593062573778672,0.25,-0.08238611660123915
58.8,4.868901946578489,3.2203761589123614,-0.06029624916063269,0.2495305870101671,-0.026391679954646956,0.25,-0.0872216642746773
58.9,4.8942404409560565,3.218797477786726,-0.06280817908094663,0.24598359685105062,-0.02073775394437634,0.25,-0.0872216642746773
59.0,4.919689350821115,3.2171828046993305,-0.06539545239678335,0.25125001158072374,-0.02960076181762405,0.25,-0.0957940479358309
59.1,4.945159868567078,3.2155170058054963,-0.06773124006924734,0.2506405851649696,-0.018682926015215897,0.25,-0.10582567676528296
59.2,4.970564839323387,3.213789547924664,-0.06996597133885361,0.2513598555974171,-0.02240178092977387,0.25,-0.10582567676528296
59.3,4.995969621411681,3.2119959387132733,-0.07258569761825176,0.25365669292960125,-0.028134547284321604,0.25,-0.11088369893942282
59.4,5.021449931622693,3.2101213922093597,-0.07603255871204363,0.25009898500273475,-0.04279431973262772,0.25,-0.11088369893942282
59.5,5.046679458305544,3.2081990571279406,-0.07977699023464654,0.24293504595670629,-0.03529556340822228,0.25,-0.12030288544580006
59.6,5.0719316628512585,3.206192359333373,-0.08373770069574163,0.2546444796749842,-0.046221258089717145,0.25,-0.12030288544580006
59.7,5.097353435174699,3.204012296564873,-0.08767216703311678,0.25370621941857074,-0.03817560269588795,0.25,-0.1268473362357828
59.8,5.122755810655042,3.20174881649921,-0.09164523019232576,0.24841992791761058,-0.03764630715557025,0.25,-0.13218825390797564
59.9,5.148162089824753,3.199395849901207,-0.09635410250676024,0.25051582468822076,-0.047105642148356636,0.25,-0.13218825390797564
60.0,5.165130773166652,3.197750134721341,-0.09983947076483402,0.24516764584248066,-0.0639462034934058,0.25,-0.13410180294409943
60.1,5.1907383371799085,3.1951530442811467,-0.10453669720109074,0.2556069239708011,-0.035006512557132996,0.25,-0.13410180294409943
60.2,5.216508141001588,3.1924295447586406,-0.10777822173973473,0.258780855853384,-0.027040481202159444,0.25,-0.13779480610131117
60.3,5.241838533505952,3.1896726920154177,-0.1104045952044474,0.25276912085988595,-0.02947440543765648,0.25,-0.13779480610131117
60.4,5.267172190344181,3.186868001871536,-0.11313194327521162,0.24444361233678924,-0.02613942365702994,0.25,-0.1444759776202585
60.5,5.29236920286561,3.1839582919505935,-0.11604954371644055,0.24178094974010206,-0.030852069048340366,0.25,-0.1531607593194209
60.6,5.317227536919671,3.1810403174625446,-0.1198559314397761,0.24231330627684197,-0.03697503336687954,0.25,-0.1531607593194209
60.7,5.342203155380874,3.1780560636386994,-0.12447567047246542,0.25199373344000003,-0.04801706781255125,0.25,-0.15526629672288966
60.8,5.367312956662469,3.174888789258695,-0.12930461103111276,0.25179455901474196,-0.053951043033823476,0.25,-0.15526629672288966
60.9,5.392590336146022,3.171646138433042,-0.13462014686528728,0.25058248583779985,-0.06127542508377198,0.25,-0.16216932637414813
61.0,5.417842649754532,3.1682620914816346,-0.1406350371830086,0.24768993725653093,-0.05851501905289067,0.25,-0.16720424277716298
61.1,5.443342361668078,3.1646349725819762,-0.1465080475456293,0.25754665930921816,-0.05400189855539507,0.25,-0.16720424277716298
61.2,5.469227922795578,3.160847879763262,-0.15109487319838746,0.248211073787851,-0.04716546498542024,0.25,-0.16919522577613508
61.3,5.495087913067501,3.1569232051029124,-0.15547630434898307,0.2530623329421579,-0.04235324707892563,0.25,-0.16919522577613508
61.4,5.520360343309304,3.1529380781908585,-0.15938129057800696,0.24122598900306838,-0.0331704719547724,0.25,-0.17560317726745275
61.5,5.545414259963046,3.1489255166450816,-0.16249970001035585,0.25037045456998946,-0.029899007784114476,0.25,-0.1699170162719042
61.6,5.562123638766496,3.146215871267989,-0.16456826955258305,0.25071650201637413,-0.031682424301611015,0.25,-0.1699170162719042
61.7,5.586629234597541,3.1420631764426528,-0.168714310692808,0.23884244690536127,-0.04673498772160657,0.25,-0.17842745537192092
61.8,5.611232958646783,3.1378026269680777,-0.1736095619929792,0.24258328614741154,-0.04452048413352893,0.25,-0.17842745537192092
61.9,5.635764258001346,3.1334059721630783,-0.1785092545483929,0.2539773955931167,-0.05969612086189977,0.25,-0.18430506541804798
62.0,5.660832447318858,3.1290134543947095,-0.1857785290034549,0.2543754739118989,-0.0837397546042997,0.25,-0.1842739283115406
62.1,5.685901377835902,3.1243740560650286,-0.193594998664545,0.24296119596369892,-0.0671730831304322,0.25,-0.1842739283115406
62.2,5.710988745228082,3.1194991827380627,-0.2012009959890847,0.25144224018552114,-0.06691063520460097,0.25,-0.19266970308551862
62.3,5.7367642984317495,3.1142636754318063,-0.2063189692832965,0.2559660872266189,-0.046847843144968135,0.25,-0.19877503497363402
62.4,5.76255514010397,3.108926872533189,-0.21146530404470595,0.2618241699760439,-0.04556428772575433,0.25,-0.19877503497363402
62.5,5.788070108173167,3.1034474297965007,-0.21740245399495334,0.2612523966705745,-0.07785869513174447,0.25,-0.19981147712981198
62.6,5.812843404584383,3.0979630549331056,-0.22411136161570525,0.24086079651679454,-0.059306418051395346,0.25,-0.19981147712981198
62.7,5.837596728594729,3.0923887196120403,-0.23011041086552908,0.25051379534588164,-0.05980206140366347,0.25,-0.20586474554102327
62.8,5.861689221432036,3.0866387555412387,-0.23595685293007565,0.24591702731062962,-0.05029124347115432,0.25,-0.20586474554102327
62.9,5.885568453397549,3.080723098968189,-0.24136442456129362,0.24132333654400687,-0.053959272173835636,0.25,-0.20978938978489517
63.0,5.909578404460976,3.074626551874689,-0.24720669463984893,0.24270924310325018,-0.0576745721780676,0.25,-0.2123216110960931
63.1,5.934042970963851,3.068496906957375,-0.2554264608896363,0.2521213077790558,-0.1004534843747124,0.25,-0.2123216110960931
63.2,5.958670852098608,3.0623417123499177,-0.2656526523339084,0.24712677335799887,-0.0960122759633286,0.25,-0.2174037418395629
63.3,5.9751690785601825,3.0579619664159643,-0.27237495081728774,0.2591774104955961,-0.09040006070856522,0.25,-0.2174037418395629
63.4,6.0003212514085735,3.0509507103481903,-0.2812236001225645,0.2612057413557743,-0.08732961903026344,0.25,-0.218478984970067
63.5,6.025325223063204,3.0436817513431027,-0.2901594111906946,0.2605558768757453,-0.09484397461960845,0.25,-0.218478984970067
63.6,6.050275614941566,3.0361025688637358,-0.29860423931400987,0.26323938572882033,-0.08045605752401169,0.25,-0.21900441077488195
63.7,6.074677467175078,3.0285949811785713,-0.30938761884107757,0.2561581519559403,-0.10183589205136818,0.25,-0.21900441077488195
63.8,6.0989446816374615,3.020795086497471,-0.3198877821691436,0.25709257322049994,-0.10769566969449586,0.25,-0.21958827589411503
63.9,6.122720624260486,3.0129337360762785,-0.3307770360354875,0.256721605000359,-0.09624881443691254,0.25,-0.2205514255446587
64.0,6.146350331605798,3.0048087528963077,-0.34074169217942657,0.2506852285623202,-0.0977784836357922,0.25,-0.2205514255446587
64.1,6.16984548287671,2.9965185720739105,-0.3496833093316465,0.24949493849536367,-0.08852495149512427,0.25,-0.2164582902560926
64.2,6.193315621524123,2.9878314198229123,-0.3584845091925545,0.24150452287998192,-0.06437491675763012,0.25,-0.2164582902560926
64.3,6.217181750591008,2.978781687730408,-0.3665649964714248,0.2460451829807928,-0.07992151302712333,0.25,-0.2132631148038286
64.4,6.241312884462953,2.96953940718423,-0.3754261768899977,0.2618860916922429,-0.08415495941686281,0.25,-0.21395109473656918
64.5,6.2654305780751285,2.9600746944497853,-0.38474388632330414,0.25092713523300364,-0.09783005286607482,0.25,-0.21395109473656918
64.6,6.289508276965234,2.9503549166357765,-0.393986621323356,0.25522959698226233,-0.08685605283468346,0.25,-0.20953842977891776
64.7,6.3135086556135995,2.9403751839637287,-0.40267902040699555,0.26129664962618904,-0.07330639066993673,0.25,-0.20953842977891776
64.8,6.337091641139212,2.930327322337977,-0.410384916342549,0.24913591541328903,-0.07859792541480597,0.25,-0.21171717151621164
64.9,6.352622686688228,2.9235014774475947,-0.41600458761734466,0.24342437744377365,-0.09299221379736396,0.25,-0.2162223391493487
65.0,6.375641173028017,2.913275581478528,-0.42679637097677725,0.2558328166781738,-0.11201328834828217,0.25,-0.2162223391493487
65.1,6.39845552697357,2.902727646236347,-0.43712231682309766,0.25005828038291567,-0.0957657156435458,0.25,-0.21480097928697225
65.2,6.421156695765602,2.892274210417453,-0.4470121252266923,0.2396219247136467,-0.08621664033934835,0.25,-0.21480097928697225
65.3,6.443753041542813,2.8816795493273784,-0.45661243138554175,0.2448082898972519,-0.09370525933008562,0.25,-0.21613010208640554
65.4,6.466523287365281,2.870340702156515,-0.4648649734167426,0.2502827047505666,-0.07654977136050278,0.25,-0.21613010208640554
65.5,6.489679918406371,2.858829206131137,-0.472893277481714,0.2572333739107712,-0.0807142421134961,0.25,-0.2142298069378534
65.6,6.512847872321616,2.8470721616484234,-0.4811938451212648,0.25818710765120445,-0.08003659542050007,0.25,-0.21487481277586637
65.7,6.5358627378561005,2.83503711469826,-0.48982486096318567,0.25627313639033983,-0.08784419168873853,0.25,-0.21487481277586637
65.8,6.558664444089576,2.8227626673628374,-0.49961700549416177,0.2455367350130663,-0.09566084375811712,0.25,-0.21555540927385622
65.9,6.581235427566712,2.8103956131532737,-0.5085555053406513,0.24562960368415548,-0.08500750532754883,0.25,-0.21555540927385622
66.0,6.603586795146186,2.7979136553251167,-0.5167398084645076,0.255700301478126,-0.07906741268179647,0.25,-0.21418167911656893
66.1,6.625708875639814,2.7852809363677538,-0.5251659698130485,0.24837562548606654,-0.08588632861863209,0.25,-0.21355719437638251
66.2,6.647451358028426,2.772676898037648,-0.5362419663255211,0.24074417201748993,-0.09333997725843055,0.25,-0.21355719437638251
66.3,6.6690696088205295,2.7598492429921193,-0.54575166145738,0.2445987075530328,-0.07757145949085074,0.25,-0.2131778158828788
66.4,6.690496220269325,2.7468318114380574,-0.5523246414248643,0.23603836474269735,-0.0614078739885442,0.25,-0.2131778158828788
66.5,6.704875653022759,2.7379469776821206,-0.5566453555368013,0.23811466036042822,-0.07905305460952691,0.25,-0.2106371128329434
66.6,6.726552052221766,2.724385027757197,-0.5653924847224291,0.24963164436885563,-0.0881563506968942,0.25,-0.21101089370097104
66.7,6.748273895539777,2.7104516518787682,-0.5745543877638037,0.26272036545595295,-0.09307674422406194,0.25,-0.21101089370097104
66.8,6.769944731386072,2.696280225833656,-0.5848178741734572,0.25001688475240325,-0.09673872633361313,0.25,-0.21151119498891868
66.9,6.791412366380086,2.6819688059483764,-0.5947577912711333,0.2528640280437178,-0.09981080673977573,0.25,-0.21151119498891868
67.0,6.812698912357127,2.667415707138733,-0.6041362930253358,0.25699967783704264,-0.08188104898202356,0.25,-0.2090314782068174
67.1,6.833681176801987,2.6528662018817335,-0.6126707579548701,0.25382460406416363,-0.08259185663823866,0.25,-0.2090314782068174
67.2,6.854525046317339,2.638148331724369,-0.6209815754618104,0.24696290044942,-0.0804922257405249,0.25,-0.206459376417352
67.3,6.875076994176122,2.623360117375091,-0.6295651100131551,0.2525337231311262,-0.0900990605295842,0.25,-0.20574931604650298
67.4,6.895359333584803,2.6086173121346747,-0.6385466344827102,0.24137017150891238,-0.08379182073343529,0.25,-0.20574931604650298
67.5,6.9155424198975375,2.5937530381238596,-0.6472579538634904,0.2610218272702392,-0.08493584116977748,0.25,-0.20354305907070686
67.6,6.9358760066980985,2.57843723497251,-0.6561294975000588,0.24851916062207935,-0.0963654018720827,0.25,-0.20354305907070686
67.7,6.956011332749974,2.562897140046708,-0.6657101657258229,0.25325936668790616,-0.09126314553870275,0.25,-0.1980761108180924
67.8,6.976184878966935,2.546965813534885,-0.6740762845735233,0.249218538857763,-0.06712444874750628,0.25,-0.20000565229024805
67.9,6.9963480975062184,2.5308722072500545,-0.6826289252531943,0.24852988700516346,-0.08605175821208731,0.25,-0.20000565229024805
68.0,7.01591801765095,2.514882335753485,-0.6910643507946483,0.24718863202546298,-0.0810456108668207,0.25,-0.19586594593871853
68.1,7.028856568716005,2.504118938399907,-0.6964776355904956,0.2487697016617216,-0.08508501740134293,0.25,-0.19586594593871853
68.2,7.0483848600624235,2.4879603374858004,-0.7047690258182706,0.24715490548393312,-0.07888714546995566,0.25,-0.19467867466927574
68.3,7.06777698588089,2.471738168628433,-0.7130521954760254,0.24832401278977762,-0.08184670670048547,0.25,-0.19503177260772164
68.4,7.087048342957377,2.4550476132111254,-0.7212920216646139,0.25144257862657726,-0.08086853865796444,0.25,-0.19503177260772164
68.5,7.106333120919162,2.43800623610347,-0.7295274718236558,0.25459662464729615,-0.08032201453772557,0.25,-0.1950167618277805
68.6,7.1258346738024,2.4207166801583595,-0.7377973764244431,0.25683864136619344,-0.08216603661832886,0.25,-0.1950167618277805
68.7,7.144831628136421,2.403368324583274,-0.747053764344183,0.24367837898583888,-0.09298152348477955,0.25,-0.194133777449665
68.8,7.163471407151089,2.3861695266134335,-0.7561357356781707,0.25059242205120946,-0.08915237987783599,0.25,-0.19374650875094745
68.9,7.181974951580551,2.3687394076217396,-0.7651444556912853,0.24988270665685286,-0.08974709112547428,0.25,-0.19374650875094745
69.0,7.2002260845925266,2.3512532066269354,-0.7738809986153181,0.2521333884108036,-0.08334877973930406,0.25,-0.1910698467182474
69.1,7.21800391930487,2.333590315261445,-0.7825274472299188,0.24270592922425385,-0.08983906356716712,0.25,-0.1910698467182474
69.2,7.235747175257192,2.315760215934041,-0.7910265848491445,0.2445295534286836,-0.07968139862658194,0.25,-0.18862013522358584
69.3,7.253603031885741,2.297790953303383,-0.798935068653456,0.24935789328032157,-0.07437102337682608,0.25,-0.18599621344926495
69.4,7.271349417197266,2.2796125271491974,-0.8064238827399294,0.255417963734683,-0.07232783130830762,0.25,-0.18599621344926495
69.5,7.288940332406618,2.26128939298216,-0.8137848688551331,0.2450375609836652,-0.07282737647800028,0.25,-0.1829948572551831
69.6,7.306675444531323,2.2425436667706156,-0.8215993950169306,0.255886143825249,-0.0797796980405425,0.25,-0.1829948572551831
69.7,7.324465398482134,2.223516611337355,-0.8297688524493185,0.2533694746010872,-0.07497060964926487,0.25,-0.18297675577193243
69.8,7.336115303143791,2.2108468242004466,-0.8352053190084601,0.2593145374050079,-0.08871175838077835,0.25,-0.18358691981333386
69.9,7.353235696490514,2.191820715190257,-0.8434830845812781,0.24530317752404635,-0.06966660422098635,0.25,-0.18358691981333386
70.0,7.3701133784717525,2.1727620695029377,-0.8511954646449882,0.25362459566518913,-0.07664554088078075,0.25,-0.18036678827439884
70.1,7.386858337395347,2.1538708498783894,-0.859088135046514,0.24128768130514774,-0.07694091360262444,0.25,-0.18036678827439884
70.2,7.4031383760075675,2.1347849151465055,-0.8671988815410413,0.24282834387280045,-0.07911836618218747,0.25,-0.18080781637098495
70.3,7.419379750292469,2.1155279970177316,-0.8753797796917496,0.2505837354827193,-0.0776046705444857,0.25,-0.18080781637098495
70.4,7.43560299659884,2.0961181092521572,-0.8835200848686465,0.2470909919784695,-0.0732693940326496,0.25,-0.1796169513497983
70.5,7.451732455336929,2.0764202453888783,-0.890408603039439,0.24558995410404594,-0.06643812884997828,0.25,-0.17733609185145163
70.6,7.46770704000815,2.056490973285345,-0.8970263176169211,0.2510900964137647,-0.06485195097107598,0.25,-0.17733609185145163
70.7,7.4836685155058555,2.036355169015149,-0.9038969600602187,0.24870510104272484,-0.07401656818079644,0.25,-0.16760692418781742
70.8,7.499775112809167,2.016023310523988,-0.9113043007474608,0.2572635677875676,-0.07346144190351303,0.25,-0.16760692418781742
70.9,7.515777594215937,1.995518812852478,-0.9189498867224957,0.24951667486977883,-0.07309905838401,0.25,-0.17323731110209334
71.0,7.531356078149064,1.9750797622790242,-0.9263012893171154,0.2497222297188047,-0.06902530409739145,0.25,-0.17507239412421166
71.1,7.546617930975777,1.9547793830487192,-0.9332727895705231,0.2438170020543474,-0.06779405292548998,0.25,-0.17507239412421166
71.2,7.561776049515385,1.9344554123872773,-0.9403505009422515,0.2464133916574078,-0.0718482936805516,0.25,-0.17648847528331885
71.3,7.576507027368202,1.9141515077632578,-0.9475493254479456,0.2501066262266414,-0.07887514041535007,0.25,-0.17648847528331885
71.4,7.590991452996325,1.8936960874893094,-0.9554392736074373,0.24585336479065606,-0.0859307422084964,0.25,-0.17773364902012673
71.5,7.600709037889334,1.8799389435505562,-0.961104773944661,0.24910943021314869,-0.08042220032854848,0.25,-0.17773364902012673
71.6,7.615262368056845,1.8592232600551293,-0.9682830080029475,0.25034905061781265,-0.06233765457312393,0.25,-0.1807643375828808
71.7,7.629684498823254,1.8383175942792156,-0.9747553743207683,0.24752055420494698,-0.0630673761764063,0.25,-0.17958130685791063
71.8,7.644023872027337,1.8169904488315636,-0.981113127633186,0.2573799488742512,-0.0619450558511035,0.25,-0.17958130685791063
71.9,7.658384543066675,1.7952823342430544,-0.9875715496273674,0.2620764092931875,-0.059406462507096025,0.25,-0.18111735249782382
72.0,7.6727405473536106,1.7736628226294464,-0.9952482929569917,0.24420658836364342,-0.07839514829276276,0.25,-0.18111735249782382
72.1,7.686904919450682,1.7519117313402974,-1.0035756466684573,0.2576731340957569,-0.07743840762797297,0.25,-0.1840458072414177
72.2,7.700543839439772,1.7303241967842207,-1.0109049365871645,0.25089358344723456,-0.06941862297159382,0.25,-0.1840458072414177
72.3,7.71397463395742,1.7087363052420073,-1.0188831442945399,0.24332787957642363,-0.07323747010267691,0.25,-0.1835364185949599
72.4,7.727183735110784,1.6874686088729811,-1.0257460876783184,0.24282507843244897,-0.06284466414428805,0.25,-0.1835364185949599
72.5,7.740240339394444,1.6663078840100034,-1.0320507281188542,0.24973391581710572,-0.059920396573125104,0.25,-0.18312283816633504
72.6,7.753094200887527,1.6448065032618915,-1.0392174850953568,0.25077811457887333,-0.081018805423561,0.25,-0.18243584321056786
72.7,7.765847548186015,1.6229756759790421,-1.0475567659248415,0.24632499849535106,-0.0807388196008984,0.25,-0.18243584321056786
72.8,7.778597762893332,1.6008094498119199,-1.0560918413782532,0.25100863502449305,-0.0866710830843615,0.25,-0.18586415011928337
72.9,7.791276711744241,1.5784430850749567,-1.0648625374516845,0.2566964519394956,-0.06847181534982269,0.25,-0.18586415011928337
73.0,7.803711224301255,1.5554846707385268,-1.0711813995702233,0.25715262482088386,-0.05742011977458171,0.25,-0.1834653301611172
73.1,7.811936012521293,1.540110407256802,-1.0751390967396748,0.25817196839175244,-0.05761138197257564,0.25,-0.18298661398126603
73.2,7.824140219539794,1.5168662363291987,-1.0809673147107435,0.2622536824041971,-0.055282534558693044,0.25,-0.18298661398126603
73.3,7.836348917489955,1.4941248407522412,-1.0886670545723969,0.2533802477838823,-0.08697164318001262,0.25,-0.18647859712920298
73.4,7.848181217750746,1.4714458263908061,-1.0974966938491162,0.24821901660621618,-0.09274758187719623,0.25,-0.18647859712920298
73.5,7.859674426679816,1.4488627537326186,-1.1063105324181282,0.24711603553129932,-0.07787269021296489,0.25,-0.18628054742790573
73.6,7.870967262348559,1.4267086942634986,-1.1124130201394702,0.2406270854269433,-0.05741398958208658,0.25,-0.18628054742790573
73.7,7.8821360545762875,1.4046181337048294,-1.1182300338493742,0.24230930181641913,-0.056688218024082616,0.25,-0.18010130119034212
73.8,7.893173012814956,1.3822179540243147,-1.1241264168095635,0.24291231808004635,-0.06620631312740635,0.25,-0.18216475884093344
73.9,7.904142752538302,1.3591862743374175,-1.132515001059997,0.24595323987746628,-0.08881524922063373,0.25,-0.18216475884093344
74.0,7.915042722354726,1.3359116810451435,-1.1408147213920723,0.2513570570661871,-0.08484305202805903,0.25,-0.1853752538584292
74.1,7.925758119242117,1.312237832992748,-1.1474898116259524,0.2577087844036061,-0.05661349897487688,0.25,-0.1853752538584292
74.2,7.936306393153643,1.2881828913358941,-1.1530694714140208,0.2579930033540472,-0.055658713332489985,0.25,-0.18655230935195408
74.3,7.946724132685411,1.264195741183437,-1.15865032856701,0.25778652050397827,-0.05715567368504077,0.25,-0.18655230935195408
74.4,7.95698691247171,1.2407331160078436,-1.1663030128974685,0.2503533241650242,-0.0855914659331609,0.25,-0.19055761648216196
74.5,7.967284747173905,1.2171980700557168,-1.1760328047997533,0.25495688046453924,-0.08732507481439013,0.25,-0.19359760460687497
74.6,7.977013669185458,1.1936979660518392,-1.185174283729709,0.2521565974291689,-0.08847396720181246,0.25,-0.19359760460687497
74.7,7.9864930537074645,1.1706355846310268,-1.1917637256376774,0.24096994538672065,-0.051991651679136684,0.25,-0.1941362196003044
74.8,7.992711721203548,1.1553783786896785,-1.195390233672162,0.2396408180860299,-0.04868438505083529,0.25,-0.1941362196003044
74.9,8.001932721789629,1.1323759514558802,-1.200987506570635,0.24414485064354075,-0.05258909564664647,0.25,-0.19453971050395621
75.0,8.011233193851224,1.1088517034413308,-1.2082435170101937,0.2547435121180293,-0.08708057942441086,0.25,-0.1966614331163905
75.1,8.020315763054171,1.0848338068545342,-1.2174637183807087,0.252780416362447,-0.09153334817074489,0.25,-0.1966614331163905
75.2,8.029108033078314,1.0606392932109099,-1.2264290916074607,0.24993093194383473,-0.0821502266580979,0.25,-0.1993816718335551
75.3,8.03777458936883,1.0358877526897903,-1.23272224659464,0.2608915344231159,-0.05075770037864445,0.25,-0.19903012999687336
75.4,8.046265675014533,1.0110945458205518,-1.2383872491701482,0.2558924581114533,-0.058262356365165247,0.25,-0.19903012999687336
75.5,8.05459953650951,0.9866024678547674,-1.244847446682493,0.2505211910752322,-0.0881708239194065,0.25,-0.19882640149639513
75.6,8.062737993120221,0.9623947509281656,-1.2543374817836621,0.25376983247086693,-0.09744495563240671,0.25,-0.19882640149639513
75.7,8.070575803971831,0.9381302953411393,-1.2637581625937016,0.2495217680637595,-0.09239199846322807,0.25,-0.20336812758403663
75.8,8.078181462902652,0.9139554499665545,-1.273860207391046,0.2546522641795535,-0.09363731538683384,0.25,-0.2007718870609434
75.9,8.08555399614327,0.8901260114400998,-1.2803613637239164,0.2429558516775031,-0.05106004668594571,0.25,-0.2007718870609434
76.0,8.092751099183278,0.8664591834659169,-1.2856080207293086,0.2454527971536659,-0.04972659747058886,0.25,-0.20002962161174198
76.1,8.099845199008032,0.8418576924059739,-1.291439882969467,0.2580380525961312,-0.07417079471431473,0.25,-0.20002962161174198
76.2,8.106765593856181,0.8174739502701611,-1.2989013968588357,0.2578745648285733,-0.07877329443056233,0.25,-0.20321719263024146
76.3,8.113573844143213,0.7926858844817146,-1.3066478921883113,0.24395243774378442,-0.07520562208879275,0.25,-0.20485103412669797
76.4,8.11810876847074,0.7760011480794218,-1.3115229724348065,0.25943182281002336,-0.05817147836576711,0.25,-0.20485103412669797
76.5,8.124624911189011,0.751166284867771,-1.3177545380175861,0.2418442428933193,-0.07551050670772624,0.25,-0.20553637125911609
76.6,8.130924491556666,0.7266684832654872,-1.3262853544471358,0.24671543757233783,-0.07159879625903169,0.25,-0.20553637125911609
76.7,8.137059955354704,0.7018615523386696,-1.3323064602337087,0.24918478931148624,-0.05476216829265143,0.25,-0.19729892852967948
76.8,8.143111038974405,0.6770461091641895,-1.3387835677481328,0.2511388671045421,-0.08215067407747693,0.25,-0.19729892852967948
76.9,8.148945591653044,0.6522772369081901,-1.3476785929929318,0.24072274471390176,-0.09177481868260097,0.25,-0.20427748220016573
77.0,8.154508228453205,0.6275368329230989,-1.3564431679800257,0.25276795092763554,-0.07549965769356679,0.25,-0.20859666274963778
77.1,8.159842153619966,0.6023474011983295,-1.365057868219396,0.2596041417564644,-0.09701138414144443,0.25,-0.20859666274963778
77.2,8.165017175189735,0.577277215079227,-1.372931799028732,0.26222335850535067,-0.06735383661786645,0.25,-0.21005243808121551
77.3,8.16998058878364,0.5522728604386906,-1.379150579998037,0.23744494315951933,-0.0511083163672517,0.25,-0.21108193662663802
77.4,8.174809724093485,0.5271075648152561,-1.3838039388891457,0.25049008914811616,-0.04297262825681095,0.25,-0.21108193662663802
77.5,8.17943739160467,0.5021567446700042,-1.3899759823282627,0.24510657181428858,-0.0830242709867272,0.25,-0.21645981558383132
77.6,8.183857774568423,0.47752316707124864,-1.3992816549035598,0.24150207982200494,-0.09186585768115829,0.25,-0.21645981558383132
77.7,8.188107380706814,0.4527463517022445,-1.4090692692243443,0.251660232241415,-0.11249771452850182,0.25,-0.22000893743211702
77.8,8.19212004824683,0.4274802096690068,-1.4182556001381499,0.2492962106831578,-0.06738238751280413,0.25,-0.21895840651245727
77.9,8.195979873438286,0.4023099977848608,-1.4244262700456993,0.24852001432712462,-0.059026861933721864,0.25,-0.21895840651245727
78.0,8.19842481845962,0.3854750932101009,-1.4282577433494046,0.246811143281062,-0.05751370150641189,0.25,-0.21791796891159396
78.1,8.202052406270726,0.35963812737761874,-1.4344047734400038,0.26365599570329873,-0.06248781527659032,0.25,-0.21791796891159396
78.2,8.205644405954915,0.3335469110460464,-1.4417704654930483,0.2603605374579976,-0.07859533331059962,0.25,-0.22379178245242226
78.3,8.208857774963676,0.30792343771310227,-1.4507113716654296,0.24615656886732426,-0.11739619667457982,0.25,-0.22611182749713973
78.4,8.211809431135526,0.28252457274073883,-1.4615066537758832,0.24676492738560205,-0.05640487888337885,0.25,-0.22611182749713973
78.5,8.214543761472813,0.2570134306441735,-1.4656805416987961,0.2515791114530831,-0.03802160295874512,0.25,-0.22538795069216166
78.6,8.21721727393308,0.23216011392385458,-1.4697261434536415,0.23635107369004119,-0.03779390960454674,0.25,-0.22538795069216166
78.7,8.219709361674164,0.2079193497713884,-1.4742124167487098,0.2412104881915956,-0.05658333321715621,0.25,-0.2299487951006819
78.8,8.222088370777296,0.18296770350912914,-1.481899019204149,0.24567014721477645,-0.08987362278219799,0.25,-0.23440182786036204
78.9,8.22436686281233,0.15769870700817684,-1.4916474981305268,0.24275775846201153,-0.08148468015880307,0.25,-0.23440182786036204
79.0,8.226595659370954,0.13240465556821207,-1.499337971312299,0.2479187287677351,-0.07235695747305684,0.25,-0.23623418736682966
79.1,8.228571860996416,0.1071035018835269,-1.506719000523386,0.24819677996161815,-0.06984534609206382,0.25,-0.23623418736682966
79.2,8.23019484183118,0.08103541058339461,-1.5138713926720353,0.2597959593475428,-0.06383894329347697,0.25,-0.23697581198443365
79.3,8.23167166420521,0.05482204933524136,-1.5210713996878165,0.26178942088708756,-0.07503166539199774,0.25,-0.23697581198443365
79.4,8.232793419652323,0.028711023657803758,-1.5289266276272104,0.2583921223600735,-0.09171259580010342,0.25,-0.23846131461776796
79.5,8.233815629130715,0.00307709111882443,-1.539211391259261,0.24140568727149853,-0.07466316945677685,0.25,-0.2385413143216903
79.6,8.234387811358332,-0.01382233001212715,-1.5423371397062864,0.24995081590363896,-0.03160852247674802,0.25,-0.2385413143216903
79.7,8.235108064721508,-0.03905227880313654,-1.5457749456247987,0.24501009420980172,-0.03685038593442172,0.25,-0.2305620197679834
79.8,8.235685713033531,-0.06343016986992903,-1.54987351398134,0.2392170341064043,-0.0619813246651291,0.25,-0.2305620197679834
79.9,8.236167445971402,-0.08809304404006554,-1.5568607353019899,0.2402385403233733,-0.08829456744281841,0.25,-0.2414277062424947
80.0,8.236435257188466,-0.11315676366983682,-1.567144396687702,0.24799624009058954,-0.10970331358339311,0.25,-0.2414277062424947
80.1,8.236404324381196,-0.13854972737204405,-1.5783061433055043,0.25263348870924524,-0.1084710014157399,0.25,-0.24658639379791178
80.2,8.236448982976514,-0.1640665175401808,-1.589106917427386,0.2448609310909341,-0.09654960924826107,0.25,-0.24611060825083658
80.3,8.23595836442809,-0.19010953972483796,-1.5984289197758625,0.2455915621534003,-0.08517311183637755,0.25,-0.24611060825083658
80.4,8.235200557156586,-0.21625967457871983,-1.6060639843255526,0.2602932283473971,-0.09202868905166035,0.25,-0.24767946432022883
80.5,8.234261554569395,-0.2426486929152485,-1.6137903745025126,0.26141477308669164,-0.0678055452343498,0.25,-0.24767946432022883
80.6,8.233043719583858,-0.26917770099998056,-1.619253199589655,0.24108159561907622,-0.04384397034126009,0.25,-0.2521173717788897
80.7,8.231755862548525,-0.2945651110029418,-1.628255663409637,0.24589924653646966,-0.11577021850039115,0.25,-0.2521173717788897
80.8,8.230113095779702,-0.31976858673395453,-1.6411810309336121,0.23903774582870427,-0.14749193807230082,0.25,-0.2565758190550349
80.9,8.228315079483474,-0.3447131469795795,-1.6554770866978896,0.23895533224644436,-0.11461649463822576,0.25,-0.2594246309815298
81.0,8.226258011244152,-0.3693816449555012,-1.665235727648335,0.23584541468318573,-0.08120343177501405,0.25,-0.2594246309815298
81.1,8.223845727853861,-0.3938341288347906,-1.673164325793212,0.23438906581468644,-0.060339567459682504,0.25,-0.25028030030015697
81.2,8.222085008183576,-0.41039165018887797,-1.6779315078306842,0.2629609087764216,-0.07437479186860008,0.25,-0.25028030030015697
81.3,8.21927944527941,-0.43597370664277607,-1.685286824513571,0.24921605285419854,-0.06357898280200695,0.25,-0.2514725013243744
81.4,8.21622131875328,-0.46174896942970145,-1.6927442274226545,0.26682331083213545,-0.07836604902540012,0.25,-0.2514725013243744
81.5,8.21306491974744,-0.48758113116487944,-1.699531497556527,0.24828347922914668,-0.07960060987273612,0.25,-0.2526787086541065
81.6,8.209651561627838,-0.5138480004798548,-1.70623399264605,0.2483782330368975,-0.06573612264379827,0.25,-0.25466278367840267
81.7,8.206200276683017,-0.5394739708526088,-1.7135779447166801,0.25052120355794016,-0.0972559061929288,0.25,-0.25466278367840267
81.8,8.202465936918177,-0.5649750794268863,-1.7258269466275469,0.2556751827920463,-0.11595949169657321,0.25,-0.25670492709648274
81.9,8.198384668125973,-0.5899255960023059,-1.7374653308681245,0.260217488984251,-0.11240448532616962,0.25,-0.25670492709648274
82.0,8.194081392994889,-0.6146790255922485,-1.751368548227028,0.2500421708104717,-0.14146201847892487,0.25,-0.25513168633551014
82.1,8.189568311668763,-0.6392048974956573,-1.7626256102125035,0.2526067184957743,-0.10773672133213297,0.25,-0.25513168633551014
82.2,8.184898371866904,-0.6636293321203742,-1.7736093717693335,0.2367699005325111,-0.1040812856081746,0.25,-0.24873112618741278
82.3,8.17992540494236,-0.6879029578404677,-1.7826255404765832,0.24145312898704113,-0.07162407035177473,0.25,-0.2474533719692055
82.4,8.174485510397695,-0.7130502950552277,-1.7901782105566695,0.24785728781688796,-0.08572346902027214,0.25,-0.2474533719692055
82.5,8.16871929221727,-0.7382531888522511,-1.798878846043464,0.24913958849143134,-0.09293818509681484,0.25,-0.24303119674048515
82.6,8.162846792127796,-0.763607024961199,-1.8105332487402879,0.26190839168635754,-0.10086490446988977,0.25,-0.24303119674048515
82.7,8.156622274948386,-0.7889426441287385,-1.8211892263703282,0.2610908164311322,-0.11015563070823385,0.25,-0.2416450991104237
82.8,8.152339292449426,-0.805750460102802,-1.8282216998598508,0.26100668473078176,-0.09621558247928469,0.25,-0.23125354312538218
82.9,8.145752907638078,-0.8306010867126542,-1.8387407040813868,0.254476772886889,-0.09004298479423115,0.25,-0.23125354312538218
83.0,8.13885647362945,-0.8551631468567199,-1.8492383280494693,0.24801382609945882,-0.11879986735289297,0.25,-0.2313620323476508
83.1,8.13182777685595,-0.8795453520653473,-1.86080499212683,0.24359806161866854,-0.11336282419532892,0.25,-0.2313620323476508
83.2,8.124633983521475,-0.9036271152095112,-1.8732228138177827,0.2515289258564027,-0.1322679392550229,0.25,-0.23037755194776965
83.3,8.1171185202276,-0.9275400100782655,-1.8845900650364806,0.2591294677777266,-0.10159076609025523,0.25,-0.22722844471601875
83.4,8.109312128490735,-0.9515013854690422,-1.892016736511908,0.2649613065066738,-0.06725699199240284,0.25,-0.22722844471601875
83.5,8.10123310475145,-0.9756880531225681,-1.8998464230933214,0.24874180145316688,-0.08247123261709641,0.25,-0.22123380225087022
83.6,8.092866689231496,-1.0000000576645194,-1.9083063588688896,0.2636676306509083,-0.08593291673776786,0.25,-0.22123380225087022
83.7,8.084283111053132,-1.0243678130256395,-1.9175073395236228,0.2631119457535394,-0.08641342825404055,0.25,-0.22453867272833664
83.8,8.07559876185409,-1.0483998890320905,-1.9271939945749477,0.24119381707705748,-0.07256209562880075,0.25,-0.22453867272833664
83.9,8.066745013958496,-1.071430888628478,-1.9339688958231436,0.23645390035664,-0.05853119043223988,0.25,-0.22328181069749342
84.0,8.057830736742089,-1.095105106255781,-1.9432977717274722,0.24947679861524094,-0.10711213653299358,0.25,-0.21678369900674496
84.1,8.048719628015554,-1.118827409863884,-1.9538694605247442,0.2443709692592258,-0.10749380193749987,0.25,-0.21678369900674496
84.2,8.039359831771968,-1.1423885582359414,-1.9634578483040146,0.24880011818471365,-0.08468902958750865,0.25,-0.21562273680805275
84.3,8.029593984785667,-1.1657499876306414,-1.9724571017442856,0.2574734233344269,-0.09034832120341085,0.25,-0.21562273680805275
84.4,8.022823585966746,-1.1814550502108456,-1.978868229314406,0.2533162826101213,-0.08337652597769889,0.25,-0.2129463547771115
84.5,8.012557021750007,-1.2055977207485067,-1.9859788567276928,0.25498600083209033,-0.07268547418279314,0.25,-0.20877451662125893
84.6,8.00211515876989,-1.229017333422254,-1.99333692050676,0.25248536462561677,-0.07321277629070626,0.25,-0.20877451662125893
84.7,7.992022448225765,-1.252198565774966,-2.0028439140267174,0.24721501418551167,-0.10589856006408585,0.25,-0.2057509319619532
84.8,7.981747560285031,-1.2752455907186608,-2.0136855966897262,0.24592160103209781,-0.10737988621918106,0.25,-0.2057509319619532
84.9,7.970939040463683,-1.2978419893572355,-2.0217876111263786,0.2501329974564579,-0.07379503265633469,0.25,-0.1999727393275211
85.0,7.959837417710064,-1.320261845034713,-2.028895213632739,0.2468855523677027,-0.06486941083373468,0.25,-0.1993819203021767
85.1,7.948627644126352,-1.3426315709185546,-2.035853236252756,0.2457101238709733,-0.07819871705805652,0.25,-0.1993819203021767
85.2,7.937398599138356,-1.3654060055245483,-2.0451278859830326,0.2454757529748399,-0.09132855358223343,0.25,-0.1970593503797842
85.3,7.9259529634934855,-1.388055963174972,-2.054604324786807,0.2454613443888914,-0.09325912081491704,0.25,-0.1970593503797842
85.4,7.914301160803558,-1.41064987442335,-2.063842964814426,0.257114940566028,-0.07569103993247668,0.25,-0.19233118195527343
85.5,7.902039922227799,-1.433654984542578,-2.0706782901634764,0.25787581508169827,-0.06436013367568037,0.25,-0.19034640325601493
85.6,7.889598170835697,-1.4568393786706129,-2.0772427161251232,0.25918620804285025,-0.06734691305204087,0.25,-0.19034640325601493
85.7,7.877182594183666,-1.4792449559002872,-2.0850011581674712,0.24145733053740628,-0.08560625789774813,0.25,-0.18805727154569055
85.8,7.869033422581977,-1.4940512401443653,-2.0912117083244226,0.24907389446619793,-0.09598451992343043,0.25,-0.18805727154569055
85.9,7.856606256493181,-1.5161177012886657,-2.1008653318576065,0.24703644732479685,-0.09609620065593061,0.25,-0.1885247121465906
86.0,7.843829438975381,-1.538007425227996,-2.110524946083266,0.25386838370013354,-0.0919388813580509,0.25,-0.17490431123019187
86.1,7.830765884341661,-1.5594104467046581,-2.1181823958845407,0.2438293423074553,-0.06589439277073884,0.25,-0.17490431123019187
86.2,7.817574407721734,-1.5807537834158765,-2.1246963704982176,0.24418482527752688,-0.06308958683260614,0.25,-0.17438119535211732
86.3,7.804268090449419,-1.6023503881532233,-2.1318558310534,0.24776286428888766,-0.07988887003117102,0.25,-0.17466310823106798
86.4,7.790858036985863,-1.623920666600373,-2.139976107686013,0.24712295016187488,-0.07760673641719407,0.25,-0.17466310823106798
86.5,7.777277066571901,-1.6453702807665187,-2.1481300115976754,0.2449609475595922,-0.08104486617393167,0.25,-0.17730923854799546
86.6,7.763142673014699,-1.6671208898496073,-2.1549675329131275,0.2580513690252076,-0.064971380183163,0.25,-0.17730923854799546
86.7,7.748855198910749,-1.689050758319026,-2.1617002028334764,0.25983705861558176,-0.06594715071939394,0.25,-0.17434671564399234
86.8,7.734407732747606,-1.7104546222638453,-2.169074438102068,0.25926112961326125,-0.08115728277943393,0.25,-0.17434671564399234
86.9,7.720041051432397,-1.7314570833651712,-2.1770958525851882,0.25025806529841343,-0.07697190817194116,0.25,-0.17549203780616196
87.0,7.705776738470433,-1.7523408684685804,-2.185557186206971,0.24753790247039661,-0.08495974209369896,0.25,-0.17367128200295143
87.1,7.691236819793766,-1.7729711311428378,-2.1936628681161565,0.2487381102565146,-0.06580080018710886,0.25,-0.17367128200295143
87.2,7.676466028823007,-1.7931513752358443,-2.200470115360086,0.24514933677559483,-0.06745370366810798,0.25,-0.17347133330347222
87.3,7.661528144524958,-1.8133399608897856,-2.2072775421003836,0.24414593028564072,-0.06789598515013802,0.25,-0.17347133330347222
87.4,7.646490777243791,-1.8336968855991103,-2.2145441350876593,0.2494537370373763,-0.07790588401042409,0.25,-0.17364567712358178
87.5,7.636431017919605,-1.8472822822428452,-2.2197820993896866,0.2476988348314748,-0.07442729280903317,0.25,-0.17155552414831843
87.6,7.621048263805139,-1.8675562465852609,-2.2274888886961093,0.25250689173410046,-0.07756977442496328,0.25,-0.17155552414831843
87.7,7.605194129627562,-1.8879235776352976,-2.235074320165953,0.2547456497327994,-0.0780959505290176,0.25,-0.1693203896287375
87.8,7.589228604580582,-1.9083663197912326,-2.2421696642695252,0.2601370267620454,-0.06061315915379489,0.25,-0.1693203896287375
87.9,7.573116130390172,-1.9288075639713609,-2.248808127968454,0.24424154776447002,-0.0647656974513679,0.25,-0.16978853428831503
88.0,7.556935962304628,-1.948754287695755,-2.2567867008807267,0.24990479621409345,-0.09072694454603474,0.25,-0.16749111755935076
88.1,7.540891414795256,-1.9684497168652024,-2.265286233687907,0.2538074287175327,-0.08504622064717456,0.25,-0.16749111755935076
88.2,7.524629931015071,-1.9878709885497754,-2.272559074936056,0.24393470047848734,-0.0700616984116505,0.25,-0.16598845643033788
88.3,7.508571379069823,-2.0071294320407014,-2.279971631528677,0.24146268024523262,-0.06823128850098963,0.25,-0.1663130203993784
88.4,7.492236779255874,-2.0261696535402933,-2.2872498998272666,0.2404772324172362,-0.07702273297021207,0.25,-0.1663130203993784
88.5,7.475601147468705,-2.0451042444295084,-2.2960262987497497,0.24654239399389513,-0.07705750869248,0.25,-0.16657438566138444
88.6,7.458676136027087,-2.0641969375610336,-2.3030017901480337,0.25594461251221423,-0.0706864117604511,0.25,-0.16657438566138444
88.7,7.4415584045067735,-2.0832190301565907,-2.3103652597489126,0.24848648493651543,-0.07193733531727457,0.25,-0.16312590128559776
88.8,7.424129338290439,-2.102220787578054,-2.3172979002027287,0.25438379373407627,-0.06982503029326359,0.25,-0.16312590128559776
88.9,7.4064260133718705,-2.1210967437625827,-2.3243146872785116,0.2549248148244034,-0.06721857219710152,0.25,-0.1591169456479398
89.0,7.388568383760388,-2.1398501114545945,-2.331204178881044,0.2574527174019299,-0.06342811773867572,0.25,-0.15331030638975998
89.1,7.376704518595605,-2.1523248969567756,-2.33538006000458,0.2511465223657396,-0.06383364201118016,0.25,-0.15331030638975998
89.2,7.359025245875994,-2.1707416486919837,-2.341639675633295,0.24613502637401602,-0.061416104786594164,0.25,-0.15787484887829442
89.3,7.34122162253639,-2.18893424235606,-2.3480283644998807,0.24859042529352865,-0.06448344290085242,0.25,-0.15893065721899888
89.4,7.323540539349043,-2.2069243976442263,-2.3546808973003084,0.2451618504763289,-0.06599833208857421,0.25,-0.15893065721899888
89.5,7.3057969782814975,-2.224759837791152,-2.361183070697086,0.2513825582537524,-0.0670869433827988,0.25,-0.16385038874079508
89.6,7.288001314459848,-2.242459202376004,-2.368189307770985,0.2431875059002054,-0.06547741352082809,0.25,-0.16385038874079508
89.7,7.269823689804621,-2.2602012055363088,-2.3754363658227637,0.2483727137115198,-0.07375363998899812,0.25,-0.1638230500887101
89.8,7.251399261227132,-2.2780514685780906,-2.3828746196678177,0.25180506747979586,-0.07499213189239423,0.25,-0.1638230500887101
89.9,7.232773161312335,-2.295744811732447,-2.390020565510365,0.2499568911093391,-0.07541891056090677,0.25,-0.16520680123828582
90.0,7.213677723193551,-2.313277419330088,-2.396949553061188,0.2561929567237986,-0.06930600526724551,0.25,-0.16636354666917297
90.1,7.194425347697443,-2.330680598290206,-2.403929023267194,0.25331998587426663,-0.07053312052436099,0.25,-0.16636354666917297
90.2,7.175245488861865,-2.3479493277362686,-2.4110364153595074,0.24812494989409944,-0.06888720019156011,0.25,-0.16762402556070027
90.3,7.156189935502276,-2.364979138019582,-2.4179902283105634,0.2539548238330496,-0.0691148311611174,0.25,-0.16762402556070027
90.4,7.137047826085495,-2.3817535106271888,-2.425252359365855,0.24988221844831113,-0.07756226530831178,0.25,-0.1665010874825308
90.5,7.117944677703334,-2.398302155097153,-2.4323796549152763,0.24261971654489645,-0.058426380848727484,0.25,-0.16906707781921188
90.6,7.099025325550801,-2.41474542849315,-2.4391723788717994,0.2496530034039989,-0.06971226909629111,0.25,-0.16906707781921188
90.7,7.07998641264637,-2.431034575327278,-2.4461116538111582,0.2503296710110596,-0.06956278407262664,0.25,-0.17004351592170566
90.8,7.067122105121373,-2.441791418124052,-2.450782043687195,0.2545450586146048,-0.06941838775871749,0.25,-0.17004351592170566
90.9,7.047420420453818,-2.458113926413106,-2.4586263842998517,0.2491326813763349,-0.0769213209855385,0.25,-0.170783423456226
91.0,7.027532412988279,-2.4743804325914667,-2.466521453624478,0.24787942938566432,-0.07393561694837451,0.25,-0.17116383079483613
91.1,7.007330167458895,-2.490469471784639,-2.47384558091506,0.25467473597133855,-0.06705259660735687,0.25,-0.17116383079483613
91.2,6.986759881559754,-2.5063710354736215,-2.4805496066758237,0.2516760426863888,-0.06567430022706679,0.25,-0.1698827046122505
91.3,6.966305221764822,-2.5221414583681274,-2.4873298426555226,0.2527211103314037,-0.06666530187337213,0.25,-0.1698827046122505
91.4,6.945961056235479,-2.5377122331698803,-2.4944712502205393,0.24748084147932123,-0.07053481529714237,0.25,-0.16982006435649777
91.5,6.925563532821536,-2.553090219019042,-2.5017717905491743,0.2516531856049822,-0.0707616366283975,0.25,-0.17161633404453733
91.6,6.9050913608899265,-2.568213207291894,-2.509216827450776,0.2523595338954056,-0.07970453341400342,0.25,-0.17161633404453733
91.7,6.884870300552312,-2.583116314998963,-2.516841830797039,0.24498241395433698,-0.06577790255163787,0.25,-0.17147347561836357
91.8,6.864735059937423,-2.597892953591556,-2.523421067455255,0.24316803092978884,-0.06403545775833432,0.25,-0.1684429862681154
91.9,6.844277979169328,-2.6125059979750964,-2.529793668139667,0.2472696215356647,-0.05418667674943706,0.25,-0.1684429862681154
92.0,6.823417974657452,-2.6271346274443927,-2.5362292315599912,0.2540741439582118,-0.07010567421787535,0.25,-0.16197000547862392
92.1,6.802368171451303,-2.6416478696706704,-2.543493038528573,0.2512891481191859,-0.06952392727396511,0.25,-0.16197000547862392
92.2,6.781045015263565,-2.6561362204960397,-2.550413081321548,0.24646301952915087,-0.05944690678009271,0.25,-0.16870894078298668
92.3,6.75941014516981,-2.6704377268124038,-2.556750852250482,0.2487821230661107,-0.06605486381787613,0.25,-0.16870894078298668
92.4,6.744927577412695,-2.679889568298339,-2.5609956145571133,0.25033832513998366,-0.06412427336879307,0.25,-0.16566659872331047
92.5,6.723541353851296,-2.6938750875007447,-2.5672154246032184,0.25041010402266395,-0.059402775733480795,0.25,-0.16863096465232974
92.6,6.7020945545518105,-2.7077229844709754,-2.5746804139785184,0.24849587883167326,-0.07541790405652002,0.25,-0.16863096465232974
92.7,6.680550163713111,-2.7214116274953395,-2.5823541615315073,0.25479011655073336,-0.07907916124209534,0.25,-0.17138751102563315
92.8,6.659050513662099,-2.73474482072126,-2.5905517088919274,0.24106635928860992,-0.059607547461466945,0.25,-0.17138751102563315
92.9,6.637868516413876,-2.747937354563743,-2.5967729736352685,0.24249470616667262,-0.057663493967813666,0.25,-0.17232773039477647
93.0,6.616129936309827,-2.7610085701719695,-2.6034177818622313,0.2576528668612611,-0.06974063699857068,0.25,-0.1723066609650031
93.1,6.594161405592923,-2.774009330405044,-2.6101567501227088,0.24965054735477393,-0.06487383409905435,0.25,-0.1723066609650031
93.2,6.572119467867269,-2.786902833700475,-2.617151419699253,0.24937196202952366,-0.07399929472540627,0.25,-0.17635861335324451
93.3,6.550043184453607,-2.7997708934863645,-2.6250838198927857,0.24650582794315462,-0.0732988893929685,0.25,-0.1768332013459092
93.4,6.5279226890764726,-2.812408281692498,-2.6325518623247794,0.24729251131390476,-0.07527154722415186,0.25,-0.1768332013459092
93.5,6.505860488861092,-2.8246725474123178,-2.6403544855585737,0.25226490240162636,-0.07835728029169513,0.25,-0.17218581268000516
93.6,6.4836364016306405,-2.8367726041900765,-2.6468767889666487,0.25002156056395947,-0.04988092317008158,0.25,-0.17218581268000516
93.7,6.461212882579304,-2.8488348239842063,-2.6529407209207343,0.25461758944670737,-0.06143350861970369,0.25,-0.177836552242852
93.8,6.438603307525773,-2.860755556050246,-2.6591863404350096,0.25111117964128404,-0.06673535800953372,0.25,-0.18161550640395147
93.9,6.415991912621204,-2.8725769388260822,-2.666955751445109,0.2559471126546196,-0.08812212492219061,0.25,-0.18161550640395147
94.0,6.4006726982141675,-2.88044062637878,-2.672474943073228,0.2506341169447026,-0.08188174345988489,0.25,-0.18370852090231776
94.1,6.377604199252105,-2.8920550278388917,-2.6810753352150978,0.24432637702046375,-0.08017564673712464,0.25,-0.18370852090231776
94.2,6.354580984772828,-2.9033719181000217,-2.691571296430963,0.249111229634912,-0.09535754780705252,0.25,-0.17608852159686902
94.3,6.331579024852406,-2.914392580243783,-2.6982857080345513,0.2533493655601778,-0.05981234449178155,0.25,-0.1754248289606052
94.4,6.308616175151646,-2.925258983852102,-2.704363209065237,0.24810602392930411,-0.05838700276075578,0.25,-0.1754248289606052
94.5,6.28566581648838,-2.9359001903930855,-2.7108786089839794,0.24273832087596084,-0.07717482998483242,0.25,-0.17684476797154863
94.6,6.262740638860465,-2.946346173808591,-2.718469655868233,0.24968962585320423,-0.07489588045008262,0.25,-0.17684476797154863
94.7,6.239674947648648,-2.9566213179884,-2.7268619434818935,0.24721109612518374,-0.08576811490041013,0.25,-0.1764467683284166
94.8,6.216333223494786,-2.9668441708857394,-2.7335360830196644,0.2474097934035628,-0.054379582307257986,0.25,-0.175378937343027
94.9,6.192829597427347,-2.9768945773100683,-2.739385780974108,0.24665906188713724,-0.058228635492691576,0.25,-0.175378937343027
95.0,6.169255274088737,-2.9868626586713485,-2.7450101320133666,0.2536334427999081,-0.061646607377351545,0.25,-0.17233932797465085
95.1,6.145410388206879,-2.9968951540626816,-2.752834349254943,0.2529861278885627,-0.07690760321419685,0.25,-0.17233932797465085
95.2,6.121434585403687,-3.0069259546896756,-2.7603722775785564,0.25413694808775283,-0.07203715536383913,0.25,-0.17366232139450133
95.3,6.097607135851911,-3.0164542405526706,-2.7685989351333573,0.2521674270231972,-0.08863119091235654,0.25,-0.17366232139450133
95.4,6.073800703340954,-3.0256746083989396,-2.774570260177618,0.24845274379269244,-0.0530737606133874,0.25,-0.17331279859228463
95.5,6.050212526874875,-3.034777161452537,-2.7800518375482186,0.247522583094454,-0.05216966417549262,0.25,-0.17824077493178248
95.6,6.0266123795795465,-3.043660027358087,-2.786138413045577,0.24039662277623497,-0.0751936707158926,0.25,-0.17824077493178248
95.7,6.010882105530735,-3.049521614029835,-2.7910024631691845,0.2488909793612891,-0.07579203017884083,0.25,-0.1881582812075941
95.8,5.987226500757727,-3.058131513225063,-2.799644026235159,0.24498826511325061,-0.0903882894604237,0.25,-0.1881582812075941
95.9,5.963322363411553,-3.066582997923104,-2.8079156903430738,0.2494419631903257,-0.06047631633604092,0.25,-0.19150641821371883
96.0,5.939212830511562,-3.074910615739252,-2.8139563512069,0.24705774732777627,-0.05757995773716751,0.25,-0.19150641821371883
96.1,5.915033978228143,-3.0830857000371763,-2.8198136412357844,0.24509043121015367,-0.06069458066682287,0.25,-0.19100154389757573
96.2,5.890588025776492,-3.091183770735825,-2.826508523886725,0.25455597296753757,-0.07901879881118516,0.25,-0.19490176776839596
96.3,5.865916242247538,-3.099200796224276,-2.8350428539849704,0.25580703359330775,-0.07957231118207764,0.25,-0.19490176776839596
96.4,5.841151198704945,-3.107129450680161,-2.843451469793056,0.260288021995642,-0.08709717880467281,0.25,-0.20253253989256925
96.5,5.81666966870807,-3.1145934110450804,-2.8523428649114058,0.2524184462795154,-0.0625379863100388,0.25,-0.20253253989256925
96.6,5.792261909618723,-3.1218104481656996,-2.8580285426220935,0.2535970122120586,-0.055883121748784,0.25,-0.2030460202126565
96.7,5.768278400141838,-3.1288941664006686,-2.863704224216375,0.2438664542901434,-0.05454317696744312,0.25,-0.20503617646577865
96.8,5.744272382324173,-3.135689476743792,-2.871610167461185,0.2470377613981598,-0.0969711440472365,0.25,-0.20503617646577865
96.9,5.720113858738016,-3.1421938617140563,-2.8818922242835523,0.24727983024911315,-0.10753602325310796,0.25,-0.21179784257750806
97.0,5.695649735332704,-3.148581753362237,-2.8924450936276274,0.24832863113159206,-0.0879895771003559,0.25,-0.21179784257750806
97.1,5.670918925320036,-3.1548043088911033,-2.8997434960565878,0.24999620985448462,-0.06282312022352829,0.25,-0.21225131322810947
97.2,5.654375764718268,-3.1588656396668746,-2.9038171643945527,0.2504043430824687,-0.05830362856198976,0.25,-0.2075469982444042
97.3,5.628975984747936,-3.1648644700984585,-2.9092174006600984,0.2639010704908708,-0.04650371362009357,0.25,-0.2075469982444042
97.4,5.603366114336179,-3.170779193041514,-2.9149912193467293,0.25517820416988024,-0.06731927298277426,0.25,-0.2063448714089755
97.5,5.577975580047211,-3.176585213238402,-2.922201729790367,0.2505123081561971,-0.08833530621295592,0.25,-0.2063448714089755
97.6,5.552766155349558,-3.1821311117989315,-2.9314940107011154,0.2591435773486989,-0.10595214279198907,0.25,-0.21064076793716285
97.7,5.527791209262701,-3.1873748499099275,-2.9400846182822877,0.24259340469873814,-0.07767230765646783,0.25,-0.21064076793716285
97.8,5.502959913485238,-3.1923558577795563,-2.9497757852605746,0.24032519737254154,-0.10421372496032506,0.25,-0.2052419137337133
97.9,5.478268546925015,-3.197136891308796,-2.957857500497917,0.25162707953354024,-0.05812004835284799,0.25,-0.2052419137337133
98.0,5.453748214852444,-3.2017232737008063,-2.963827136017475,0.2457120942451501,-0.055269109514073274,0.25,-0.20693148635227498
98.1,5.429520109730799,-3.2061282495471626,-2.96852531418886,0.24593468244206385,-0.06499609625614869,0.25,-0.20214832367565727
98.2,5.404512889412895,-3.2104368600434046,-2.9767862773057314,0.25031801520871594,-0.08228891106225031,0.25,-0.20214832367565727
98.3,5.379374214290397,-3.214591838438445,-2.985419908313675,0.25206660743742626,-0.08651548438079257,0.25,-0.20617718884209613
98.4,5.353707972924738,-3.2185395494804956,-2.9931822002067423,0.2604565127789293,-0.06014455963018676,0.25,-0.20617718884209613
98.5,5.327618744091851,-3.2223117179406637,-2.9979653999629057,0.25965740791897673,-0.045225484635436186,0.25,-0.19585166774787532
98.6,5.301568540682845,-3.225971850918991,-3.002209619757501,0.26314780873924354,-0.04387947558724805,0.25,-0.19585166774787532
98.7,5.275677662370767,-3.229519472888501,-3.006642495540017,0.24733504584731197,-0.060393459048112934,0.25,-0.18854305407130975
98.8,5.25889274999346,-3.231815166758927,-3.0113017635020443,0.2539437369000532,-0.06841563124243817,0.25,-0.18854305407130975
98.9,5.2336873204647825,-3.2350652163237776,-3.0189227775862886,0.24771799088466662,-0.08840792813193683,0.25,-0.1846403766359126
99.0,5.208590527384251,-3.2381040451063616,-3.027330224188117,0.2421827734141076,-0.06319721531435651,0.25,-0.1846403766359126
99.1,5.183697805255879,-3.240989466453515,-3.032284051393425,0.24234940216140086,-0.041623473006517135,0.25,-0.1738999977685557
99.2,5.158947180752321,-3.2437352532112835,-3.0360817654480634,0.2486378658204345,-0.036657188125964614,0.25,-0.15859141018507178
99.3,5.133949008784469,-3.24636587647622,-3.0401558963872644,0.2510244514206756,-0.04958441798288133,0.25,-0.15859141018507178
99.4,5.108573154213689,-3.248931042901368,-3.045491744594427,0.25222382431222645,-0.05758589552232731,0.25,-0.15287531578381303
99.5,5.083078173914157,-3.2513504975774548,-3.0507347787853307,0.25441068480654755,-0.05475320115561071,0.25,-0.15287531578381303
99.6,5.057285577660369,-3.2536276103420576,-3.056428227710168,0.25732973970782513,-0.03192105901679251,0.25,-0.14255868955865897
99.7,5.031390692084621,-3.2557982353022794,-3.059993367464032,0.26020995004709496,-0.030380953266972634,0.25,-0.14255868955865897
99.8,5.005510230345484,-3.25788108053044,-3.063066014516914,0.2591018176578616,-0.026938002944681082,0.25,-0.13854733241322775
99.9,4.980082516632473,-3.259858024175049,-3.0676680002062304,0.25405077110220975,-0.04772975098666566,0.25,-0.13129058575083855
100.0,4.954603765476437,-3.2617230493708207,-3.0723747468993867,0.24736104120303393,-0.04316429181993461,0.25,-0.13129058575083855
100.1,4.929218225531056,-3.2634381512352193,-3.077288634461538,0.24753065243252037,-0.05470001789350888,0.25,-0.1229306927604413
100.2,4.904060777320669,-3.2650613258001497,-3.080964214869797,0.2472184218393716,-0.036839505490594476,0.25,-0.1229306927604413
100.3,4.878880284086919,-3.2665639194550296,-3.0841840927771655,0.2510325411481301,-0.025385261797779606,0.25,-0.11225191674051144
100.4,4.853608248811351,-3.2679965325764715,-3.0868161043930686,0.25625606173645465,-0.034394342126707736,0.25,-0.1090969346963633
100.5,4.836622601287152,-3.26890807557737,-3.089257874836579,0.2524109323754731,-0.03914142565332664,0.25,-0.1090969346963633
100.6,4.8111131408832986,-3.2702213043714337,-3.093372585072469,0.2526118035912276,-0.04063630028005808,0.25,-0.10302382898785314
100.7,4.785569177313375,-3.2714343839721396,-3.09668317772122,0.2529124926468432,-0.03339026919585918,0.25,-0.10302382898785314
100.8,4.759812338284627,-3.2725961226179248,-3.0992519358868655,0.2507587379919347,-0.02248610352820011,0.25,-0.095032904915103
100.9,4.734161563243398,-3.2737025484165687,-3.101646013762329,0.25316432665665045,-0.024635994069606124,0.25,-0.09169018396116443
101.0,4.708554553866843,-3.274742295325899,-3.1043337602054013,0.2522084941049233,-0.03111080540541278,0.25,-0.09169018396116443
101.1,4.683062422158321,-3.2756861537259723,-3.107250597494881,0.2501484204447929,-0.019731197969777212,0.25,-0.08636354038505017
101.2,4.657582147219849,-3.2765469016721447,-3.1097649600384583,0.24705608219068495,-0.026613399625564877,0.25,-0.08636354038505017
101.3,4.632223445459828,-3.277306174354733,-3.1121875193859667,0.25006782319058574,-0.017861960857249736,0.25,-0.08067326448422073
101.4,4.606901196636093,-3.2780269273914393,-3.114144691616203,0.24762660411316373,-0.01899182999722344,0.25,-0.08067326448422073
101.5,4.581583689081318,-3.278695737469019,-3.1160042918174082,0.24998194197424764,-0.017191568956329784,0.25,-0.07743887074074962
101.6,4.556106761101988,-3.279333759392889,-3.118076030589903,0.24985924683693428,-0.015576853780383473,0.25,-0.0736171754349065
101.7,4.530596595064172,-3.2799267883768857,-3.1200368198562614,0.25248819818625706,-0.019792144365958293,0.25,-0.0736171754349065
101.8,4.5050331394823075,-3.2804643391056674,-3.1223494318628697,0.25346558660748475,-0.015767407132062674,0.25,-0.06842070805466642
101.9,4.479366071705963,-3.2809621250367633,-3.123929001662529,0.2521441616026653,-0.01458127971096538,0.25,-0.06842070805466642
102.0,4.453738349201614,-3.2814263066334006,-3.1255210610233313,0.252066163344951,-0.015281833942232462,0.25,-0.06341374489115115
102.1,4.4281790608088345,-3.281831930225338,-3.1272399666833626,0.2508894191016387,-0.02244461806194236,0.25,-0.06149499008143104
102.2,4.411203908954598,-3.282034092021564,-3.128627066247932,0.25019171536500306,-0.020134408965317045,0.25,-0.06149499008143104
102.3,4.385736214785699,-3.2823078743703467,-3.1305180396747567,0.24943963107738715,-0.018234226395882118,0.25,-0.05735306136403638
102.4,4.360250588778345,-3.2825726054529385,-3.1323667932271624,0.25253215440875065,-0.013267996277611216,0.25,-0.05735306136403638
102.5,4.334850924848129,-3.2827818145090584,-3.1336615979106095,0.2512866628014352,-0.012848760503663717,0.25,-0.05408003219798526
102.6,4.309409042903245,-3.282949457357397,-3.1349133347073224,0.25022250239167815,-0.011688477284537344,0.25,-0.05029047552425325
102.7,4.2839318126909625,-3.283101714850843,-3.1360856519977465,0.24666833445505446,-0.012585143049175875,0.25,-0.05029047552425325
102.8,4.258425405544557,-3.2832351082667994,-3.137509916990201,0.25200059134980646,-0.013437751768264651,0.25,-0.04775564201146716
102.9,4.232902545367037,-3.2833314713237356,-3.1388568760678273,0.25020323863097677,-0.013698291704914265,0.25,-0.04775564201146716
103.0,4.207350242781581,-3.283417733181403,-3.1401228731750175,0.2513854767268947,-0.010901773412828998,0.25,-0.04383487713052157
103.1,4.1817541526381365,-3.2834605409705575,-3.1411004196465764,0.25188318553013633,-0.009942015289126974,0.25,-0.039713336580961545
103.2,4.156194598010259,-3.283479117095632,3.1410485864889104,0.2493772957645439,-0.012221135887401997,0.25,-0.039713336580961545
103.3,4.130682319596722,-3.2834603728079323,3.1397697328108283,0.2521989380852372,-0.009810923594608592,0.25,-0.0372922343154514
103.4,4.105187443142808,-3.2834093740026256,3.1386077583780394,0.25010430202376016,-0.008624673958390582,0.25,-0.0372922343154514
103.5,4.079693899140239,-3.2833242225058363,3.1375853457958764,0.2509825458237601,-0.009486086161348752,0.25,-0.0351805371594862
103.6,4.054228424808142,-3.283199774765063,3.136767185037219,0.24893540591806604,-0.007615331605575032,0.25,-0.033189636274123024
103.7,4.037252989117148,-3.2831056977664854,3.1362737469285955,0.24898652466015395,-0.0073439888477532965,0.25,-0.033189636274123024
103.8,4.011758503266212,-3.28294962094271,3.1355532104590833,0.25022898268316246,-0.006266167683203898,0.25,-0.028827966833799335
103.9,3.986259479187588,-3.282784849938082,3.1347960535554216,0.25190268507608116,-0.008838707575490897,0.25,-0.028827966833799335
104.0,3.960757406126511,-3.2825963477691964,3.1338042408700364,0.24982887376689886,-0.007430605806285267,0.25,-0.02800375603744226
104.1,3.9352358388075768,-3.2823970509539744,3.1330969450229356,0.25025838585806504,-0.006314664160954215,0.25,-0.02474472569753492
104.2,3.90967279252834,-3.2821853255077547,3.1325611689341217,0.2512366150156501,-0.004408750486050979,0.25,-0.02474472569753492
104.3,3.884133271520285,-3.2819577317620405,3.1320310823288424,0.25131299536575197,-0.005159544960001734,0.25,-0.022184741838483527
104.4,3.858621323510977,-3.281712998536861,3.1315389863092737,0.2511885527253602,-0.007295393776974126,0.25,-0.022184741838483527
104.5,3.833118257892841,-3.281454228364357,3.1306920185138156,0.2500539887386373,-0.005013674691911816,0.25,-0.0203072546619511
104.6,3.8076133487218544,-3.2811734877550265,3.1299522509390036,0.250349954246371,-0.009050676004428057,0.25,-0.01953378413524231
104.7,3.782123783795123,-3.2808675704783505,3.1293384988276207,0.24951008054079427,-0.003861603207600987,0.25,-0.01953378413524231
104.8,3.756632393917858,-3.280537535443248,3.128880903357553,0.24950676664005458,-0.003936867987263515,0.25,-0.015352463119415172
104.9,3.7311231254085953,-3.280202236967116,3.128561755220109,0.25033298032960166,-0.0022482247137115712,0.25,-0.015352463119415172
105.0,3.7056196175537495,-3.279868906603152,3.128181948678738,0.24939396185584484,-0.004391267536544738,0.25,-0.013035121027255235
105.1,3.680113872149418,-3.279522576182032,3.1276486912158257,0.24971779412216694,-0.004950888914600579,0.25,-0.013035121027255235
105.2,3.6546025254607426,-3.279165314329178,3.1272428055365187,0.2500415893368158,-0.0027376106010122397,0.25,-0.009742550061534575
105.3,3.6290825065711623,-3.27879808033055,3.127072291050319,0.25068708032703224,-0.0019895822043515723,0.25,-0.009742550061534575
105.4,3.612076095124825,-3.2785530984465785,3.1269567987351228,0.2500547712699762,-0.0024557576832691065,0.25,-0.009919788864067986
105.5,3.586572156873458,-3.2781778570027416,3.1267744385546417,0.2503441553682137,-0.0008320087428025585,0.25,-0.008229422664698996
105.6,3.5610676782571455,-3.277795435068562,3.126407269366504,0.24980971399792531,-0.005625520186101102,0.25,-0.008229422664698996
105.7,3.535563136404597,-3.2774064434315644,3.1258768594301323,0.2500939975036062,-0.0020781195472159247,0.25,-0.0065726386426951285
105.8,3.5100604322434323,-3.2770017293487044,3.1256455291925684,0.2503016067690523,-0.0016150338261170028,0.25,-0.0065726386426951285
105.9,3.484554707151665,-3.276590374431417,3.12556258027394,0.24978010927247746,-0.00037446325075523717,0.25,-0.005482022666739415
106.0,3.4590535456588323,-3.2761764343587383,3.125526560247586,0.2501324127058946,-0.00017348750778091172,0.25,-0.0030321746763404944
106.1,3.4335483472419535,-3.27576668196403,3.1255319171219087,0.24988830092348555,-0.0007177129081453741,0.25,-0.0030321746763404944
106.2,3.4080430141810982,-3.275355327213679,3.1253353193779154,0.24983921218933977,-0.001721833414815066,0.25,-0.0029884789372055694
106.3,3.382536363616801,-3.2749405233036843,3.1251200508653967,0.2503702424098197,-0.0013408136906030532,0.25,-0.0029884789372055694
106.4,3.3570300688678802,-3.2745191958843574,3.12507075778088,0.25031704467883376,-2.9688604563215043e-05,0.25,-0.002646839933229469
106.5,3.3315256492484275,-3.2740991835568574,3.1250843078413424,0.25035930715324495,0.0006668678007415222,0.25,-0.00011201118868382418
106.6,3.3060216599650185,-3.273680535511378,3.1251673801324023,0.2500387942531841,0.002021832897021246,0.25,-0.00011201118868382418
106.7,3.280516790650225,-3.2732609907346637,3.1252054006989436,0.2502617053203932,-0.00016890317051909394,0.25,0.0005910920367203868
106.8,3.255011331977146,-3.2728400898356034,3.1250393835211003,0.250101658754961,-0.0015990693623295891,0.25,0.0005910920367203868
106.9,3.2295060911352325,-3.2724181213908237,3.1249080050418736,0.25012409159350685,-0.00011128703353191373,0.25,0.0009969070780842856
107.0,3.2039958501558847,-3.2719916774357096,3.1250225412457406,0.250120783798471,0.00105505302050557,0.25,0.0015121985211429944
107.1,3.1869876397628274,-3.2717085129648926,3.12513972899069,0.25036748786995683,0.0015495320509416263,0.25,0.0015121985211429944
107.2,3.161482872003463,-3.2712913146310716,3.1252617172619663,0.2498377368153626,0.0010577881313931327,0.25,0.0038249185227139434
107.3,3.135979103465298,-3.270875593527659,3.1252544633722974,0.25008499861383265,-4.362011721970637e-05,0.25,0.0038249185227139434
107.4,3.110473127978432,-3.270459885586912,3.125248807631951,0.24983311518171059,0.0003023941248733222,0.25,0.003819862600892959
107.5,3.0849669732964515,-3.2700417620998414,3.12526583228121,0.2502326404682356,0.0007633606688178576,0.25,0.0033796395364777115
107.6,3.0594727046792185,-3.2696260237452694,3.125461957919828,0.24979423071902557,0.0019297014964826812,0.25,0.0033796395364777115
107.7,3.0339752177806942,-3.269216725437589,3.125619019067108,0.25000117587261456,0.0010570282808343543,0.25,0.0038096932823698674
107.8,3.0084703715439196,-3.2688071170439033,3.125833864911241,0.24995119417748207,0.0005380866823988959,0.25,0.0038096932823698674
107.9,2.9829665728909815,-3.2684042718509296,3.125803820350857,0.2501700977247309,0.0008136283111347686,0.25,0.006324870422697208
108.0,2.9574585569540637,-3.2680005849717504,3.1257138970774285,0.25030697483486697,0.0007598278663547644,0.25,0.006845960633065631
108.1,2.931943437616676,-3.2675969883105624,3.125923889581204,0.2502129474767333,0.0031346085329911778,0.25,0.006845960633065631
108.2,2.9064259443269918,-3.2672030281552087,3.1262071031504846,0.24970172015091946,0.0026087254506281525,0.25,0.006895458730932521
108.3,2.880916203352611,-3.2668112565050706,3.1265019885458423,0.24959036200416118,0.002083110949515391,0.25,0.006895458730932521
108.4,2.8554140309504374,-3.266431031692482,3.126650128100715,0.24988510704054262,0.0007460461525612643,0.25,0.008012211618861936
108.5,2.8299127188197994,-3.2660502937195095,3.1267419788303297,0.25004927535158916,0.000836481008306033,0.25,0.00700411605450719
108.6,2.812912511005068,-3.2657974593774317,3.1267937270352677,0.2499977102856225,0.0011432273316395213,0.25,0.00700411605450719
108.7,2.787421622040479,-3.265418712693969,3.127048309588122,0.2497130715878218,0.004025836157692231,0.25,0.007255528787155956
108.8,2.761935649524616,-3.265051999652772,3.127350431014071,0.24995382506920083,0.002498066852041114,0.25,0.007255528787155956
108.9,2.736433014848784,-3.2646883228130066,3.1276270085323272,0.24995811649688257,0.003963665812780714,0.25,0.0076517675837291105
109.0,2.7109332016801364,-3.26433959389844,3.1277720196315206,0.25021305937191424,0.0011520412772763047,0.25,0.0073651019946886255
109.1,2.685433584422279,-3.263986868149864,3.1277898005003832,0.2505255934478628,0.0010745253475216612,0.25,0.0073651019946886255
109.2,2.6599238593146595,-3.2636382077092585,3.1278482943955157,0.25003706220039695,0.0014843877004522298,0.25,0.008603244230349577
109.3,2.6344033968047036,-3.2632939021147287,3.128154534503659,0.2497905857938239,0.0033972943198808513,0.25,0.008603244230349577
109.4,2.6088833910132743,-3.262955950133467,3.128522405906705,0.25036698436476634,0.0037000815147758526,0.25,0.009130908907584001
109.5,2.5833818013156225,-3.26262467509217,3.1287734101563625,0.2506299803192701,0.001865267042544237,0.25,0.009855545876817522
109.6,2.557875162050894,-3.262298659027414,3.128897505758729,0.24974525919761797,0.0018027861584409373,0.25,0.009855545876817522
109.7,2.532373831408667,-3.261976424317008,3.129067799205691,0.24993310320914447,0.0018020668979180621,0.25,0.00910475715442198
109.8,2.5068872540391625,-3.2616573717136825,3.1292995825982377,0.2504793049745512,0.0037162016101359415,0.25,0.00910475715442198
109.9,2.481403621262789,-3.2613432028497567,3.1296775328439526,0.2501763195714176,0.005542063936419695,0.25,0.011492488201136396
110.0,2.4558988637423442,-3.261038383505163,3.1301566809589096,0.24987492504022898,0.0034465271832200654,0.25,0.010300798061687582
110.1,2.4303920749465293,-3.260750765616034,3.1303525845802,0.24947611425788166,0.0004397381699280812,0.25,0.010300798061687582
110.2,2.413385128438624,-3.2605599956136966,3.1303489873951884,0.2503273434666089,0.0013266338702043665,0.25,0.008962669309972644
110.3,2.387880582313688,-3.2602731150326396,3.130430711810655,0.250760690914539,0.0012708913669157796,0.25,0.008962669309972644
110.4,2.3623608636005735,-3.2599888169863855,3.1306891891220365,0.250692487561384,0.00366483474632907,0.25,0.009071661063794909
110.5,2.336837846617665,-3.259713555099507,3.1310713420842,0.2502221056666779,0.00274265585505854,0.25,0.009150617251553972
110.6,2.3113312315904477,-3.2594482746181743,3.1314159066905285,0.2503864827858672,0.002818846548961488,0.25,0.009150617251553972
110.7,2.2858247965439844,-3.259189222393903,3.1315410221141016,0.24993186355192074,0.0009881825942119437,0.25,0.009429061551225165
110.8,2.2603215956686706,-3.2589349440390065,3.1316874858757417,0.250476224596804,0.0013459844771078874,0.25,0.009429061551225165
110.9,2.2348261531378286,-3.2586827211532117,3.1318013701326906,0.25003872712082376,0.0028690293226615073,0.25,0.009138129135248295
111.0,2.209342341317688,-3.2584324185531695,3.13208803178345,0.2504562999318746,0.0037304498895313148,0.25,0.009138129135248295
111.1,2.183857411555187,-3.258197639358297,3.132430611080586,0.2503991759497664,0.002760569682976327,0.25,0.009077607274737862
111.2,2.1583533432240563,-3.257968455875469,3.132793506702317,0.24984783517360504,0.002643626415489249,0.25,0.008316789510446208
111.3,2.1328421669057964,-3.2577449962427276,3.1328777057804476,0.25013654681188346,-1.2297197575925153e-05,0.25,0.008316789510446208
111.4,2.107332577875219,-3.2575233568887754,3.1328392959256375,0.24946954538084432,0.0010985193189381101,0.25,0.008170205554633646
111.5,2.0818131110419933,-3.2573009261440573,3.133082832090383,0.24973060769122127,0.003352477734400592,0.25,0.008170205554633646
111.6,2.056289450237884,-3.2570845625960296,3.1334526657851227,0.249673911261494,0.002805687109083058,0.25,0.008628609242053116
111.7,2.0307783199139684,-3.256879358470704,3.1337477186550498,0.250657786260071,0.0021462390893887875,0.25,0.008407264287534997
111.8,2.013776584267319,-3.256747827668621,3.1338612366674603,0.2498561250774373,0.0006954726195238813,0.25,0.008407264287534997
111.9,1.988275875967041,-3.256551783529253,3.133960348577734,0.24962383523915685,0.0010414584864943065,0.25,0.007202767869053241
112.0,1.9627622272578935,-3.2563600194057547,3.1340560914127424,0.24989905540938953,0.0009088091709886383,0.25,0.007202767869053241
112.1,1.9372691903567598,-3.256172082286012,3.1343181220467744,0.2498084027156334,0.004442473251725173,0.25,0.007944999172954917
112.2,1.9117819201676047,-3.255992129191405,3.1346408953736113,0.2503897988602685,0.0035011634684729252,0.25,0.007504844698851487
112.3,1.8862828951016908,-3.2558175206559006,3.134934102434875,0.25044558662289534,0.0014458902772681867,0.25,0.007504844698851487
112.4,1.8607746306636566,-3.2556525551300246,3.1350156740495656,0.24964274079758741,3.921856389919567e-05,0.25,0.005673956364352389
112.5,1.8352634457380432,-3.255486684103764,3.13492593587815,0.2504804299630834,0.0005088564474016119,0.25,0.005673956364352389
112.6,1.809752423907239,-3.255316561832412,3.134996305475621,0.249949279722628,0.0018961357176990557,0.25,0.003218770850914335
112.7,1.7842349104413568,-3.255150208238091,3.1351975041280835,0.25027901535693803,0.0010031277654814227,0.25,0.003218770850914335
112.8,1.7587177412625117,-3.2549880258072093,3.135424862969454,0.25021477783365126,0.0022481348320961673,0.25,0.005037190938079694
112.9,1.7332101972131508,-3.254833166748905,3.1355543901666665,0.25051037730040815,0.000641622071703031,0.25,0.003853488476770979
113.0,1.707701853990328,-3.25467974862082,3.1355445137659763,0.2500701187691558,2.077726852822767e-05,0.25,0.003853488476770979
113.1,1.6821944519389507,-3.25452715349336,3.13555104799848,0.2500306455536132,0.00015770501678000724,0.25,0.0007995265012396488
113.2,1.656690567212533,-3.2543729078294827,3.1356320840167053,0.2499009053971721,0.0015244097629977492,0.25,0.0007995265012396488
113.3,1.631187081036592,-3.2542217959860085,3.135744357574007,0.25020254356010957,0.0006103824781096171,0.25,-0.0011251087080770134
113.4,1.6056806302030826,-3.2540756765655487,3.135829271975943,0.25014121687088464,0.0001418615702506845,0.25,-0.0011251087080770134
113.5,1.5886756601212892,-3.2539797923752447,3.1357877434897996,0.2500839743559435,-0.0013631962870558538,0.25,-0.003023985288383574
113.6,1.5631690968836613,-3.253828233100013,3.1354307595848567,0.25007512274183824,-0.0026945980869570174,0.25,-0.005222208497158522
113.7,1.5376618599290839,-3.253669691682607,3.135218912548605,0.250038485145878,-0.00231914713786244,0.25,-0.005222208497158522
113.8,1.5121582556744493,-3.2535034968924545,3.135120157743309,0.24956704897306817,-0.0006916190961685873,0.25,-0.00907521689328323
113.9,1.4866458056353093,-3.253330621765622,3.1349543859330185,0.2502990660049403,-0.0019025088012399607,0.25,-0.00907521689328323
114.0,1.4611351714032086,-3.2531599517316745,3.1347851315715927,0.2495773021062355,-0.0025412768138663067,0.25,-0.010748949205306758
114.1,1.4356343701742458,-3.25298469873865,3.1344300507544505,0.24997881005299288,-0.0031234534631048314,0.25,-0.012957098855695015
114.2,1.4101238380837187,-3.2528013155693345,3.1338783502166905,0.24952327143352857,-0.004134614345489211,0.25,-0.012957098855695015
114.3,1.384602230853827,-3.2526038336932395,3.1334658457731193,0.25046729201069773,-0.0035342881592454237,0.25,-0.016407760372702626
114.4,1.359073185597829,-3.252401245972322,3.133121165094288,0.2495815980063787,-0.0034535064380493445,0.25,-0.016407760372702626
114.5,1.3335439593393628,-3.2521825795959054,3.132822419976177,0.2506229940732503,-0.002460507268888457,0.25,-0.0157914574181063
114.6,1.308041628184447,-3.2519519473576546,3.1324331279984863,0.24948425754472822,-0.007675320855203176,0.25,-0.017568346127053838
114.7,1.2825389314423532,-3.25169848052455,3.131569130076493,0.24999418682138766,-0.0058932218602075846,0.25,-0.017568346127053838
114.8,1.2570401728693283,-3.251434176329893,3.1308698076563486,0.2490910111899479,-0.006382508479842698,0.25,-0.018852747975541047
114.9,1.2315410310887491,-3.25114300766387,3.13043110537544,0.24885649839387058,-0.004094380363044188,0.25,-0.018852747975541047
115.0,1.2145340513642915,-3.2509449399686154,3.130157678854289,0.2497845995785249,-0.003941878080221409,0.25,-0.01882489875953243
115.1,1.1890344647234958,-3.2506426582698897,3.129778030422745,0.24980135489369898,-0.0030132355165459193,0.25,-0.019858948673689418
115.2,1.163525042021022,-3.250334424917204,3.1293394277905673,0.24876640352052096,-0.0062258933844105534,0.25,-0.019858948673689418
115.3,1.1380025038098631,-3.2500347523909796,3.128743289788743,0.25021923601335233,-0.0048635458975732435,0.25,-0.02269260361185456
115.4,1.112499910589936,-3.249704084732577,3.1281136410158368,0.24864948796657732,-0.004404370120128735,0.25,-0.02269260361185456
115.5,1.0869757003706246,-3.2493601573846056,3.1277501821398777,0.2498002223085958,-0.0008173582523979522,0.25,-0.0055314558693097815
115.6,1.0614650282725395,-3.2490066501719443,3.1276886493820837,0.2499231159221384,-0.0008187783961492837,0.25,-0.007099345946643375
115.7,1.035959185351074,-3.248649212999899,3.127602886539871,0.2502379017579924,-0.001038724215391943,0.25,-0.007099345946643375
115.8,1.010453553510972,-3.2482912545739495,3.1272627034904885,0.24965902204363957,-0.004579031249065671,0.25,-0.014414006223443437
115.9,0.9849523214711154,-3.2479259775558,3.126652069287051,0.24998262888124684,-0.009035940430024175,0.25,-0.014414006223443437
116.0,0.9594547308134753,-3.247541685015482,3.126149284656005,0.25002953612345535,-0.002802072472145226,0.25,-0.015010969766838425
116.1,0.9339540044197403,-3.247135489448487,3.125859494176601,0.25086300537221123,-0.002759902503865424,0.25,-0.016989047805810627
116.2,0.908460086873015,-3.246722748324355,3.1255267899687724,0.25060066767676836,-0.0027938223379862393,0.25,-0.016989047805810627
116.3,0.882951896726543,-3.2463127468555446,3.125242245669777,0.2507932301460458,-0.0038549765972732885,0.25,-0.034497483728688744
116.4,0.857448706999427,-3.2458960695087278,3.1242671827091812,0.25139420115116834,-0.012682850130397093,0.25,-0.034497483728688744
116.5,0.8319376195156706,-3.245447988117738,3.1232077139649004,0.2488330146753113,-0.009581619859364333,0.25,-0.03567345043632594
116.6,0.806400647475188,-3.2449876416775743,3.122383807145645,0.249695419486921,-0.008118219267923187,0.25,-0.039266582036531925
116.7,0.78936116961861,-3.244674190256298,3.121801003049732,0.24786365911921845,-0.008934787621766253,0.25,-0.039266582036531925
116.8,0.7638617749904696,-3.2441627269188396,3.1207734725136755,0.2477741067670566,-0.008716330262433685,0.25,-0.043688808916827505
116.9,0.7383412658285732,-3.243610774004765,3.119745521211098,0.2520063556178729,-0.010217984098608322,0.25,-0.043688808916827505
117.0,0.7128484194178143,-3.2430365139358623,3.1182854528436175,0.24955724146424435,-0.015138581116650668,0.25,-0.04316009627841357
117.1,0.6873508124941535,-3.242444470350061,3.116728403690076,0.2474778954784116,-0.012225751621812794,0.25,-0.04316009627841357
117.2,0.6619088610162375,-3.2417859937922557,3.115659433320749,0.25140493135697056,-0.010624654726351657,0.25,-0.04424919163049981
117.3,0.6364667138614514,-3.2411045785777644,3.1146414049217097,0.2490299542902382,-0.009366804804671797,0.25,-0.04320421887637894
117.4,0.6109679088942298,-3.2404009669062708,3.1137849292673416,0.25158991588608376,-0.00853462541723785,0.25,-0.04320421887637894
117.5,0.5854457197143911,-3.2396938884447537,3.1128490915651597,0.25123400285476044,-0.011183849358360651,0.25,-0.04549641021268853
117.6,0.5599572960311875,-3.238946500378596,3.11150793393532,0.2518271062291778,-0.01454787287591462,0.25,-0.04549641021268853
117.7,0.5344165625405863,-3.2381741757984246,3.11030216835088,0.25193991243577085,-0.01341913844877311,0.25,-0.04748048099256999
117.8,0.5088909387259044,-3.237385662790177,3.1090739625122294,0.24768868605315206,-0.014301080823085946,0.25,-0.04748048099256999
117.9,0.48346024989733805,-3.236553708468194,3.1074381325887765,0.2523203515825999,-0.015861072070459774,0.25,-0.0529667946339009
118.0,0.4579817874594656,-3.2356903471697627,3.106001245053508,0.2501347875988211,-0.013497474512895766,0.25,-0.055004744728062056
118.1,0.4324714277395847,-3.23478969338062,3.1042748553698476,0.24991766640915367,-0.017931978543282535,0.25,-0.055004744728062056
118.2,0.40700787457165544,-3.2337888035779443,3.1024971669024515,0.25089061295554826,-0.021462321909895773,0.25,-0.059971531813384896
118.3,0.39008183474361624,-3.233119807448362,3.101377218300351,0.2497877558007374,-0.013767191372432078,0.25,-0.059971531813384896
118.4,0.3646549396853657,-3.232060398479287,3.0998397315912216,0.24682486489063143,-0.013932208188651218,0.25,-0.06032874859547556
118.5,0.3391725218228259,-3.230968955356696,3.098410671197081,0.2464981849446976,-0.010570286518789761,0.25,-0.06603266097504679
118.6,0.31365620319597126,-3.229852881703914,3.097237078123752,0.2483444251778776,-0.013349904677679204,0.25,-0.06603266097504679
118.7,0.2881707461673221,-3.228714876419989,3.0955586309094922,0.24539222835604016,-0.015958253545861372,0.25,-0.07006589226277198
118.8,0.26266644299281533,-3.227525709056822,3.0935643379292452,0.2490106829056866,-0.017490790804892645,0.25,-0.07006589226277198
118.9,0.23718942137015944,-3.2262873369450054,3.0917068554078972,0.2467530588064667,-0.020807293301102356,0.25,-0.07708439586734442
119.0,0.21185077345424055,-3.225034227228337,3.089476719334519,0.24744165168616505,-0.022255151474755982,0.25,-0.08176470968273003
119.1,0.18641969858150878,-3.2236912959006916,3.0872591484402983,0.25046048287724304,-0.022277109702029993,0.25,-0.08176470968273003
119.2,0.16093367804939965,-3.222291471050817,3.0849477017513536,0.2518781216978667,-0.024309138045443143,0.25,-0.08499630782341706
119.3,0.13548308861572256,-3.2208072359791573,3.082197371197269,0.2513502877469099,-0.031951054559762965,0.25,-0.08499630782341706
119.4,0.1100900405879988,-3.219246030752507,3.079312844377404,0.2520237634156268,-0.022221678943384005,0.25,-0.09436189519607852
119.5,0.08470852585335298,-3.21763861361486,3.0762979083356004,0.2481323922966977,-0.03349070342716625,0.25,-0.09436189519607852
119.6,0.05903657169711868,-3.2159357928099817,3.0734756629090483,0.256699309146198,-0.01935692713848745,0.25,-0.09864329111313944
119.7,0.03354940332654958,-3.214198549714846,3.0716330594400847,0.2510127925370996,-0.01691738679115314,0.25,-0.09864329111313944
119.8,0.008112570113475421,-3.2123997934727533,3.069676104027203,0.24437058909657963,-0.018541949223000204,0.25,-0.10644765067143394
119.9,-0.01734543268506116,-3.2105332549320456,3.0671021300475134,0.24528673400927753,-0.03210055015422806,0.25,-0.11804964362454753
120.0,-0.03421091960666937,-3.2092632619915884,3.064848829631182,0.24527419570956985,-0.03175992553625985,0.25,-0.11804964362454753
120.1,-0.05930646259779561,-3.207313505957565,3.0615157689539627,0.24533119641811632,-0.03453282714222357,0.25,-0.12718657222263297
120.2,-0.0845515461466627,-3.2053069946832338,3.0577611250988275,0.24938661022246775,-0.046321744958363845,0.25,-0.12718657222263297
120.3,-0.10998294318661145,-3.2031499417392744,3.053679048628505,0.2557479701954537,-0.039043844032730014,0.25,-0.13068927103353517
120.4,-0.13541818334353353,-3.2008731591789905,3.0496205347914374,0.2521758363108784,-0.04197689849296796,0.25,-0.13068927103353517
120.5,-0.1608397395316479,-3.198490298651822,3.045002759752278,0.24923639024282573,-0.04453246649101406,0.25,-0.13510496195984906
120.6,-0.1865018154168761,-3.196014068241283,3.0403983779687054,0.25092342826409,-0.04300823771453967,0.25,-0.13907096235050395
120.7,-0.21234064654038537,-3.1933514956822613,3.0369512794344766,0.25963155975304913,-0.026766486713453115,0.25,-0.13907096235050395
120.8,-0.23781069487568782,-3.190680485439417,3.0329508382547887,0.24997837667898576,-0.03093768800746203,0.25,-0.14550315619469173
120.9,-0.26311899819954077,-3.1879207195799353,3.0300605511298446,0.2474414795133531,-0.02768495564802444,0.25,-0.14550315619469173
121.0,-0.28837938566097493,-3.185096433178509,3.026825108938461,0.2506863935984938,-0.03129946283598062,0.25,-0.14946027423759173
121.1,-0.31340164355903016,-3.1822170408957056,3.023230795767714,0.25032437782447553,-0.0393795436928944,0.25,-0.15469910609021376
121.2,-0.33826436265795984,-3.179214252653833,3.0189383981073483,0.24572250812932633,-0.038468026746063325,0.25,-0.15469910609021376
121.3,-0.3631700972731368,-3.1761340056832776,3.0142511074317553,0.2422726452318892,-0.04414747790813907,0.25,-0.1627953807922466
121.4,-0.3883570867801618,-3.1729386112047084,3.0085847528182397,0.24916173466439193,-0.05938035990895597,0.25,-0.1627953807922466
121.5,-0.41363675854912435,-3.169541486850506,3.0025746364662407,0.25698917448382025,-0.06420486954367362,0.25,-0.16533610352170167
121.6,-0.4304572677808915,-3.1672758386335937,2.998493032745969,0.24902666811046162,-0.061166366037723095,0.25,-0.17098689186673016
121.7,-0.4561202593351634,-3.1635427452477645,2.9934922447597256,0.25545903892763816,-0.043233606224726884,0.25,-0.17098689186673016
121.8,-0.48195951665953146,-3.1596709783986503,2.9892658482388255,0.25896294098955314,-0.04720010013981922,0.25,-0.16980016214754468
121.9,-0.5076977899551779,-3.1556970653567022,2.9845773114844922,0.2595457232025673,-0.043075031005699746,0.25,-0.16980016214754468
122.0,-0.5328500093879327,-3.151736338756804,2.9809059630128374,0.24757172406611216,-0.03242006975759316,0.25,-0.1706213055277433
122.1,-0.5579298668080291,-3.1476865715909415,2.9779408109232794,0.25088086596836606,-0.02786529166876771,0.25,-0.17620173909774267
122.2,-0.5827485010120798,-3.143548453445874,2.974404364553072,0.24686328562122387,-0.03965972097681365,0.25,-0.17620173909774267
