t,x,y,yaw,v,w,v_cmd,w_cmd
0.0,6.398715954071655,-2.3462854846786714,-2.648062486322822,0.2553965714422185,-0.08968451477664732,0.25,-0.20537972144910185
0.1,6.376410440380306,-2.358200396300501,-2.6582842270976776,0.24287326723040253,-0.09776678485290967,0.25,-0.16792183964987958
0.2,6.354266582176981,-2.3698919225216515,-2.665148689452262,0.24300374950321169,-0.058184117456731174,0.25,-0.16792183964987958
0.3,6.331704592710506,-2.3815432295424857,-2.670911013040998,0.2555046022305692,-0.05950436043539466,0.25,-0.17610972891026935
0.4,6.308952008257023,-2.3930709172085223,-2.6770657882236506,0.24577434581428276,-0.07253257567343185,0.25,-0.17610972891026935
0.5,6.28620634545249,-2.404504376591256,-2.6844602123107757,0.2601204061724039,-0.09584704774800404,0.25,-0.19651171327883327
0.6,6.263194894905491,-2.415703984613503,-2.6932977672644585,0.25133602847413555,-0.09102632875387884,0.25,-0.18722483827757297
0.7,6.240136919277283,-2.426887278936532,-2.701595063168137,0.2511699992659955,-0.0831840861064713,0.25,-0.18722483827757297
0.8,6.224954221606131,-2.4341040204737814,-2.7070838000750586,0.2497398066905096,-0.0775854407621497,0.25,-0.1798934693835649
0.9,6.20183347662709,-2.4447788118046168,-2.7134448553042034,0.2529881443479825,-0.059243467505351644,0.25,-0.1798934693835649
1.0,6.178601528488594,-2.4553278504868135,-2.7197346598289442,0.24670795805884085,-0.05882914466361459,0.25,-0.18385405860879028
1.1,6.155328405602992,-2.4657536860549674,-2.7265077729605682,0.24750395649788565,-0.08379915509584682,0.25,-0.18385405860879028
1.2,6.1319773716418835,-2.476051756675559,-2.7353111648632837,0.25476619285717067,-0.08470286717579599,0.25,-0.1840031872792997
1.3,6.108444252779264,-2.4860845406465537,-2.74423918741656,0.258722112810782,-0.0845774579885128,0.25,-0.18111032038559466
1.4,6.084635846767268,-2.4960372763341256,-2.7531152153512393,0.24156768819289604,-0.09743269570487975,0.25,-0.18111032038559466
1.5,6.060972294036762,-2.5056690285576657,-2.759701943777376,0.24870360325018406,-0.058134706769723446,0.25,-0.18125403447124097
1.6,6.037294593166875,-2.515097486858672,-2.7655174309395076,0.2563412157280279,-0.05509066273854858,0.25,-0.18326144226429725
1.7,6.0135710573879315,-2.524432188100874,-2.7714117413822876,0.2505923669192698,-0.06422358027711048,0.25,-0.18326144226429725
1.8,5.990082940106531,-2.533469358655986,-2.779047012970393,0.24326047067075157,-0.07763200493797763,0.25,-0.17803001809707333
1.9,5.966499934502613,-2.5423480408159107,-2.787567780378057,0.24491536433762007,-0.0907405651738134,0.25,-0.17803001809707333
2.0,5.942646338001124,-2.551098978555788,-2.7954017511508633,0.2496705601459941,-0.05785465281226375,0.25,-0.17751742910725346
2.1,5.9186044249088114,-2.559707846505839,-2.8011588532503398,0.2558901654941086,-0.05646293827206079,0.25,-0.1790156828256807
2.2,5.894527471214519,-2.56816997400531,-2.8069952416352164,0.2475786011844262,-0.05490216856889731,0.25,-0.1790156828256807
2.3,5.870300945760413,-2.576510015276625,-2.813176337685616,0.25079118871570977,-0.07340738145231417,0.25,-0.18633050958645403
2.4,5.845743504997292,-2.5849972109267907,-2.8212787291356607,0.2605640005461727,-0.08226938610877417,0.25,-0.20589237214423128
2.5,5.829317231214215,-2.590556180351996,-2.8270807847216326,0.2571156567514492,-0.09380828006454235,0.25,-0.20589237214423128
2.6,5.804811463866012,-2.5984190394965943,-2.8360772468941695,0.2532064372714191,-0.08056819929069939,0.25,-0.20589237214423128
2.7,5.780403335577874,-2.6060122781213177,-2.8434870461249417,0.2458325759746565,-0.06377694147010604,0.25,-0.20540508802531993
2.8,5.756112897009327,-2.6134532388201244,-2.8492556133486326,0.25072428438410116,-0.056821036558316954,0.25,-0.21131170301863428
2.9,5.732114632122287,-2.620691653207666,-2.855992150825775,0.2484858543496791,-0.08109111682955654,0.25,-0.21496217136718596
3.0,5.708191200670027,-2.62764852920063,-2.8644712795094525,0.23864694085781477,-0.08555598838663725,0.25,-0.21496217136718596
3.1,5.683967571786552,-2.6344408553966234,-2.8746287468615206,0.24665531813999086,-0.1036506800604767,0.25,-0.21368147424233522
3.2,5.659373668587877,-2.6410753930658597,-2.8833932386602634,0.25833399147058084,-0.06868368162561402,0.25,-0.21368147424233522
3.3,5.634558641570972,-2.647524239604166,-2.889794065653017,0.2572787797145423,-0.06651046905693375,0.25,-0.22095239960933438
3.4,5.609801251907702,-2.6538342981237335,-2.8964322851775726,0.25081703802844113,-0.06915540700106358,0.25,-0.2137380153371834
3.5,5.584500178991935,-2.6600919965076697,-2.9052894597314576,0.25379104077408754,-0.08781087296868917,0.25,-0.2137380153371834
3.6,5.5591826262023,-2.6662418923450666,-2.9145840723856313,0.26063099907153,-0.09447414229403746,0.25,-0.21227418236958884
3.7,5.534005049692321,-2.6720997081319355,-2.9245747400319755,0.25874292147295147,-0.1119229383703748,0.25,-0.21227418236958884
3.8,5.508898272544613,-2.6774919774364827,-2.935979384717405,0.24014086583748523,-0.09481439722379455,0.25,-0.20798113009563857
3.9,5.484002759552216,-2.6825858231149247,-2.943946915479339,0.25768138104188687,-0.06263738036619777,0.25,-0.19687845714526472
4.0,5.459673063941013,-2.6874791164037886,-2.9487467783727377,0.23879041934649817,-0.04814573872973735,0.25,-0.19687845714526472
4.1,5.443449313891896,-2.690694371417247,-2.952201296001841,0.2414871695033952,-0.055685827889155055,0.25,-0.19749742637523893
4.2,5.4189967430406,-2.695463661635938,-2.958237691902033,0.24867304721337988,-0.06597719100357602,0.25,-0.19749742637523893
4.3,5.3944683833608185,-2.6999467598196865,-2.9651574516410064,0.24757814562269229,-0.06833450866825226,0.25,-0.20193818149637527
4.4,5.3695275142215015,-2.7043936186784543,-2.9720997724413594,0.25048935558647345,-0.05594562456593022,0.25,-0.20193818149637527
4.5,5.344217081418327,-2.7086614951318144,-2.9776071456929145,0.2581643463511204,-0.04263528993027087,0.25,-0.19807705252589586
4.6,5.318063273382811,-2.7128546359740477,-2.9818558722608968,0.2532463831276679,-0.038576322234256194,0.25,-0.19832152362661923
4.7,5.291893108866293,-2.7169820195774537,-2.985720030156611,0.26211818547459736,-0.04555543404788327,0.25,-0.19832152362661923
4.8,5.266065546876593,-2.720907887924293,-2.9913154628495624,0.2522830730461281,-0.0745337415389137,0.25,-0.19599081806247376
4.9,5.240460445331689,-2.72479080145414,-3.0002628664054014,0.24335446537152236,-0.10043553240914102,0.25,-0.1967624858722014
5.0,5.215214899349989,-2.7282416538951226,-3.010680172365604,0.251259547215676,-0.1010281780034733,0.25,-0.1967624858722014
5.1,5.190366512419485,-2.7315505437225673,-3.0183911586404064,0.23951945151009552,-0.04616002973179675,0.25,-0.17937892388597287
5.2,5.165806079268129,-2.734654154628578,-3.022564328969759,0.2437103994226495,-0.04456923380053185,0.25,-0.17937892388597287
5.3,5.141098886257141,-2.737619192579365,-3.0268532973822917,0.2453235392754218,-0.060138350248045515,0.25,-0.16802198224481346
5.4,5.116265802032842,-2.740535127832268,-3.0327683959376657,0.248251420710784,-0.05010862323686208,0.25,-0.1620649363261639
5.5,5.091085080344983,-2.7432471123683153,-3.0375922832498863,0.25733962260740756,-0.04687575323759811,0.25,-0.1620649363261639
5.6,5.06561616459042,-2.745871996158075,-3.042606786417709,0.2417261578368255,-0.04204344139759775,0.25,-0.1520127892544768
5.7,5.03966819914541,-2.748379895927175,-3.0459479171622776,0.25136040567125884,-0.033241851796715516,0.25,-0.1520127892544768
5.8,5.022455445036036,-2.7500394303544056,-3.0482696266888336,0.2571294361819548,-0.034403898971612494,0.25,-0.14749659427189374
5.9,4.996576910001243,-2.7524523346849024,-3.051567190041616,0.2557143129283909,-0.0298283810536394,0.25,-0.14749659427189374
6.0,4.97059310624755,-2.754774399068001,-3.054844712014316,0.2495716337266367,-0.03882948705066574,0.25,-0.14337678614468036
6.1,4.945186584593972,-2.7569927985007157,-3.059858895101354,0.25198682698288577,-0.05222678371373022,0.25,-0.13823128723038242
6.2,4.9198420181836875,-2.75902866268005,-3.064925626101623,0.25488244280103745,-0.053921688471885734,0.25,-0.13823128723038242
6.3,4.894745288265763,-2.7609399924859215,-3.0689061441355805,0.24476329364401786,-0.036588057165172765,0.25,-0.1347760113961356
6.4,4.869641976815369,-2.762747134093865,-3.0728488915143615,0.242779248690518,-0.03579122537617215,0.25,-0.12424120852102939
6.5,4.84448673060432,-2.764447154023232,-3.076154815979535,0.24569983741723184,-0.02770492152419143,0.25,-0.12424120852102939
6.6,4.81927331092352,-2.766071553276991,-3.0793727729716407,0.2551164938619838,-0.03371968871793709,0.25,-0.11670619979452948
6.7,4.793828360820691,-2.767622031276149,-3.083399128791558,0.2442829914932257,-0.040205848955747976,0.25,-0.11670619979452948
6.8,4.768164393443698,-2.769109044420473,-3.087377508611902,0.25615859070934843,-0.03089727173880815,0.25,-0.11422505556059874
6.9,4.742338009109382,-2.770513278517163,-3.090048947729662,0.25316706537971095,-0.023133898794967512,0.25,-0.10489893709320691
7.0,4.716602545353971,-2.771859578291751,-3.0925943270229506,0.2568470321722728,-0.029928469661657846,0.25,-0.10489893709320691
7.1,4.690930539761187,-2.7731264081553415,-3.0954497780214525,0.25095038110159756,-0.03450302266201295,0.25,-0.10024939059537316
7.2,4.665542557040066,-2.774242084423718,-3.099085992969863,0.2537105651295262,-0.03432404145635453,0.25,-0.10024939059537316
7.3,4.640051899558121,-2.7753376139444375,-3.1025554356859932,0.2498612599306959,-0.037813062846934364,0.25,-0.09802877548923979
7.4,4.623104734845576,-2.775959304536114,-3.105256486231536,0.2456263316639672,-0.03448086563019414,0.25,-0.09802877548923979
7.5,4.606266957464313,-2.776575012037394,-3.1070103197777574,0.24673445366620156,-0.021339327360515747,0.25,-0.09005207450421085
7.6,4.572509501442474,-2.77769203342328,-3.1098055565375304,0.2451534550415926,-0.0234751592862822,0.25,-0.09005207450421085
7.7,4.547151776214496,-2.7784676136382016,-3.111844623640389,0.25029435945037065,-0.01984992065495086,0.25,-0.08201314234745546
7.8,4.521665318966128,-2.779194398922085,-3.1142436465978265,0.24944337161654623,-0.02564112452312649,0.25,-0.08054671826055079
7.9,4.496150764102041,-2.779873626584207,-3.116955322516342,0.2505814258225936,-0.02527013223763479,0.25,-0.07459974924114508
8.0,4.47054859056247,-2.7805117381103495,-3.1189828229455316,0.2535079825028712,-0.01565553392240195,0.25,-0.07459974924114508
8.1,4.444828880563518,-2.781088307573776,-3.1206016519868935,0.25004374184716727,-0.01753800089924703,0.25,-0.06935447445448152
8.2,4.419210466772634,-2.7816374453054267,-3.122354620023857,0.25442323279109175,-0.01581584982752482,0.25,-0.06935447445448152
8.3,4.393704964060881,-2.782140268975642,-3.124626014499567,0.25032896080994765,-0.021802954085540588,0.25,-0.06823294305201007
8.4,4.368172655809479,-2.7825932890117553,-3.1268181368477235,0.2498470132543719,-0.01945695398381167,0.25,-0.06278226910563778
8.5,4.342705205531617,-2.7829352947315513,-3.1290082067405343,0.2480209590954651,-0.019791624292792503,0.25,-0.06278226910563778
8.6,4.317312032883838,-2.783243822793145,-3.1306070188066184,0.24825648456419636,-0.013968227140477641,0.25,-0.05738661797976454
8.7,4.291904441159498,-2.7834992857235146,-3.1320761734680715,0.24883704688438382,-0.014286161402435507,0.25,-0.05738661797976454
8.8,4.266484822130463,-2.78372841587478,-3.133391189479956,0.2487389417272002,-0.016167550600220047,0.25,-0.053006790146065616
8.9,4.240982393718176,-2.78393078841407,-3.1349859945447056,0.25271401332322624,-0.015781863552710787,0.25,-0.053006790146065616
9.0,4.215456806071471,-2.784087927918401,-3.1364136575722426,0.25072405225731337,-0.013473380189485858,0.25,-0.05152154938854515
9.1,4.198413568376578,-2.7841838918978126,-3.137264827056972,0.25361898289522666,-0.011965641602168673,0.25,-0.05152154938854515
9.2,4.172794598433471,-2.7842962932363906,-3.13837372220045,0.2513800302482947,-0.011958439459747864,0.25,-0.04875801324144214
9.3,4.147180436542898,-2.784385997252031,-3.1394653949720266,0.2530342894438137,-0.010256896700195051,0.25,-0.04875801324144214
9.4,4.121627262159121,-2.7844364710773846,-3.140626089253746,0.24988091892354436,-0.011269514489411717,0.25,-0.04223872440297563
9.5,4.09613716093411,-2.7844126254327546,3.141163206860267,0.24999830642122609,-0.013134747829113029,0.25,-0.03914519851613192
9.6,4.070635614125754,-2.7843812452383125,3.139957501692597,0.25013354634221957,-0.009285283529992435,0.25,-0.03914519851613192
9.7,4.04515294275136,-2.7843219344262518,3.138999133642924,0.2515429724300521,-0.008675077854106816,0.25,-0.03765984359268762
9.8,4.01967686584012,-2.784231030581641,3.1381255881787706,0.24896989934895247,-0.008569071133993241,0.25,-0.0355334723080801
9.9,3.9941906133040583,-2.7841158455917965,3.137260491414295,0.24811792348052394,-0.007293962058446091,0.25,-0.0355334723080801
10.0,3.968698461770038,-2.783999203188688,3.136297719353982,0.2501996110938529,-0.009879143025302796,0.25,-0.032379528095018734
10.1,3.943191957375838,-2.783859265859703,3.1352513061217184,0.24845494138347898,-0.011912461372551766,0.25,-0.032379528095018734
10.2,3.917667766423255,-2.7836849712537375,3.134197031239965,0.2506866722006199,-0.008215945751274618,0.25,-0.02998912990766072
10.3,3.892101420647415,-2.7834987964347744,3.1335591072506284,0.250646584221049,-0.005717572648315713,0.25,-0.025535161350320516
10.4,3.8665404632094376,-2.7832964485139318,3.1329373418568642,0.2506413320431447,-0.006254453508052087,0.25,-0.025535161350320516
10.5,3.8410154931117684,-2.7830791064182563,3.132198304819098,0.25016548828317225,-0.006167331331286434,0.25,-0.023373282457702087
10.6,3.81551184397636,-2.782843275345956,3.131180606884156,0.2503274620493288,-0.007569744832038044,0.25,-0.023373282457702087
10.7,3.798505785769362,-2.782665563205454,3.1307680434111775,0.2500649988930943,-0.005482520413620494,0.25,-0.022978124382937917
10.8,3.773005553002187,-2.782389376883944,3.129886174604721,0.2493686150586182,-0.006703134571830343,0.25,-0.022978124382937917
10.9,3.747501062925927,-2.7820717189311313,3.1294062991186817,0.24890582110549897,-0.004247154877508616,0.25,-0.019440546662425076
11.0,3.722015706837047,-2.7817492197817826,3.128978186015323,0.24965289746308544,-0.004418267662554752,0.25,-0.019440546662425076
11.1,3.6965176684916625,-2.7814218844538754,3.1285610814507665,0.2502708530505464,-0.0038813736631221063,0.25,-0.015783521366186257
11.2,3.671009418281777,-2.781092940987794,3.1280975332350085,0.2500523535804807,-0.005469976557337571,0.25,-0.015165353710817092
11.3,3.645497281215539,-2.7807499436370207,3.127570459409413,0.24960934732593135,-0.004891826551005829,0.25,-0.013363148531788837
11.4,3.619979235801529,-2.780390994550692,3.1272274517249783,0.2494706451554522,-0.003096143343736787,0.25,-0.013363148531788837
11.5,3.5944499398468928,-2.7800269785995844,3.1269638907874455,0.25120666380840107,-0.0024013923123564892,0.25,-0.01005424555856208
11.6,3.568934252471228,-2.779657443609446,3.126741259167719,0.2501244819568211,-0.0027834285123663318,0.25,-0.01005424555856208
11.7,3.543429525785346,-2.7792731727751465,3.1262211515626412,0.2503088505332419,-0.008341392412552546,0.25,-0.00948331202078998
11.8,3.5179208396036437,-2.7788767929614338,3.125804997730679,0.250139747574416,-0.0025124972674418085,0.25,-0.007853455545770608
11.9,3.49241571879067,-2.7784703072283317,3.12548763957557,0.2503937046280544,-0.0032187671133443764,0.25,-0.007853455545770608
12.0,3.4669139532181052,-2.77805369298239,3.125357406109613,0.24975952344223354,-0.0006918738693496502,0.25,-0.005688199164340961
12.1,3.441406547300566,-2.7776337799403437,3.1253121095213654,0.25039110188323194,-0.0006384049495694956,0.25,-0.005688199164340961
12.2,3.4159065312035,-2.7772146314424973,3.1252416512672863,0.24982390401143253,-0.0032027561799925714,0.25,-0.004553310026280016
12.3,3.3904043674910698,-2.7767929960630084,3.124985991872506,0.24979318319814306,-0.0012268678711875784,0.25,-0.003910071197980902
12.4,3.3734032245118217,-2.776507596246162,3.1248804564669896,0.25034488525343696,-0.0017002039699497626,0.25,-0.003910071197980902
12.5,3.347897152095479,-2.7760800264581356,3.1246707685504385,0.24978465488841128,-0.00040698997462521226,0.25,-0.003910071197980902
12.6,3.3223890375749656,-2.7756491055566617,3.124687196901728,0.25039621825361996,9.347200007023634e-06,0.25,-0.0030182694850900077
12.7,3.296883918952347,-2.775220783127471,3.1246896809002176,0.2502584642594624,0.0005621155593408609,0.25,-0.0018671064389247979
12.8,3.271381879080837,-2.774787276888843,3.124569972139212,0.249835217652025,-0.004526357961803476,0.25,-0.0018671064389247979
12.9,3.2458773283757103,-2.774352982458218,3.124303776468556,0.24986910829604883,-0.00466000412695127,0.25,-0.0010010100872818312
13.0,3.2203704931993293,-2.773907652527174,3.124035265893259,0.2500143354974278,-0.0003792559043656441,0.25,0.0013741106147434293
13.1,3.194862769855584,-2.7734579703166387,3.123959819986377,0.2504478703013135,0.0011882250435145385,0.25,0.0013741106147434293
13.2,3.1693514866248984,-2.773011482784707,3.1240831251193293,0.2500557128920446,0.001574003742559286,0.25,0.0023031146459746334
13.3,3.143838421387282,-2.772562249062629,3.124282119446683,0.24992714091873722,0.0009865975880113144,0.25,0.0023031146459746334
13.4,3.118334669009429,-2.772123635318877,3.124282809232144,0.24995623748939652,-2.529877085183899e-05,0.25,0.0035691723102631015
13.5,3.092825794698403,-2.7716826367948446,3.1242477362182717,0.250328029340798,-0.00011659948731157571,0.25,0.004477185659196576
13.6,3.06731869923801,-2.771240726574241,3.1242857625219185,0.24964681810346817,0.0014034586242063685,0.25,0.004477185659196576
13.7,3.0418282417082634,-2.7708017448110978,3.12450428701673,0.24962986539296236,0.0031058519546117093,0.25,0.005668061758888435
13.8,3.016340985106572,-2.7703673460546807,3.1247494067153583,0.2500704592251968,0.002451812888155199,0.25,0.005998333745840602
13.9,2.9908447447196354,-2.769941191858782,3.1248537726393577,0.24960250808375314,-0.001346852048436618,0.25,0.005998333745840602
14.0,2.9738418847084716,-2.7696559934120835,3.124846504413658,0.25049089164491,0.0007287118180642416,0.25,0.005998333745840602
14.1,2.948339810341744,-2.769230669428149,3.124796994574324,0.2504644170994617,-0.002577401465499877,0.25,0.005059189000320177
14.2,2.9228337090712846,-2.768800339436487,3.1247486720629447,0.24960075880735139,0.0003884289399972593,0.25,0.00669040792529655
14.3,2.8973159921906495,-2.768370582797849,3.1250361387443903,0.25019486274462466,0.002696746299160551,0.25,0.00669040792529655
14.4,2.8717970858471085,-2.7679499119976576,3.125357506704654,0.2504205754664465,0.0027483154607213602,0.25,0.007754977167333626
14.5,2.8462823744641335,-2.767541871859674,3.1255630677185904,0.250354072810592,0.0006842097939499365,0.25,0.008232760091659977
14.6,2.8207764518823844,-2.767134585491026,3.1256557808699434,0.24991367310762336,0.0001973931749106916,0.25,0.008232760091659977
14.7,2.79527189036231,-2.766729624554713,3.1257571377350284,0.249649123502542,0.0006961042527090717,0.25,0.008285161222174384
14.8,2.769785242226946,-2.7663246069514793,3.126005323226955,0.2493653805877118,0.0027587304906985318,0.25,0.008285161222174384
14.9,2.7443022843027722,-2.7659305003403816,3.126362507426098,0.24957457366164562,0.003448014016698346,0.25,0.008782684067684959
15.0,2.7188139565799885,-2.7655472718480123,3.1266732254149363,0.24988903743067378,0.0012291295043594548,0.25,0.008782684067684959
15.1,2.6933073350262196,-2.765168418981495,3.1267474996755227,0.25019990681047466,0.0007538545737748506,0.25,0.009353486480741201
15.2,2.6678013155520794,-2.76478943566656,3.126837335677627,0.24958547144431845,0.0013977473026596065,0.25,0.009130608632961529
15.3,2.6422962646288006,-2.7644150133978624,3.126983721683758,0.25015862735432,0.0020202769894326674,0.25,0.009130608632961529
15.4,2.6167748924719065,-2.7640432319068515,3.1272815151155617,0.25024993271892315,0.002932856375313,0.25,0.009893301966244822
15.5,2.5912506304434486,-2.7636848400839775,3.1276104187470857,0.25001790184243355,0.002931728402676032,0.25,0.009893301966244822
15.6,2.5657371421115007,-2.7633319185815575,3.127926188811581,0.24978694510640786,0.001571395489219797,0.25,0.009402709760130891
15.7,2.5487313485114225,-2.763099822575498,3.1280341977087787,0.2504375844307118,0.001178532106936604,0.25,0.009402709760130891
15.8,2.523209172116031,-2.7627529158443562,3.1281551001566825,0.25036333181556014,0.0010008916983521505,0.25,0.011501307728514026
15.9,2.4977068515847143,-2.762412070305829,3.128399967926542,0.24957657377152279,0.004269706953463816,0.25,0.011501307728514026
16.0,2.4722267471937305,-2.7620787742276165,3.128835913864508,0.2498594858501166,0.0045645777167771595,0.25,0.009957116905527093
16.1,2.446745516577752,-2.761756491364878,3.1292493844787277,0.24961451241101504,0.003940778891023574,0.25,0.010992622084059458
16.2,2.421245893978202,-2.7614455223604817,3.1293949148670634,0.24984796120496355,-0.0007928434430337781,0.25,0.010992622084059458
16.3,2.3957464397415826,-2.7611360101677325,3.1295154695600464,0.25065794010255155,0.0019052835896447775,0.25,0.01058551482011786
16.4,2.370237056668338,-2.760829265771929,3.129627124382705,0.25001802164640563,0.0015307677576601676,0.25,0.011728750416482485
16.5,2.344715639339612,-2.7605287251617665,3.1299134482407154,0.25063040700454015,0.0034167431988533998,0.25,0.011728750416482485
16.6,2.3191875002216245,-2.7602364709648053,3.13032841592304,0.24955990012386778,0.005581460861892619,0.25,0.011818016063893566
16.7,2.293656530252694,-2.7599536175703867,3.130782931341992,0.24992132237755238,0.0036742896128937304,0.25,0.011818016063893566
16.8,2.2681560443495177,-2.7596780236486773,3.131000572770279,0.25077905925592675,0.0019858912802128204,0.25,0.011396695727205126
16.9,2.2426532888087265,-2.7594129452163876,3.1311862612240047,0.2507034567872677,0.0021300131100746955,0.25,0.009984235376037421
17.0,2.2171607695178484,-2.7591514964996646,3.1313962309809034,0.24958790693509578,0.0031030387833789245,0.25,0.009984235376037421
17.1,2.1916782715533314,-2.758894202290776,3.1317918534406615,0.2502370890570463,0.003970150587897663,0.25,0.009752833049848943
17.2,2.1661925916151152,-2.758644019881189,3.1322037557287294,0.24982507747133886,0.003581133024332065,0.25,0.009752833049848943
17.3,2.149199157719871,-2.758486827103299,3.132391944026472,0.2500622459204162,0.0011645034806703589,0.25,0.01010407102989124
17.4,2.1236900776669367,-2.758253942322037,3.132479257059029,0.2506860337360676,0.001171963553709561,0.25,0.01010407102989124
17.5,2.098176069383977,-2.7580221246051266,3.132540866905189,0.2501543631571032,0.0002399033180423509,0.25,0.008737686574902776
17.6,2.0726644916186205,-2.75779031255948,3.1326384382042067,0.2503478815908763,0.003416565362097794,0.25,0.008737686574902776
17.7,2.047140909992474,-2.7575705946173823,3.133016851088694,0.2502839680944487,0.004094580449215951,0.25,0.009988004851229287
17.8,2.021612405940693,-2.757356661282551,3.1334339637470103,0.2505608572680977,0.004079232332608015,0.25,0.010010954876152112
17.9,1.9960955259077742,-2.757152574367639,3.1337128162588637,0.25019884581570684,0.0011594534110885158,0.25,0.010010954876152112
18.0,1.9705858169156116,-2.7569539723840846,3.1338510382458558,0.24950231658736965,0.00139192575568086,0.25,0.00795950423492487
18.1,1.9450844651546089,-2.756757691126965,3.133961797678221,0.2505233614812661,0.001423002649121282,0.25,0.0079294858752305
18.2,1.919596357659215,-2.756566655796643,3.134228200199156,0.24996590701682225,0.0023143656370720536,0.25,0.0079294858752305
18.3,1.8941110936637051,-2.756380593689969,3.1345544835914594,0.25041492557766487,0.004231338835786828,0.25,0.007225660360831804
18.4,1.8686189911021698,-2.7562041459514526,3.134830741231955,0.24967417753359616,0.0013736362057815495,0.25,0.007225660360831804
18.5,1.8431096460955927,-2.756035114196388,3.134901622407024,0.2503661076210666,8.958733506140426e-05,0.25,0.007051975250436538
18.6,1.8175983761474586,-2.755865504687707,3.1348823470077343,0.24968792070415669,-0.0005437386860954514,0.25,0.007051975250436538
18.7,1.7920882421852835,-2.755692438347015,3.1348859435296057,0.24990758521085624,0.00039724399581613385,0.25,0.004681088771484352
18.8,1.7665680576648728,-2.755519010537108,3.1351219928464706,0.25004364857757805,0.0018732303089004007,0.25,0.005746029665736591
18.9,1.7410476335550114,-2.755358352182643,3.1353903523200155,0.2500499833746204,0.002149435245895186,0.25,0.005746029665736591
19.0,1.7240350994014009,-2.7552509287276217,3.1355604237511434,0.2500104402366359,0.0010063627605994415,0.25,0.005746029665736591
19.1,1.698526710451233,-2.755097445336969,3.135576641868562,0.24974670805358096,0.0005796264893071924,0.25,0.004600247961929829
19.2,1.6730172384902922,-2.7549448643484733,3.135618912938386,0.24976954785216157,0.0006613678485642786,0.25,0.004071726240994184
19.3,1.6475140922819365,-2.7547957282692943,3.1357015091035425,0.24996363781067435,0.001711112264526917,0.25,0.004071726240994184
19.4,1.6220188464028849,-2.754649476200931,3.135909884441833,0.2496868720225794,0.0024647891198537504,0.25,0.0025770175886056026
19.5,1.5965210140186397,-2.754506713403077,3.1360747097383315,0.250050954563721,0.0016888735751706906,0.25,0.00046717030319781694
19.6,1.5710169392655147,-2.7543696408505265,3.135944943415693,0.24996684517727394,-0.0025773516183529594,0.25,0.00046717030319781694
19.7,1.5455086485660487,-2.7542228607747443,3.13582153584892,0.2498784705061048,-0.0037518099576566957,0.25,-0.001362607014080315
19.8,1.520000159920641,-2.7540739158915395,3.135645869957397,0.25009697038172873,-0.002774266234860999,0.25,-0.001362607014080315
19.9,1.4944892847397278,-2.7539187443250004,3.135645382656443,0.2506597077378545,0.0017226536446607792,0.25,-0.002360768594818246
20.0,1.468977315452781,-2.7537644077637613,3.13568915535684,0.2502108942479142,0.00140586101167893,0.25,-0.003955978919574776
20.1,1.4434697610596132,-2.7536130065117055,3.1356966588040507,0.2501164344805008,-0.000915756286479662,0.25,-0.003955978919574776
20.2,1.417963119807679,-2.753461799957143,3.1354584489135586,0.25003687622033416,-0.0034044359052263283,0.25,-0.019546060278091207
20.3,1.3924457750552928,-2.753307276468518,3.135031563337062,0.25009600038523966,-0.004180429738559346,0.25,-0.019546060278091207
20.4,1.366927177618625,-2.7531377253496734,3.134552107473062,0.25027213073855314,-0.004901384291325666,0.25,-0.023151249278329192
20.5,1.3413727448159531,-2.7529596575032262,3.1341117290373974,0.2502429498795076,-0.005015715212916374,0.25,-0.029745977112236754
20.6,1.324345056391631,-2.7528405019676065,3.133755024531276,0.24846471075223747,-0.006366464926318896,0.25,-0.029745977112236754
20.7,1.2988071864268151,-2.7526465474350523,3.132949203521438,0.25021365605400714,-0.0120934267028352,0.25,-0.029745977112236754
20.8,1.2733083954769895,-2.7524076693531567,3.13201473147616,0.2497998315303568,-0.010045395465875273,0.25,-0.025600875312995056
20.9,1.2478085326888873,-2.752155149956329,3.131152999340612,0.2505824574745863,-0.00579230127529741,0.25,-0.0270064026686787
21.0,1.222309912058208,-2.7518834737274935,3.130450232038518,0.2489076328952912,-0.005737956283254382,0.25,-0.029769655466480187
21.1,1.196825654598222,-2.7515807971513877,3.1297875139409417,0.251380292041599,-0.006676594128518013,0.25,-0.029769655466480187
21.2,1.171354499898726,-2.7512528594541763,3.129145154197476,0.2510068043376246,-0.005336052893616947,0.25,-0.0362278177320563
21.3,1.1458594926906005,-2.750937037896136,3.128308213359923,0.25034511225764905,-0.011721343331406965,0.25,-0.0362278177320563
21.4,1.1203600916329133,-2.7505865373508565,3.1271115117470436,0.251201862966814,-0.011976689074655262,0.25,-0.03942000348987718
21.5,1.0948435850754166,-2.7502179156562288,3.1259901641259407,0.2477203624033239,-0.007887958304641379,0.25,-0.03942000348987718
21.6,1.0692771442393436,-2.7498200328363027,3.125192201965365,0.2506295262717781,-0.00635652396390031,0.25,-0.029731205543098417
21.7,1.0437216484923788,-2.749405201985781,3.124555236761532,0.24877709679773025,-0.006687399465406063,0.25,-0.03385996334730662
21.8,1.0181733305181841,-2.7489651711701337,3.1237745202919665,0.2505577684125898,-0.011334219361268069,0.25,-0.03385996334730662
21.9,0.9926803419906534,-2.7484914560232787,3.122660997929972,0.249738502544341,-0.014150141950315382,0.25,-0.037092824321651806
22.0,0.9671784956590705,-2.7479755704202593,3.1215085996578487,0.2501924133709014,-0.012204241079539237,0.25,-0.037092824321651806
22.1,0.941693383646817,-2.7474540359265776,3.120371966137221,0.2489483625870168,-0.007737716051641811,0.25,-0.03305920719908541
22.2,0.9162216120605987,-2.746883954435433,3.119594799593744,0.24938507426231013,-0.008309987090270438,0.25,-0.030193414960134793
22.3,0.8992328893516484,-2.746495360882145,3.1191269439483476,0.2497226915490312,-0.007660148153869112,0.25,-0.030193414960134793
22.4,0.8737591354758285,-2.7459080764859967,3.1184493987682793,0.24935192504556505,-0.007466943586725996,0.25,-0.04016755328940598
22.5,0.8482437425298672,-2.745313737552274,3.1173572281936144,0.24953339011012654,-0.011987448871982878,0.25,-0.04016755328940598
22.6,0.8227568270989264,-2.7446774526397304,3.1161460026815564,0.24853727993310576,-0.0128141692192751,0.25,-0.040398826211016696
22.7,0.7972396169618212,-2.744027846340131,3.1149500305711015,0.24871406377169947,-0.009592748520471366,0.25,-0.03966906906946485
22.8,0.7716837304434644,-2.743356825003625,3.114096123032237,0.24994056669895032,-0.009238387018593983,0.25,-0.03966906906946485
22.9,0.7461252920151723,-2.7426733546106297,3.113181212562104,0.25189672127882345,-0.009328002428579937,0.25,-0.037983896183901154
23.0,0.7206212597699219,-2.741943981995813,3.1120494287944784,0.2499512170687639,-0.011890646054516923,0.25,-0.038272831607002004
23.1,0.6951252779954205,-2.741183208239862,3.1109083065170786,0.2501087387102562,-0.010454672749601107,0.25,-0.038272831607002004
23.2,0.6696328797979025,-2.740404255672438,3.1096906865512195,0.25014026204268597,-0.011164217354086865,0.25,-0.04887927110210023
23.3,0.6441951622486923,-2.739563703015951,3.1084606003374136,0.24743271604058895,-0.010259554817573728,0.25,-0.04887927110210023
23.4,0.6187706560889319,-2.738692635538616,3.107378136447116,0.24614011557319435,-0.008884092905041203,0.25,-0.05152983001453945
23.5,0.5933341125597551,-2.7377980658658303,3.1062440224039634,0.25192828811585316,-0.011422303916905279,0.25,-0.04890106901280536
23.6,0.5678441931688128,-2.7368826909376733,3.104846374444739,0.2475678899823528,-0.013198126456361228,0.25,-0.04890106901280536
23.7,0.542345088879013,-2.735937890025892,3.103356834078216,0.2502084141460001,-0.011522844570277063,0.25,-0.054873017298290014
23.8,0.5168036630594549,-2.73496462256826,3.101898035598486,0.2506170581630661,-0.016433805412020736,0.25,-0.054873017298290014
23.9,0.49974643945412345,-2.734304653026449,3.101043285663974,0.25002323168511653,-0.012567651459364495,0.25,-0.05316227297617973
24.0,0.4741572368504407,-2.7332843668462394,3.099868015265305,0.2527420517687432,-0.012719946287655624,0.25,-0.05316227297617973
24.1,0.44862903302995794,-2.732215696926193,3.098435728072906,0.2494640623467112,-0.020489354638144552,0.25,-0.056448970340628304
24.2,0.42315500863578187,-2.731102070151381,3.096436017231131,0.25060728908983054,-0.02021242877254824,0.25,-0.06194020717558127
24.3,0.39767844444054307,-2.729938236597749,3.0943972958929327,0.25039249955560117,-0.01877825165404803,0.25,-0.06194020717558127
24.4,0.3722276836407986,-2.7286980440060074,3.0923770652641944,0.24690130772636382,-0.014214998997721941,0.25,-0.061711292584172496
24.5,0.3468353666366149,-2.7274158018679926,3.0908746131359046,0.24717195245060714,-0.01531162478388111,0.25,-0.06629688838875197
24.6,0.32147854693302635,-2.7260910562143446,3.089320043276514,0.25214633747278564,-0.013815463446054077,0.25,-0.06629688838875197
24.7,0.2959850232768951,-2.7247338837750275,3.087394969960555,0.25416118416798106,-0.01903668879563264,0.25,-0.0702994804176098
24.8,0.27048907717564397,-2.7233397360447076,3.0855292383383013,0.2498197335197285,-0.018768249345184472,0.25,-0.0702994804176098
24.9,0.24501732476073093,-2.721885223571726,3.08321483922024,0.25184296198724404,-0.023331133014307955,0.25,-0.08193235042717645
25.0,0.21948099235817367,-2.720402403836872,3.0810030391303354,0.24995352126894102,-0.01804289474056883,0.25,-0.08521389979480387
25.1,0.1938303217064688,-2.718858874758151,3.0790607952309466,0.250899642042445,-0.021113484358409814,0.25,-0.08521389979480387
25.2,0.16836770718373006,-2.717254973962522,3.0764341022374544,0.24905022047434633,-0.029564482616721947,0.25,-0.08806377981828574
25.3,0.1429486116283067,-2.7155791319344824,3.0736627324440167,0.2525621116081685,-0.03077243027148272,0.25,-0.08806377981828574
25.4,0.11749368438298682,-2.713842598207971,3.070488944358212,0.2517547983106088,-0.03621962671786465,0.25,-0.11030186400080542
25.5,0.09207270070586154,-2.711997108873701,3.0668031950271977,0.250125242096445,-0.03285975718011305,0.25,-0.10312199748609756
25.6,0.07524844541234642,-2.7107300794281093,3.064797276021759,0.24706062817083324,-0.023236165477239057,0.25,-0.10312199748609756
25.7,0.05005489352568746,-2.708766502772231,3.062301328462669,0.24992577954283243,-0.022803857281271062,0.25,-0.12127646649066981
25.8,0.02467310800132267,-2.7067478147412967,3.060137509535725,0.25339623151626556,-0.025668207006224908,0.25,-0.12127646649066981
25.9,-0.0007763592665992851,-2.7046464545265976,3.0567748112625646,0.2571314710489059,-0.03366606998994045,0.25,-0.13284069534411388
26.0,-0.026183669968994225,-2.7024642700865407,3.0529384299945144,0.25268012337222673,-0.04985829460269025,0.25,-0.13038363783512802
26.1,-0.05165837151067133,-2.7001541476106734,3.048697455818843,0.24964027794329124,-0.039588266330639374,0.25,-0.13038363783512802
26.2,-0.07725034948661497,-2.6977659068655733,3.045344750760743,0.2506614065537783,-0.040267248147831176,0.25,-0.1325948114450794
26.3,-0.10259375268526408,-2.695305570486228,3.041385534984397,0.25404054032697765,-0.039053899608080575,0.25,-0.14798289762905648
26.4,-0.12793550378820526,-2.692750236319948,3.0364095005463057,0.24855039898739992,-0.048090832364970505,0.25,-0.14798289762905648
26.5,-0.15326690110554334,-2.6900755462103025,3.0305048622373985,0.24550533040863556,-0.06383207279797834,0.25,-0.147375091949145
26.6,-0.1786508667677203,-2.6871908514456107,3.0244729104169368,0.25301572275954326,-0.06070624680330634,0.25,-0.147375091949145
26.7,-0.2038771782689319,-2.684119916606233,3.019470456577871,0.2492593180800383,-0.047254322611383875,0.25,-0.13510632998500283
26.8,-0.22924456773969887,-2.6809323696483807,3.0142521118385663,0.24418073071258264,-0.040719738352014305,0.25,-0.13850871584057076
26.9,-0.2544957006137496,-2.6776859141043983,3.0106556184330544,0.2507057708637703,-0.029916556461617172,0.25,-0.13850871584057076
27.0,-0.2797582782790522,-2.6743377326898314,3.0078865809777136,0.2421598547310268,-0.03139363171919824,0.25,-0.1327484078223337
27.1,-0.3050583969784397,-2.670917058104072,3.0046540318556385,0.255482858597617,-0.02985669861483109,0.25,-0.1388665910244004
27.2,-0.3219096017799993,-2.668602694472883,3.002113697420053,0.2527794569880169,-0.03895848645318543,0.25,-0.1388665910244004
27.3,-0.34700179393032154,-2.665046126819297,2.997938991804308,0.24486503323480882,-0.04195371203308191,0.25,-0.1388665910244004
27.4,-0.37196509973385283,-2.661452454422574,2.9939317863418373,0.25010628673007695,-0.046423762698549705,0.25,-0.13866414694927562
27.5,-0.3971280138842928,-2.657758123150027,2.989193855139549,0.2483215102787244,-0.046095727110910686,0.25,-0.16743001032010918
27.6,-0.42225746310626106,-2.653978574018238,2.9831375392920703,0.247768447481229,-0.06607265580782455,0.25,-0.17722949707613175
27.7,-0.44734461536920905,-2.650066469073739,2.976195373448758,0.25436046505497106,-0.0729912751671842,0.25,-0.17722949707613175
27.8,-0.4726062491022826,-2.6458310055990455,2.9698015437684884,0.2524242230839732,-0.052426436352656446,0.25,-0.18565426136951615
27.9,-0.4983692089280493,-2.6413755544816153,2.964915366647968,0.2612417316895845,-0.04701732447895416,0.25,-0.18565426136951615
28.0,-0.5237494212164391,-2.636785840936692,2.9585318992082437,0.2421274321622235,-0.08393951063126595,0.25,-0.19102844926194648
28.1,-0.5488155004024023,-2.6321383379293053,2.9509910941613646,0.25018074923209177,-0.05852873126517334,0.25,-0.20010815516509842
28.2,-0.5737679815388953,-2.627338197917139,2.945578605647657,0.2454552979412786,-0.05071379793792331,0.25,-0.20010815516509842
28.3,-0.598592048523503,-2.622406970574811,2.940538325034868,0.24166912138653773,-0.060161691773701606,0.25,-0.20473370062702317
28.4,-0.6230039785372798,-2.617312436407946,2.933600912190862,0.2403691403612216,-0.06477585150995452,0.25,-0.20473370062702317
28.5,-0.6472897792562727,-2.6120389355366056,2.9274917319528373,0.23707582190998955,-0.0525827850149057,0.25,-0.22007923896377982
28.6,-0.6716779285889835,-2.606703976412535,2.920022603020761,0.24761019814109514,-0.10068528840158147,0.25,-0.22886016519275898
28.7,-0.696495596659844,-2.60161187242137,2.909045493669069,0.24983366827395828,-0.11520805500444226,0.25,-0.22886016519275898
28.8,-0.7212140434745437,-2.5963210016262748,2.8976404132902127,0.24958889335504603,-0.10979552277677058,0.25,-0.23333795963848855
28.9,-0.7378075497727496,-2.592130629339547,2.8909545394826344,0.2545992665602809,-0.08552020685538265,0.25,-0.23333795963848855
29.0,-0.7635718962905605,-2.5856809478375498,2.8846212782424394,0.2641615832690582,-0.05831418727857658,0.25,-0.2324707246972856
29.1,-0.7894207266889137,-2.579066427821794,2.878652056602835,0.2604156170609569,-0.05933320846339073,0.25,-0.2324707246972856
29.2,-0.8149593000750968,-2.572329142569529,2.8720422215158736,0.23738903122261126,-0.09362822856362935,0.25,-0.24121900608429836
29.3,-0.8395043576077491,-2.565484578096011,2.862683862089846,0.23503904838699763,-0.08501165414830533,0.25,-0.23783997591390774
29.4,-0.8638768003373543,-2.5583475651204046,2.854277215841344,0.26320842910501985,-0.07138148204532947,0.25,-0.23783997591390774
29.5,-0.8879312735183219,-2.5511764760391102,2.847452575746688,0.24942073228369877,-0.09130208650312661,0.25,-0.23401415281490054
29.6,-0.911766801548883,-2.5437932489416517,2.8375946387797217,0.24567149900334384,-0.11445650683086961,0.25,-0.23780985125778387
29.7,-0.9356246713779172,-2.5361965394155255,2.826907017191004,0.24660582810809348,-0.11533752436698191,0.25,-0.23780985125778387
29.8,-0.9597722054990738,-2.528343095593409,2.815674386488161,0.24908284966592,-0.10637979116498732,0.25,-0.24033632359862023
29.9,-0.9838676748078234,-2.520602569385213,2.8041785956829215,0.24852506228659535,-0.11314986628365865,0.25,-0.24033632359862023
30.0,-1.0081342502934192,-2.5123941078671566,2.7926192293611254,0.26115370410070815,-0.10425285042357646,0.25,-0.23884061272970772
30.1,-1.0328510107554838,-2.503392320234083,2.783841841017838,0.2585759538716072,-0.09781863156207646,0.25,-0.23884061272970772
30.2,-1.057251493684079,-2.494193877961828,2.773666418351855,0.25865362455270563,-0.09909290586002105,0.25,-0.24487611625147698
30.3,-1.081627887382541,-2.4847524629200937,2.763463598478989,0.26126010684660084,-0.11045791509680641,0.25,-0.24295845163516389
30.4,-1.1053892622872288,-2.4750985306248032,2.7499213242224707,0.23718139625722334,-0.10864211076310798,0.25,-0.24295845163516389
30.5,-1.1209889668152972,-2.4685712251448124,2.744988383342249,0.24031610026348232,-0.0802800522699004,0.25,-0.24295845163516389
30.6,-1.1440459405329946,-2.4591413059153564,2.7343190292852597,0.2552387932467219,-0.10561840355082178,0.25,-0.24912621571650623
30.7,-1.1669109840242073,-2.4492489784102616,2.7247022412486164,0.2441554316237677,-0.09072387560207364,0.25,-0.2532557175431491
30.8,-1.1893197362020467,-2.439133411411255,2.7157012423064764,0.23864507132299997,-0.08131586239911802,0.25,-0.2532557175431491
30.9,-1.211377917113321,-2.428682106399122,2.707462048789312,0.23541388299174082,-0.08583658824045066,0.25,-0.2569683694629844
31.0,-1.23433785308178,-2.4178918035379833,2.6969083965519847,0.23963476483009694,-0.10226509357893632,0.25,-0.2570316665861663
31.1,-1.2578417772069155,-2.4067379617082745,2.685497516277836,0.24272891848698383,-0.10497238419373668,0.25,-0.2570316665861663
31.2,-1.2812108601785661,-2.395271113606039,2.6746352721089997,0.25094224087343964,-0.11460353197897681,0.25,-0.2527203390496908
31.3,-1.3043354065466388,-2.3837277248185473,2.662934936128224,0.2549152148438018,-0.11642609535335993,0.25,-0.2575713043041319
31.4,-1.327384611624634,-2.371735816603641,2.651215611128585,0.2526271789121117,-0.09597856823627259,0.25,-0.2575713043041319
31.5,-1.3502949545944398,-2.35961374917292,2.641819338011152,0.24422655809257987,-0.09388818182863604,0.25,-0.25712753545032785
31.6,-1.372649255672168,-2.347328125108116,2.632356926363074,0.2556799113578687,-0.09523935063687461,0.25,-0.2510780708865338
31.7,-1.3945100657255889,-2.335046069612955,2.621476492937009,0.23565567249439637,-0.09615623325379487,0.25,-0.2510780708865338
31.8,-1.4162851584682876,-2.322619254987907,2.610620338643892,0.24538524996403324,-0.11666273517923001,0.25,-0.2508704286931629
31.9,-1.4378218332383497,-2.3102123586836987,2.598915073985877,0.2509916959754686,-0.11300975490066337,0.25,-0.2508704286931629
32.0,-1.4592649380243945,-2.297486320301131,2.5874073792565144,0.24942868999716217,-0.09997615641462514,0.25,-0.24808217241997105
32.1,-1.480892186185109,-2.283959205423864,2.5772724288265656,0.26071620944320895,-0.10138153278972407,0.25,-0.2509501494649246
32.2,-1.4955928269536787,-2.2748115737712866,2.5703608889963885,0.24853267325868153,-0.10128083443761747,0.25,-0.2509501494649246
32.3,-1.5175475960838305,-2.2609036659534527,2.5596206375224333,0.24392688277903338,-0.11559997925635007,0.25,-0.23553498456581334
32.4,-1.5391633081340965,-2.2465726791228025,2.548904236287989,0.24930971667623492,-0.1054408248487951,0.25,-0.23553498456581334
32.5,-1.5606751054947277,-2.2318334296939257,2.5387698967273487,0.2590435517297621,-0.10438600409384313,0.25,-0.2332170095649556
32.6,-1.5818165938154873,-2.2172114975452337,2.528911615144971,0.2510476437252242,-0.08813811058569494,0.25,-0.23089798607904327
32.7,-1.6026711563008498,-2.2024724993501414,2.519482813106461,0.25493562253357493,-0.09135721883359402,0.25,-0.23089798607904327
32.8,-1.6233230983837517,-2.187510349737942,2.5103062969937198,0.2546322226787613,-0.09023418259614395,0.25,-0.2385771336611017
32.9,-1.6436563382491405,-2.1725686087179272,2.499819306185332,0.25824550326396567,-0.10416134419905489,0.25,-0.23271202630222
33.0,-1.6637154079309846,-2.1575005114889407,2.491642691710479,0.26044441419923187,-0.07787089657167512,0.25,-0.23271202630222
33.1,-1.6836621615120764,-2.142464428411813,2.482304579608154,0.25539932377310226,-0.08986814554526916,0.25,-0.23572092831182803
33.2,-1.7038192258333804,-2.126796914150551,2.4716778775799098,0.2625528680628182,-0.11424050869234353,0.25,-0.23572092831182803
33.3,-1.7237848921667922,-2.1107892633914744,2.4600922765186177,0.26346725397724924,-0.12049680838336564,0.25,-0.23884671181154782
33.4,-1.743773974873337,-2.094549520817389,2.4487059837491465,0.2636162293774944,-0.10047071384877192,0.25,-0.2387478859054606
33.5,-1.7636687330945355,-2.0778852687903164,2.437352037695739,0.253638780790632,-0.09938767714691453,0.25,-0.2387478859054606
33.6,-1.783314618216493,-2.0609960410244694,2.42680986708559,0.2504714413394295,-0.10075730837770229,0.25,-0.2351871027595332
33.7,-1.8025423206834716,-2.0443973591876565,2.4168069256809668,0.2462876385131645,-0.09203019363190909,0.25,-0.2351871027595332
33.8,-1.8152743037730341,-2.033148485492969,2.4103029205660604,0.25006927071721674,-0.10258940823320427,0.25,-0.22350013513021702
33.9,-1.8342559581327065,-2.0160502694604907,2.4009509729487535,0.24627191353877448,-0.09199570618459893,0.25,-0.22350013513021702
34.0,-1.8531283315153515,-1.9987437938896258,2.3909954378507283,0.24789947971407472,-0.11190514299347301,0.25,-0.24195137496981128
34.1,-1.8714911580590814,-1.9814050838102881,2.3777662714660286,0.25559937203750854,-0.12952692234486274,0.25,-0.24195137496981128
34.2,-1.889783429626157,-1.9635366784233856,2.3665335312654614,0.24417973309936633,-0.10615875096253839,0.25,-0.24076378198449444
34.3,-1.907962673798667,-1.9460505772882337,2.3552979587431553,0.24856381438285477,-0.1087148350274563,0.25,-0.21864464583676418
34.4,-1.9259206435705993,-1.9280106632151413,2.3451127048104174,0.25138283215099216,-0.09757841888706731,0.25,-0.23233240843567876
34.5,-1.9437065101014381,-1.9097465630269868,2.334982908349657,0.24781936906773158,-0.11261892393254617,0.25,-0.23233240843567876
34.6,-1.961348234306998,-1.8912902403239162,2.3230700229275474,0.24199883592305477,-0.11889732113408463,0.25,-0.2164459638215023
34.7,-1.978493065807722,-1.8727212364727754,2.311098445968118,0.2533096679741079,-0.10055073226603722,0.25,-0.2164459638215023
34.8,-1.9955652551904015,-1.8539972718715445,2.301624139330519,0.25356216107173185,-0.08010786148917139,0.25,-0.20588986849244384
34.9,-2.0125325146969857,-1.8349675044173819,2.293526497113549,0.25205673091071573,-0.07843477002498178,0.25,-0.20701840475937153
35.0,-2.029336979637096,-1.8158179019055731,2.2854969711911455,0.24831487071405148,-0.07926201179156207,0.25,-0.20701840475937153
35.1,-2.0460182401559557,-1.7965622547507445,2.2773735877008625,0.2539530322243953,-0.07772362994734723,0.25,-0.20861423682476504
35.2,-2.0629901841736835,-1.7768316676001337,2.268178877162009,0.245438670736159,-0.09032711822435957,0.25,-0.20861423682476504
35.3,-2.0800041204117257,-1.756909013465331,2.258777863538132,0.2530114292143049,-0.09761898183145218,0.25,-0.20772459783343833
35.4,-2.096248640663241,-1.7369722113379116,2.2499150676911692,0.2386235568520269,-0.08280180234044994,0.25,-0.20772459783343833
35.5,-2.1068930473435885,-1.7237489872929703,2.244532901595134,0.2505306578374326,-0.07855437520267634,0.25,-0.21379465464914302
35.6,-2.122713274318908,-1.703798071831455,2.236173920270157,0.24776081695878302,-0.08873108066109509,0.25,-0.21379465464914302
35.7,-2.1383528800424645,-1.6840346089069074,2.227132291310011,0.2388364062609648,-0.0967427973967981,0.25,-0.21295437531334396
35.8,-2.1534999015987015,-1.6641414380695791,2.2170360617177884,0.2388416307509457,-0.10241686705635139,0.25,-0.22216473002876413
35.9,-2.168570269677489,-1.644034907056839,2.206001239544848,0.24494862772096682,-0.11101707410513653,0.25,-0.2171145985896807
36.0,-2.1836150016793345,-1.6237491342434227,2.196713612680313,0.24527821661488017,-0.0778444108998329,0.25,-0.2171145985896807
36.1,-2.1984978837687974,-1.603080855945748,2.1887840487631363,0.25270454748111565,-0.07850223266068002,0.25,-0.21816382857646086
36.2,-2.2132121424117646,-1.5823093451910573,2.180836182328909,0.24920073319313327,-0.07930569407994811,0.25,-0.21816382857646086
36.3,-2.227941042648847,-1.5610428883257244,2.171502046430114,0.25693932496430183,-0.09162418257105716,0.25,-0.2094776410375543
36.4,-2.242750597515492,-1.5395716682528091,2.162046508457433,0.25080107371263444,-0.09719221478801493,0.25,-0.2130091186993027
36.5,-2.2573107821105447,-1.5180790334240604,2.151851999036819,0.25388964801784053,-0.10064869170978168,0.25,-0.2130091186993027
36.6,-2.271256769449012,-1.496638159513042,2.1390800250689197,0.25369842125674563,-0.11303563322829624,0.25,-0.2286796588826967
36.7,-2.2848531839326145,-1.475035920103962,2.1304480815216347,0.2591507885377724,-0.06892767612993324,0.25,-0.2226400597048173
36.8,-2.2982024151730616,-1.4536851763800065,2.1215892889010037,0.24015406949843615,-0.09146678124275245,0.25,-0.2226400597048173
36.9,-2.306916210541089,-1.4394792421352542,2.1151333246936126,0.2523811070409249,-0.10186038008036773,0.25,-0.2226400597048173
37.0,-2.3239789414079115,-1.4108108146808915,2.1017642317641823,0.24607371358360783,-0.09322867572284513,0.25,-0.2054191939270763
37.1,-2.332449392491858,-1.3963129876041271,2.095209572727788,0.254413581527537,-0.09685655989104613,0.25,-0.20702193741680633
37.2,-2.3451071565731754,-1.3743355916441273,2.086238470795401,0.2543215888788145,-0.06825270389601897,0.25,-0.20702193741680633
37.3,-2.357643526419612,-1.352054868027646,2.0794973800582186,0.25331445364798855,-0.06472137110410596,0.25,-0.19817776195466819
37.4,-2.3701071746618254,-1.3290816498996871,2.0730380393470766,0.26025777339851036,-0.06360588002637485,0.25,-0.19758908226284239
37.5,-2.382580152004799,-1.3062762788311013,2.0649548345074584,0.25408106527340163,-0.08856643960582192,0.25,-0.19758908226284239
37.6,-2.394912748849326,-1.283347630498849,2.0560881608451127,0.25691617552116053,-0.08758687620955966,0.25,-0.20626496939442363
37.7,-2.407196196105024,-1.2604293176055281,2.04659360382429,0.2462392532259452,-0.07901424352378997,0.25,-0.20806358513001855
37.8,-2.418833101974926,-1.2375579107494377,2.0388099476396957,0.24183745587913413,-0.07510001438332595,0.25,-0.20806358513001855
37.9,-2.430201378196178,-1.2150398655920884,2.0313423614917254,0.24137224834583543,-0.06544716928846482,0.25,-0.20877664500685392
38.0,-2.4413757671922767,-1.1928952117740315,2.0246556874743185,0.24597303391171105,-0.06696421497739306,0.25,-0.22627305635979966
38.1,-2.452374606746284,-1.1705806106844334,2.0175021105104287,0.253755880652039,-0.08918097797704101,0.25,-0.22627305635979966
38.2,-2.463144547583474,-1.1480888788656165,2.0085559991477906,0.2499489386954735,-0.09414658457225958,0.25,-0.22852831277484675
38.3,-2.4737010754125506,-1.1251958194102192,1.9982481768390608,0.2646246090448281,-0.09859518403030214,0.25,-0.22852831277484675
38.4,-2.484354577881177,-1.1020202463318713,1.9879429567096423,0.25868206532710253,-0.10015320367003541,0.25,-0.22963758592320344
38.5,-2.4947265352080223,-1.0779388187940693,1.9803338557551657,0.2574312834094195,-0.06598678870335208,0.25,-0.22242343641568604
38.6,-2.504907586766195,-1.0534126102546222,1.9737335082667355,0.2606289217009132,-0.06479633225292232,0.25,-0.22242343641568604
38.7,-2.514968296596241,-1.0289065232618164,1.96715626833627,0.25752916991012903,-0.06704603194556939,0.25,-0.22616083169740242
38.8,-2.5216102994372167,-1.012554212234844,1.9626505090461872,0.2627465908275744,-0.0696454930263522,0.25,-0.22616083169740242
38.9,-2.5315486933772835,-0.988837000149007,1.952460896788676,0.2548272052488144,-0.1056287655504361,0.25,-0.23631038553735886
39.0,-2.5408442311204484,-0.9653605651209266,1.9407525986613916,0.24049009241199248,-0.11828171326055738,0.25,-0.23631038553735886
39.1,-2.5498953168212783,-0.9419217902349166,1.929523982359241,0.25072223666700993,-0.07887136372934805,0.25,-0.2429550860032076
39.2,-2.558745212042025,-0.9189507548023682,1.9223886038629636,0.23598239938591026,-0.060796176478485876,0.25,-0.2412804436859785
39.3,-2.5673979633322674,-0.8960369912446253,1.9157809260526213,0.23753175402767587,-0.06405446328640668,0.25,-0.2348258968776136
39.4,-2.575950574945716,-0.8725280202070852,1.9086188415184753,0.24277660683086377,-0.08593423273633877,0.25,-0.2348258968776136
39.5,-2.584284364838811,-0.8483649020281236,1.8991301277341184,0.24572245994231767,-0.09438535093318931,0.25,-0.23360048990651983
39.6,-2.5924810132021427,-0.8239008882649934,1.889130090444517,0.2472345210198129,-0.10702838937143751,0.25,-0.23360048990651983
39.7,-2.6005708793963804,-0.7990087279185367,1.8793172312736708,0.26111383344413225,-0.06619628199583465,0.25,-0.23908619999432096
39.8,-2.608341339518258,-0.773594548846136,1.8730741011716758,0.26430785007698165,-0.056575586294774736,0.25,-0.23908619999432096
39.9,-2.616036662516251,-0.7483602616287813,1.8666926452071038,0.24951088471420757,-0.0876467883445012,0.25,-0.2239080784939642
40.0,-2.623405965233668,-0.7239224797293169,1.8563661614070344,0.24409552531948733,-0.10226623012966073,0.25,-0.238281526650917
40.1,-2.6307608315401647,-0.6993952588523298,1.8453855436996507,0.2553157135759536,-0.11503097542598338,0.25,-0.238281526650917
40.2,-2.6375786110479242,-0.6750305749721883,1.8339331409924178,0.24895765143029458,-0.12689016842050152,0.25,-0.24300577019156688
40.3,-2.643990622209398,-0.6508513464470147,1.8223345881246498,0.23752243849045482,-0.0769311114918976,0.25,-0.24300577019156688
40.4,-2.648164902858169,-0.6348771387695517,1.8180482965628497,0.2492301814071979,-0.06398683744574571,0.25,-0.2358331055664101
40.5,-2.6542725574771904,-0.6108814260219078,1.812287877563014,0.25466509505223234,-0.057368793459989034,0.25,-0.2358331055664101
40.6,-2.6602524533172556,-0.5860156139569027,1.805714015390609,0.24858187549851896,-0.07474319172885911,0.25,-0.23751657410704394
40.7,-2.6661869235753755,-0.5612584519268567,1.7975180386502663,0.2456261897089412,-0.07789025172502298,0.25,-0.24271146062984614
40.8,-2.6718945554955997,-0.5359945632965085,1.7884749146982524,0.256734394277284,-0.0934689217298217,0.25,-0.24271146062984614
40.9,-2.6774047143660455,-0.5103819869663161,1.7801126438458912,0.26532576317260115,-0.06061620016859521,0.25,-0.26262037706591246
41.0,-2.682749159971449,-0.48440224742568283,1.7740872593716241,0.251036274388337,-0.0620953845155699,0.25,-0.2650745625337318
41.1,-2.6878941816486424,-0.45927046921139925,1.766786519345019,0.24965384733922832,-0.0927398989813362,0.25,-0.2650745625337318
41.2,-2.6928674384552638,-0.4342293360766111,1.755667192512508,0.25451657597790794,-0.12971730352446217,0.25,-0.2706207394738578
41.3,-2.6973825623134986,-0.4091092612183158,1.742073322877605,0.2544708740263974,-0.13347268375481428,0.25,-0.2671841920626301
41.4,-2.7016062128110336,-0.38411829292650573,1.7276681683036303,0.24007107817851156,-0.14484469921902002,0.25,-0.2671841920626301
41.5,-2.7055955175605044,-0.3589734904960134,1.7139801822082714,0.24091389764938373,-0.10286434899096387,0.25,-0.26507636440490423
41.6,-2.709146076873719,-0.33365795624844435,1.7039189461262858,0.2359589878398985,-0.08950337633148378,0.25,-0.26507636440490423
41.7,-2.712531746956842,-0.3084482584949051,1.6951819601601748,0.23496112857496562,-0.07921658767347615,0.25,-0.2615560789068664
41.8,-2.7155418706621663,-0.28292725340729596,1.689421876626344,0.2514470396845123,-0.04503492584514427,0.25,-0.26036982771731576
41.9,-2.7185592257422977,-0.25731506383580866,1.684303657511242,0.24584137490752678,-0.06386100216663576,0.25,-0.26036982771731576
42.0,-2.7212199105577883,-0.23268372929432296,1.6758585864566093,0.23665454442173114,-0.08152485403999335,0.25,-0.26988286144504675
42.1,-2.7230294463354667,-0.21626925164945038,1.6702401950185173,0.23670931756819136,-0.0792785688785443,0.25,-0.26988286144504675
42.2,-2.7255487545904007,-0.1912046134240011,1.6614830613095821,0.25192684633507023,-0.08174810486994523,0.25,-0.26475489940986763
42.3,-2.728034901070775,-0.16594774811412819,1.6534653640446122,0.24552389993964105,-0.07322873357841372,0.25,-0.26475489940986763
42.4,-2.7302193178072374,-0.14056819591606423,1.6454805936548818,0.251634269708766,-0.08238748679201043,0.25,-0.2636643677007394
42.5,-2.7320902837661953,-0.11495781993060959,1.6369261415304726,0.2609710165905068,-0.08480408717552279,0.25,-0.2606295002745267
42.6,-2.7336718842473706,-0.08841976628307192,1.6298598456322773,0.25099010491686374,-0.0548048940862272,0.25,-0.2606295002745267
42.7,-2.735195814347073,-0.0621933546999699,1.6228203108245662,0.24599248433061927,-0.08964712250459136,0.25,-0.2651804935716543
42.8,-2.7364123253953854,-0.03649439105813776,1.6126073493824096,0.2666549220688082,-0.0900186836512308,0.25,-0.2651804935716543
42.9,-2.7375399968491374,-0.011070035379201499,1.6044117113692642,0.26389272127321917,-0.08228017559112782,0.25,-0.27140766383218706
43.0,-2.73825661618656,0.014363828359779611,1.5976262390350842,0.2365760459140817,-0.09557755386860098,0.25,-0.2816200133585457
43.1,-2.7388724290789237,0.03923349632764296,1.5864753702275702,0.23812520716908175,-0.12765996312415892,0.25,-0.2816200133585457
43.2,-2.739132707413258,0.06409512631258452,1.5723894907751377,0.2417489983555143,-0.14120711843578845,0.25,-0.28372225124860023
43.3,-2.7390059138099616,0.08941894024173551,1.5565391973083302,0.25757574996448895,-0.1560936434591344,0.25,-0.28372225124860023
43.4,-2.7388625176613624,0.11484944195348779,1.5412598008536842,0.24947609755117098,-0.13462058671076152,0.25,-0.2818795131351821
43.5,-2.7387296167234347,0.14029478657884134,1.5276627790484965,0.24824327432310359,-0.13595851001975845,0.25,-0.2818795131351821
43.6,-2.7380386648680854,0.16596667690543626,1.5143557224498019,0.26302886221996163,-0.12021856160045986,0.25,-0.277255700915233
43.7,-2.736967206427767,0.1834188428715955,1.5059936424929874,0.24726561227319024,-0.12340384842301193,0.25,-0.277255700915233
43.8,-2.7352980646343243,0.2094903179401223,1.4937357147738208,0.2587380753930406,-0.1285902128944916,0.25,-0.2634434566444943
43.9,-2.7331228184246807,0.2353131210223299,1.481312723970298,0.24817324419545694,-0.11120279557821904,0.25,-0.2634434566444943
44.0,-2.7306532409761326,0.26090059093570644,1.4693351616321937,0.26511017246449886,-0.11275597589716517,0.25,-0.26066468119033015
44.1,-2.7280060156245254,0.28601710228808264,1.4588104308738146,0.23526129956621208,-0.09833301712263809,0.25,-0.25379814258659894
44.2,-2.725181123878553,0.31080657779305126,1.4455158687972005,0.2397110604927311,-0.1477347115180559,0.25,-0.2585560312442085
44.3,-2.7219674641943516,0.335526635727969,1.4347985477687213,0.23825609189192312,-0.08311726691291418,0.25,-0.2585560312442085
44.4,-2.7183870649730433,0.3601009775085678,1.4234332624146082,0.2378418769287585,-0.13592326750791847,0.25,-0.25375968092549817
44.5,-2.714708598461644,0.38494803220524787,1.4103839326828191,0.24437580777848922,-0.1458500491804601,0.25,-0.25375968092549817
44.6,-2.710557890793649,0.41010611931835483,1.3993783086654652,0.24828893710571578,-0.08475472642463648,0.25,-0.2356068287987853
44.7,-2.7060935310820837,0.4357058998831062,1.3907391746749425,0.25945043319946254,-0.08348383914179293,0.25,-0.2356068287987853
44.8,-2.7013735414883735,0.46166356603155984,1.3833279330512793,0.26177303281267994,-0.06743441205162704,0.25,-0.2278116090992734
44.9,-2.696557177393587,0.48753575674557426,1.3762628581658625,0.2660229987689941,-0.06410385284871252,0.25,-0.22619069206527537
45.0,-2.6914811323823584,0.5132034428972765,1.3672355026234642,0.24870854836369868,-0.09867989726732368,0.25,-0.22619069206527537
45.1,-2.6862428837322248,0.5383373315746653,1.3577494428636465,0.24569964805663758,-0.0967438316658296,0.25,-0.22519282134830723
45.2,-2.680810928516668,0.5630613235423582,1.3473156703280469,0.23837174106674738,-0.1085891258584375,0.25,-0.22519282134830723
45.3,-2.675202499287131,0.5874520196894025,1.3353293254733305,0.23963402171956083,-0.1031161410439117,0.25,-0.23024236312661006
45.4,-2.6715387909920025,0.6035917112404665,1.3284975982355316,0.23672359553570763,-0.0935609214975362,0.25,-0.23024236312661006
45.5,-2.665340402817331,0.6279646141525722,1.319709168716093,0.2378671499372729,-0.07355735277201524,0.25,-0.2259476714987138
45.6,-2.659048253850969,0.6521981948175961,1.31183153674919,0.25200596137969816,-0.08081309299061235,0.25,-0.2241534482756693
45.7,-2.6524776063113857,0.6766482273300579,1.3034489460671066,0.250328652603098,-0.07642053661147626,0.25,-0.2241534482756693
45.8,-2.6456456099342565,0.7015981014906048,1.294912385572906,0.26022955589130814,-0.08624900560820495,0.25,-0.24047751121027852
45.9,-2.638637160802289,0.726668626581922,1.284618710296091,0.26187228216659414,-0.10294363869302979,0.25,-0.2269320470366686
46.0,-2.6313834283295074,0.7516882132489776,1.274232398525062,0.24430458347998293,-0.09989422272407651,0.25,-0.2269320470366686
46.1,-2.623733904802538,0.7766138249259165,1.2647493291987937,0.2520711208270935,-0.09020929844232985,0.25,-0.23489040307155926
46.2,-2.615965332797163,0.8011278494983314,1.254158761813585,0.2519068676753158,-0.09679706087338757,0.25,-0.22599184574297196
46.3,-2.607948684631314,0.8253886800796663,1.2454736318525008,0.2474765081650525,-0.08129439593786604,0.25,-0.22599184574297196
46.4,-2.59985721341332,0.8493224123951494,1.2357091661565325,0.25381347859309145,-0.11117688771936442,0.25,-0.23088790447823046
46.5,-2.5915506093143215,0.8730015429644555,1.2230900146534067,0.23809020307771112,-0.11143809678158972,0.25,-0.23088790447823046
46.6,-2.58304851957413,0.8965096835366708,1.2119343646830363,0.2487030539707272,-0.10213924595479992,0.25,-0.21881123767588292
46.7,-2.5744780802413114,0.9199018903962075,1.202053167955766,0.2421664895100433,-0.08854691902805609,0.25,-0.21759429059628507
46.8,-2.565202012794058,0.9436705145498343,1.1937312220922514,0.24741533946659372,-0.0820932188025739,0.25,-0.21759429059628507
46.9,-2.5556667024239705,0.9675250891236132,1.1850926866296887,0.2641596481338968,-0.08730820822073064,0.25,-0.21868615376755401
47.0,-2.5491882054845614,0.983472658161374,1.1788881206301216,0.2427616930709528,-0.09385448611000832,0.25,-0.21868615376755401
47.1,-2.5394603629522554,1.007428361307123,1.1687613344367618,0.2513958505683287,-0.10062101087082938,0.25,-0.22756978971915234
47.2,-2.5292297453252583,1.0312619550962807,1.1583740360504273,0.2555115765416224,-0.11722364294240939,0.25,-0.22756978971915234
47.3,-2.518909016270748,1.0546941014488533,1.1486949355013643,0.2455704698555244,-0.0813797027146908,0.25,-0.2144008105491182
47.4,-2.5084122750575455,1.0779227135495906,1.1410930278410738,0.249255182363963,-0.06747704398831743,0.25,-0.2135670871695564
47.5,-2.497719336440578,1.1011163334424263,1.1338945903938047,0.254595518127949,-0.07854547359892063,0.25,-0.2135670871695564
47.6,-2.486894762604313,1.1240710819845938,1.1261375071251536,0.25077930717003677,-0.08464209236441539,0.25,-0.20515367929802614
47.7,-2.4761903965364738,1.1467154015689933,1.1166071341035462,0.25152654215115416,-0.09479422624664817,0.25,-0.20461479804079113
47.8,-2.4653235934788107,1.1693823921809903,1.1067854725822204,0.24138878759089488,-0.09277071253514718,0.25,-0.20461479804079113
47.9,-2.453917290773711,1.1921768141008888,1.097465680765001,0.2528497931035398,-0.085536316784675,0.25,-0.21002452140674327
48.0,-2.4422287930459285,1.21486401775133,1.0904718676510834,0.26499496976447945,-0.04750511963847155,0.25,-0.21002452140674327
48.1,-2.430345434286425,1.2374765146405653,1.0825781693422865,0.25492461297202457,-0.08987979432998729,0.25,-0.20751069928006177
48.2,-2.418242026599934,1.2602615029038267,1.0744215241112478,0.25321897862644016,-0.0777553369966388,0.25,-0.20751069928006177
48.3,-2.406141217967517,1.2821315875551886,1.066856945328736,0.25078098272095617,-0.07745788506630287,0.25,-0.2252543171323264
48.4,-2.3940530414559613,1.3044210589199972,1.0567507774620952,0.2549451570345075,-0.10704332724723578,0.25,-0.2152639988312472
48.5,-2.381695623778059,1.3266096994876582,1.0462162633535963,0.24933719339121818,-0.10166369025956931,0.25,-0.2152639988312472
48.6,-2.368976237584671,1.3486331281660435,1.0365985324089335,0.24851226576372484,-0.08214990279387789,0.25,-0.2178393762836336
48.7,-2.3603070419620287,1.36323733914609,1.0311523880274782,0.257462154331403,-0.07832023169391644,0.25,-0.2178393762836336
48.8,-2.3470537580715303,1.3854850734907638,1.0233125763792825,0.25263485272614916,-0.07725958420728109,0.25,-0.21577355769114895
48.9,-2.3335596039212287,1.407503203559163,1.014452139515344,0.23865608526441592,-0.11042770048268821,0.25,-0.21577355769114895
49.0,-2.31988372385867,1.4292314466315514,1.0025896020475624,0.2640870162481881,-0.09566354813818503,0.25,-0.2156827037924819
49.1,-2.3061914917644835,1.450604775459307,0.9938613666590321,0.2608882653285391,-0.0756334591147669,0.25,-0.21900050528873521
49.2,-2.292179771297027,1.4719897321701962,0.9850951187628887,0.236998103096389,-0.08217693844009244,0.25,-0.21900050528873521
49.3,-2.278147331389885,1.4930532920056392,0.9753967608704716,0.2427416934761198,-0.09083915212677052,0.25,-0.21345946594667808
49.4,-2.2640401229789333,1.5135389679002258,0.9670251264216356,0.2503134709547613,-0.08352424422776816,0.25,-0.2140845915646724
49.5,-2.2496430580063858,1.534080688604332,0.9588337574386943,0.2461643678372429,-0.0856801615627046,0.25,-0.2140845915646724
49.6,-2.235164169385816,1.5549030648939466,0.9487618173137368,0.24880771263103066,-0.10284005462422853,0.25,-0.22704339663168327
49.7,-2.220397927890934,1.5755783003781063,0.9383469796970927,0.2518736325808524,-0.10130084198414957,0.25,-0.20899681920276383
49.8,-2.2055710812228804,1.5961031147736475,0.9283728574812482,0.24846051628050705,-0.0935713726168288,0.25,-0.20899681920276383
49.9,-2.1900674814860435,1.6170359829611463,0.920054712107859,0.24849526655524418,-0.08432292212351085,0.25,-0.2253007946553076
50.0,-2.1743268469018795,1.6381800429349234,0.91149096062273,0.2574860197638301,-0.08548007607148765,0.25,-0.2253007946553076
50.1,-2.1584242330173673,1.6588760272493412,0.9025921065288002,0.2578731901770707,-0.09621254354079764,0.25,-0.2050401367258926
50.2,-2.1428689590499586,1.6788308998010968,0.8922175062097345,0.24808737622028937,-0.10173688867846092,0.25,-0.20422236636863095
50.3,-2.1271419782129093,1.6986249834583682,0.8819054058854996,0.2597666445522411,-0.09938780979113766,0.25,-0.20422236636863095
50.4,-2.1164014686779598,1.7116671965415162,0.8746920424717382,0.24164990027100386,-0.10748315618518134,0.25,-0.20882361109627734
50.5,-2.1003015162045484,1.730696033317152,0.8643285159273881,0.23912213021132306,-0.10264144671761079,0.25,-0.20882361109627734
50.6,-2.08390725473392,1.749733325077939,0.8539807983200987,0.2481787403031239,-0.09098843297675631,0.25,-0.20486719962452096
50.7,-2.0672778820795497,1.7686572766962527,0.8453683245795335,0.2493769020632108,-0.08798731565329394,0.25,-0.20486719962452096
50.8,-2.0506681519989027,1.7876928983618159,0.8364442345495656,0.24612713732439964,-0.08742396340476849,0.25,-0.20224244793089446
50.9,-2.0338035458215047,1.8065901101356592,0.8276001424177201,0.24812003303232566,-0.08553606143136058,0.25,-0.20618805537308216
51.0,-2.0162853991314593,1.8257126206433314,0.8192047666137147,0.24717587104089062,-0.08329240657855519,0.25,-0.20618805537308216
51.1,-1.9985867501123904,1.8450164725237836,0.8104374411303487,0.2617422248360022,-0.0918497315817475,0.25,-0.20640810409452912
51.2,-1.9805473943336425,1.863961495086364,0.8014690293578419,0.2617768030965698,-0.09195547169480131,0.25,-0.2066552392136371
51.3,-1.9626269189606984,1.8823239540898058,0.7905210187283929,0.2565789029025256,-0.11227519974931703,0.25,-0.2066552392136371
51.4,-1.9446119000407343,1.9004079156297684,0.7813311319955055,0.24943040222946902,-0.08454163796911861,0.25,-0.2108967363835852
51.5,-1.9270201505995685,1.9181769580602708,0.7718096165712137,0.24288153053260397,-0.08760919962198319,0.25,-0.2102525387725196
51.6,-1.9090640222448034,1.9354836362475967,0.7627779220233675,0.23834692773863622,-0.08008588034270367,0.25,-0.2102525387725196
51.7,-1.8909413388468992,1.9526494454367107,0.754030717873669,0.24031292937318496,-0.09204071443578092,0.25,-0.2083074868873875
51.8,-1.8726259016958857,1.9698313717811322,0.7442959484490286,0.24454944907323645,-0.09116746031878901,0.25,-0.2083074868873875
51.9,-1.8540566373338598,1.9869954719266238,0.7354389982380841,0.2518086424762713,-0.08898169212860094,0.25,-0.21686315887936186
52.0,-1.8413755652634425,1.998367786008569,0.7294300080599193,0.2511941472014403,-0.09115168404162996,0.25,-0.21686315887936186
52.1,-1.8219069194835538,2.0155922700657696,0.7201930172006231,0.25441312056188586,-0.092928662632064,0.25,-0.21943533427300863
52.2,-1.8021838792680072,2.0325942843187685,0.7113266739832605,0.25811086772606145,-0.08820544180033753,0.25,-0.21943533427300863
52.3,-1.7824414340263863,2.04956092070489,0.7021575298114381,0.2540265313852288,-0.08888873344192172,0.25,-0.21781672436431415
52.4,-1.7625308780154487,2.0663811321830403,0.6925611543090194,0.24910782588307354,-0.09793604325739261,0.25,-0.21621331911631037
52.5,-1.7429225575151537,2.0826183164239533,0.681989550787258,0.23870625492020783,-0.10303543035671912,0.25,-0.21621331911631037
52.6,-1.7232358615115213,2.0984287687214147,0.6688612878806891,0.2503577101178713,-0.13694075996084043,0.25,-0.21590071183913356
52.7,-1.703719369427001,2.1140045554651667,0.6588295541931495,0.23862806210237625,-0.08552464309771299,0.25,-0.2155310609662877
52.8,-1.6840597453198238,2.1293749383317824,0.6506761736220645,0.2364506063912902,-0.07214305922927085,0.25,-0.2155310609662877
52.9,-1.6641971596621628,2.1444731896444105,0.6421340092724735,0.24500933992842844,-0.08343156119348451,0.25,-0.20796746918169226
53.0,-1.6438867702571418,2.1595342157204827,0.632923590751097,0.2485701105963252,-0.10128976315443343,0.25,-0.20796746918169226
53.1,-1.6232715088723682,2.1751408895834596,0.6224366225844731,0.256651823631568,-0.10489609429343796,0.25,-0.2088140344273549
53.2,-1.6021168210983103,2.190201548343485,0.6133448358757371,0.2550045783239132,-0.07640177781298463,0.25,-0.2091604417912608
53.3,-1.5804028277819189,2.204983120268879,0.6055580677233553,0.25525038629643787,-0.07704247751291832,0.25,-0.2091604417912608
53.4,-1.5586650600252128,2.219602565409895,0.5977106668895933,0.25100094950141805,-0.07762842029965844,0.25,-0.3014508713891637
53.5,-1.5369299670086496,2.2341434992085474,0.587260189794758,0.2535759253931977,-0.13668213298861526,0.25,-0.3014508713891637
53.6,-1.5155760037906485,2.248921007988523,0.5729562555496596,0.25108055620686087,-0.14051265421224576,0.25,-0.1737993494861856
53.7,-1.5013755565644782,2.2581565495110487,0.5686212852970461,0.25458061305525526,-0.06977870636537158,0.25,-0.1737993494861856
53.8,-1.479941928156283,2.2717567295529055,0.5615640564990805,0.24303381999471466,-0.0630168670069987,0.25,-0.21404680632506745
53.9,-1.4590167171641328,2.2851532020335044,0.553811757395962,0.24148170968672344,-0.07597272885269359,0.25,-0.21404680632506745
54.0,-1.4380040001285066,2.2983765331424086,0.5459538449792869,0.24976664934936105,-0.0767952997118549,0.25,-0.20527063519361052
54.1,-1.4167750286558984,2.311452511327538,0.5384402594328318,0.25266018171081367,-0.08132990373679262,0.25,-0.2035042132550473
54.2,-1.3948602464069704,2.3245541356603363,0.5292916550299589,0.25459129852150075,-0.09414798538625449,0.25,-0.2035042132550473
54.3,-1.372696278977912,2.3375429787341613,0.5202592654632606,0.2518673613620683,-0.09876009433454708,0.25,-0.18322470671265398
54.4,-1.3500848308411895,2.3503477614780364,0.5129555974601793,0.253269802428719,-0.0652981720786333,0.25,-0.18322470671265398
54.5,-1.327194325471226,2.3629423487047307,0.5064738160531241,0.25995910652680976,-0.06225424303435967,0.25,-0.1865453873492632
54.6,-1.304406593104983,2.3754194458290985,0.4997298459644128,0.2505872060991168,-0.07172990048684784,0.25,-0.1865453873492632
54.7,-1.2819578284879292,2.3877312393616426,0.4914028245190275,0.2537927356145331,-0.08640432047254522,0.25,-0.19925025703374355
54.8,-1.2594438879748753,2.3997863468891656,0.48223325798456856,0.24495469164817305,-0.08492291718333253,0.25,-0.20255997499699313
54.9,-1.236839999416095,2.41151074770308,0.47222293052834663,0.24471783894944013,-0.10193530554186365,0.25,-0.20255997499699313
55.0,-1.2145670742919041,2.422921638696114,0.46344748609385245,0.2446567886607169,-0.06853332452884672,0.25,-0.2078058018105161
55.1,-1.1924770175684758,2.4341707531087047,0.45662227191843974,0.2439295283807994,-0.06741060893670733,0.25,-0.2078058018105161
55.2,-1.1697820967726538,2.445284992330312,0.4494157671236999,0.2477866253292318,-0.08251311640982029,0.25,-0.19580361062828416
55.3,-1.1545695965133358,2.452689472881482,0.4441641802100674,0.24728790542481036,-0.07282154898611959,0.25,-0.19580361062828416
55.4,-1.1315546898338373,2.463607463551717,0.43604755342759316,0.24380120899703545,-0.0838987441343946,0.25,-0.18821270603278523
55.5,-1.1080925252786853,2.474453008334479,0.42819640359755023,0.26058503417907286,-0.07104982732596014,0.25,-0.1933183297067156
55.6,-1.0844900757435343,2.4852007712483952,0.4215003071710093,0.259659953999732,-0.06738293695354619,0.25,-0.1933183297067156
55.7,-1.0607578810416334,2.4956660645259596,0.41498861442741664,0.24277854939578628,-0.06096692069508802,0.25,-0.1930746077074724
55.8,-1.0374194205245628,2.505891126334724,0.4083242986629323,0.2539055880726184,-0.06707120213698,0.25,-0.19408395806369622
55.9,-1.0139576933125363,2.5159891999859836,0.40076728960855235,0.2442944061076754,-0.08440266808008443,0.25,-0.19408395806369622
56.0,-0.990428406707293,2.525889202512064,0.3920824061745923,0.25261922981334817,-0.08431663655886029,0.25,-0.2039435243462079
56.1,-0.9669242657339598,2.5356169042381898,0.3831323041061458,0.25142715902341173,-0.08402025635869947,0.25,-0.19389833641002846
56.2,-0.9434861090060569,2.5450048297330303,0.3760359706060055,0.23929342233014933,-0.06624785286968711,0.25,-0.19389833641002846
56.3,-0.9197739059890386,2.554313313731421,0.3693730756022421,0.25273567699759053,-0.05931474073300005,0.25,-0.20523330232015502
56.4,-0.8960560474602111,2.5634578676632875,0.3631453422031683,0.24109396436247857,-0.0621334536940366,0.25,-0.20523330232015502
56.5,-0.8722015055060962,2.5725053639048543,0.35665301628859064,0.259767008260884,-0.07291959508050516,0.25,-0.22051227098566084
56.6,-0.8482214594148137,2.5813478308397375,0.3490802318506624,0.25144900914440566,-0.06995597515907691,0.25,-0.22051227098566084
56.7,-0.8244245905028529,2.589957657058275,0.34030156266220646,0.24746164382174643,-0.1050357035208317,0.25,-0.2329113561007652
56.8,-0.8007144650182157,2.598370771268932,0.3290023900707569,0.24331915565015236,-0.10669785050230653,0.25,-0.23277478226054726
56.9,-0.7848153783813097,2.6039292505560945,0.32325882373956594,0.24433664300370542,-0.06930219048897959,0.25,-0.23277478226054726
57.0,-0.7606507927790169,2.6119863580522225,0.31608719660408896,0.24631848277142301,-0.0698647150632705,0.25,-0.24038018706315956
57.1,-0.7364998847529431,2.6198625382914544,0.3084825458574225,0.250331312564609,-0.0712078428609166,0.25,-0.24038018706315956
57.2,-0.7121811655025697,2.6276251689839705,0.29972482188166166,0.2507571937907898,-0.10875055802108205,0.25,-0.2433129634592446
57.3,-0.687253304374989,2.635360167397215,0.28839097300429256,0.26334133880749616,-0.11105617803066539,0.25,-0.24163228598178688
57.4,-0.6624766171052464,2.642542640186072,0.2768492074832529,0.2494206380818658,-0.10843133562442303,0.25,-0.24163228598178688
57.5,-0.6378573796477606,2.649533217670333,0.2656382334582159,0.24036659445140274,-0.09870041323498177,0.25,-0.2456136954798666
57.6,-0.61326366228423,2.65617084496295,0.2563633013624636,0.26229142096112235,-0.08631100474538289,0.25,-0.2456136954798666
57.7,-0.5885329788973965,2.66259763755191,0.24778259838076153,0.26520004151774174,-0.08512514888318579,0.25,-0.2305441674285473
57.8,-0.5640739184084711,2.6686643354529136,0.23625918298929177,0.24668515192187895,-0.13259060225422772,0.25,-0.22791683524077133
57.9,-0.5396535268858751,2.674509533074491,0.22423026115217265,0.2503327644270738,-0.1177432528325998,0.25,-0.22791683524077133
58.0,-0.5149677519972656,2.679963411967215,0.2118522448916449,0.24865315596885565,-0.11279428851568514,0.25,-0.22359421975570892
58.1,-0.49002487762921404,2.685332432967952,0.20240553322084429,0.2567398491638146,-0.07082292757514864,0.25,-0.22359421975570892
58.2,-0.4650817145203947,2.690410650797911,0.1958765104532783,0.2470528561032665,-0.06037589116400759,0.25,-0.20789970860720536
58.3,-0.43994054229374546,2.6953668660245325,0.18924726350792861,0.2597867781471346,-0.07630422131800674,0.25,-0.2070672645622213
58.4,-0.4142892545411249,2.7002505212096275,0.18126812727272618,0.2537897185837009,-0.08636664255461633,0.25,-0.2070672645622213
58.5,-0.3887403144044154,2.7049289235027016,0.1721678203011686,0.26039495526947154,-0.1013566826133364,0.25,-0.20748556721066136
58.6,-0.3717613309031457,2.7077585341893142,0.16504434253909323,0.24183773961368574,-0.094172777503957,0.25,-0.20748556721066136
58.7,-0.34660108967069864,2.711900407927476,0.15547307895248533,0.2514589186227626,-0.0733120909483006,0.25,-0.2032981169308651
58.8,-0.32142610903333607,2.7157980860888924,0.1489084115912067,0.2378634045991435,-0.060036816590676896,0.25,-0.2032981169308651
58.9,-0.29648197549862393,2.7195061123374327,0.13974502531484373,0.2483836150647906,-0.10572152592885982,0.25,-0.19181496107041968
59.0,-0.27159679693124633,2.7229591504044444,0.13045136420718056,0.23985334818279033,-0.08364612738902275,0.25,-0.17526154155145052
59.1,-0.24665165007638204,2.726162169586501,0.12239696922108166,0.24443328661477268,-0.07372905781196398,0.25,-0.17526154155145052
59.2,-0.22159667951692627,2.7292393979167078,0.11558507376501054,0.24843220524934184,-0.05985075353977919,0.25,-0.16628381528515002
59.3,-0.19627860073141085,2.7321273184633665,0.11032422480568965,0.24312051110208624,-0.0512372862796284,0.25,-0.16628381528515002
59.4,-0.17077667543155167,2.734866047251755,0.10544430906693392,0.25815877174361496,-0.03792365831938808,0.25,-0.15103352607349524
59.5,-0.14490443422255136,2.73755248991106,0.10184705776067361,0.25457092269687204,-0.04032025447014867,0.25,-0.14201321826571672
59.6,-0.11909680420914984,2.7401865474007723,0.09716914109830663,0.2587900896979551,-0.04493600211826549,0.25,-0.14201321826571672
59.7,-0.09318223156632637,2.7427132517144095,0.09286434845641682,0.25447778539316895,-0.04143811096354229,0.25,-0.13931895289902255
59.8,-0.06758031462465616,2.745065308125647,0.0884812539401475,0.25425911507520915,-0.030163978156233943,0.25,-0.13931895289902255
59.9,-0.04213156687884542,2.747319418620377,0.08554395376447499,0.25126967133835687,-0.029522441114310963,0.25,-0.13267823804415071
60.0,-0.017097895084795235,2.749453274202697,0.08252741780782238,0.24905934803171487,-0.035663824739823706,0.25,-0.13267823804415071
60.1,0.007852013034436193,2.751510346594989,0.07951099735676423,0.24162960092922545,-0.02757903395655927,0.25,-0.12779054454235778
60.2,0.024577404339015483,2.7528598576949825,0.07690129612975624,0.2510243197177694,-0.04080987318549787,0.25,-0.12779054454235778
60.3,0.04962073603826965,2.7548017473429978,0.07315413451308168,0.2472528891429752,-0.030580484631676036,0.25,-0.12181842132201015
60.4,0.07484622078778433,2.756658361869627,0.06948953591307795,0.24748357233989676,-0.030270105679925434,0.25,-0.12181842132201015
60.5,0.10037121339728393,2.758422898935496,0.06636551470280741,0.2552879606095666,-0.027427486899878707,0.25,-0.1191811707372483
60.6,0.1261466006253366,2.7601332084154913,0.06354898268866419,0.25106218031783767,-0.028828768910826814,0.25,-0.11160459948558857
60.7,0.15194085141808572,2.7617572390878773,0.061123412195899264,0.2576536699431737,-0.023585711574563965,0.25,-0.11160459948558857
60.8,0.17779051802276022,2.763315449245433,0.05823732090351887,0.24913830370237974,-0.033728746602642246,0.25,-0.10769491175570056
60.9,0.2035275399738051,2.7647533261790134,0.05515171333994869,0.2567729866003759,-0.028557967431723928,0.25,-0.10275766098137232
61.0,0.22901650718582753,2.766176978215238,0.05177522006693127,0.2541213347522839,-0.03451105437005334,0.25,-0.10275766098137232
61.1,0.2543653536760383,2.7674968961932187,0.04855799907818248,0.24953313327861135,-0.024401862742942895,0.25,-0.09958261798230593
61.2,0.2796311789115154,2.768693099233342,0.046166944366562206,0.24659992132225791,-0.023772771988076227,0.25,-0.09958261798230593
61.3,0.30489286003250565,2.76982881942434,0.04373219633930101,0.2451812312776815,-0.024884144709424856,0.25,-0.09532100422339185
61.4,0.3300912711605694,2.7709290652311056,0.04116610627011593,0.24684710475189203,-0.02706768610328343,0.25,-0.09068774828020239
61.5,0.35548149650785477,2.771983169875249,0.03841680715947237,0.24469865306279157,-0.026400910377015627,0.25,-0.09068774828020239
61.6,0.38099062316176,2.7729313077401376,0.0352077689531351,0.24904429212328655,-0.024949146741970046,0.25,-0.08689892434552023
61.7,0.4066105114068426,2.773856148093927,0.033003376414832246,0.2513590623546152,-0.019182715314746062,0.25,-0.08689892434552023
61.8,0.43238127348724287,2.774693006813301,0.031243859608867997,0.24847131269336625,-0.01781052040954064,0.25,-0.07895645566539251
61.9,0.4495392086859003,2.7752328705405245,0.030062002098058885,0.25014633580679557,-0.020475277849446694,0.25,-0.07895645566539251
62.0,0.4752342302932652,2.7759880515762103,0.028055479486309418,0.25087378141345446,-0.022672356647671373,0.25,-0.0774501405428139
62.1,0.5008189244709597,2.7767322379155672,0.025597975944889665,0.24750970616926546,-0.026750035952898807,0.25,-0.07300049978337161
62.2,0.5263016221322984,2.7773822737410945,0.02316958178106981,0.2521035286261554,-0.025788416654762034,0.25,-0.07300049978337161
62.3,0.5516903112591585,2.777938019955175,0.021176253781072425,0.24726593743978975,-0.020827031587209395,0.25,-0.06900595892844971
62.4,0.5770669904430481,2.7784488668198377,0.019579499540156135,0.24759998186648882,-0.01578343387894859,0.25,-0.06525444371807312
62.5,0.6024443788458951,2.778925498221393,0.01786786732563313,0.2519074560210094,-0.016893672575575863,0.25,-0.06525444371807312
62.6,0.6278325603687167,2.7793709015244032,0.015933158221411954,0.25383327248430226,-0.01919289081643202,0.25,-0.06082693372254286
62.7,0.6533304292142575,2.7797601570529067,0.014036984140199965,0.25381518938947206,-0.013420568599022957,0.25,-0.06082693372254286
62.8,0.6788639833600907,2.7801030567748857,0.012500131274012512,0.25228447633506573,-0.011804567182830735,0.25,-0.05780698976305627
62.9,0.7045016980530651,2.7804380448249315,0.011262319987505555,0.24922164169530195,-0.015963601451073714,0.25,-0.05780698976305627
63.0,0.7301312021457207,2.780729631936435,0.009902521444307066,0.25051140560724394,-0.012950607396804066,0.25,-0.05323812652051345
63.1,0.7557546044772562,2.7809863406646,0.008680379001125471,0.25369672593828246,-0.011939845032704455,0.25,-0.05197458010136113
63.2,0.7812648537424614,2.7812074170226704,0.007053127565799653,0.25008606451366777,-0.015562970543103218,0.25,-0.05197458010136113
63.3,0.8067399292261221,2.7813693966700965,0.00541874468252071,0.24855074320906514,-0.016946688035898536,0.25,-0.049034938360657296
63.4,0.8322032304120824,2.781480861972837,0.004047831753696155,0.24856282305787683,-0.012122663328739984,0.25,-0.049034938360657296
63.5,0.8491681832106718,2.7815366938712276,0.003292148627495524,0.2496615690025786,-0.010064156185251985,0.25,-0.04216164454752462
63.6,0.874618531023735,2.781592826125859,0.0023859736712803234,0.24904861079732316,-0.008571359832339807,0.25,-0.04216164454752462
63.7,0.9000809649501134,2.7816325853275674,0.001430106814826249,0.24914347355814018,-0.009395364357062761,0.25,-0.03887643198842751
63.8,0.9255815420251031,2.7816574012778803,0.000312551488225519,0.25021874483868123,-0.011051678151759942,0.25,-0.03817149367345587
63.9,0.951110056356632,2.7816711912903824,-0.0009051817381919783,0.25196642209344183,-0.01073915417697923,0.25,-0.03817149367345587
64.0,0.9766774226372384,2.7816439907009807,-0.0018644029745238256,0.2510492072573384,-0.008281013146986349,0.25,-0.03685825478862641
64.1,1.0022648144513766,2.781601651556549,-0.0026822910416141746,0.2528185174625966,-0.0065344922904251946,0.25,-0.03415967949914175
64.2,1.0278329578319714,2.781542393474843,-0.0034499629479681623,0.24988678148305035,-0.006972750412467645,0.25,-0.03415967949914175
64.3,1.0533735936975142,2.7814504229157975,-0.004271882929240206,0.2500998396558863,-0.00806225089326824,0.25,-0.031449949281726675
64.4,1.078875980079131,2.781334138411239,-0.005063918933341947,0.2501430898483277,-0.00733675178870241,0.25,-0.031449949281726675
64.5,1.104381652096252,2.781192198904939,-0.0059574608083227745,0.24821914949789725,-0.0053997220573099025,0.25,-0.026288028872934906
64.6,1.1298717500151214,2.78102689926607,-0.006563276799324067,0.2503266479531333,-0.005718270931877901,0.25,-0.025565153664961725
64.7,1.1553597608679338,2.7808416814110335,-0.007164053441565016,0.25018264916179256,-0.00570429492098758,0.25,-0.025565153664961725
64.8,1.1808433109717313,2.7806436841554105,-0.007709502697082823,0.25049986732814,-0.005548441999972861,0.25,-0.0230520965976523
64.9,1.206360898709775,2.780450084795077,-0.008298151738397092,0.2501352044436559,-0.005236595004335317,0.25,-0.0230520965976523
65.0,1.2318782725128072,2.7802398042194763,-0.00887723991927522,0.24874161299211975,-0.0049206539020034265,0.25,-0.022208922355266097
65.1,1.257422546922299,2.780017669897648,-0.00939888806552361,0.25072528385779513,-0.004008650672954519,0.25,-0.020360198310502134
65.2,1.274445315506261,2.7798620186356957,-0.009692457234926712,0.24988509590376393,-0.0035005789888460674,0.25,-0.020360198310502134
65.3,1.2999874200935504,2.7796196754613476,-0.010097411525180911,0.24925806969814,-0.00448249688787644,0.25,-0.018316044537413347
65.4,1.3255142017919832,2.7793643250760676,-0.010540059901029356,0.24950885573287412,-0.008111055724321765,0.25,-0.018316044537413347
65.5,1.3510186114599345,2.7790971902579904,-0.0113611747545927,0.250124764549553,-0.005458046501187613,0.25,-0.017056894595246685
65.6,1.3765240894768267,2.778802503847339,-0.011995545097567856,0.2507254917440376,-0.004746957945817487,0.25,-0.01417693530246511
65.7,1.4020212342192668,2.7784874033962685,-0.01246101070586837,0.2502667995089544,-0.0031150016763958534,0.25,-0.01417693530246511
65.8,1.4275227181601793,2.7781584508319512,-0.012749941922180253,0.2506291437043525,-0.0024882034025669243,0.25,-0.011431348192090546
65.9,1.453022947562196,2.777824766946988,-0.012960662413024317,0.25011633923803006,-0.0018391137944676478,0.25,-0.011431348192090546
66.0,1.4785153468821257,2.777488480868723,-0.013189984526434276,0.24989211770761935,-0.0022084130155765086,0.25,-0.008948799326068705
66.1,1.5040144299271228,2.7771488332439493,-0.013418963499275913,0.2498481187060931,-0.0021215188035817725,0.25,-0.008708800605655525
66.2,1.5295192748190376,2.776800548321684,-0.013687410112868451,0.2503776854244513,-0.00240468626429446,0.25,-0.008708800605655525
66.3,1.5550442119969157,2.7764513292572914,-0.013827325303548053,0.2504623185407369,-0.001615450354966448,0.25,-0.007924954146286935
66.4,1.580558687151193,2.7760983980574028,-0.01393167586263357,0.25043024665308994,-0.0007839855820176327,0.25,-0.007924954146286935
66.5,1.6060718056929395,2.775744273657336,-0.01407202202007882,0.25034474920048344,-0.0034393029007478947,0.25,-0.006601249482648855
66.6,1.631574018966107,2.7753785657331687,-0.014531919022629942,0.250046319782921,-0.0017199207975076832,0.25,-0.0056497261826132135
66.7,1.6570767961586605,2.775006299506822,-0.014722008443768867,0.2500458219308992,-0.0016428998202906232,0.25,-0.0056497261826132135
66.8,1.6740806936638915,2.7747547266368926,-0.014850445723719047,0.2497997686233109,-0.0005282350711333755,0.25,-0.0056497261826132135
66.9,1.6995876947535036,2.774373173008029,-0.014889911079552334,0.2498804969604629,-0.00010583818478290886,0.25,-0.003998261711822318
67.0,1.7250942060831382,2.773990847231505,-0.014852113154133005,0.25019925604005855,6.036428661512236e-05,0.25,-0.0034733581951817936
67.1,1.7505975444492299,2.7736097668024513,-0.014848673461439324,0.2501558873806908,-0.0019616951572726995,0.25,-0.0034733581951817936
67.2,1.7760977626784333,2.773226782192988,-0.015013731657005622,0.24983015720875149,-0.001450959278542398,0.25,-0.002896396555063966
67.3,1.801604022834201,2.772841057230929,-0.015255919053355934,0.2500641729603064,-0.0012233066760870457,0.25,-0.0008367929718030038
67.4,1.8271100785387961,2.772450132262878,-0.015230263394865636,0.25003004575462007,0.00161681543785467,0.25,-0.0008367929718030038
67.5,1.8526129944306635,2.772062518815436,-0.015156389953135082,0.25013268421202334,0.0001638107526156701,0.25,-0.00045040018819281127
67.6,1.8781152084996406,2.7716767095021524,-0.015044814938557482,0.25029668631160285,0.0008386998999328989,0.25,0.0004210600375431908
67.7,1.9036180305032453,2.7712936681541764,-0.015140277332607819,0.25034568148444375,-0.004611538746121528,0.25,0.0004210600375431908
67.8,1.9291230829478787,2.770906284776008,-0.01536106498673517,0.24984963807436286,-0.0019434411177035676,0.25,0.0011136582416066375
67.9,1.9546278490862785,2.7705115657513035,-0.015483750698153503,0.24990197475605166,0.0004829681414846594,0.25,0.0011136582416066375
68.0,1.9801407594567024,2.7701158887576534,-0.015361650002421682,0.2500846176024405,0.00133620248409525,0.25,0.0031766005403787764
68.1,2.00565792202932,2.769719391614116,-0.015193264842538924,0.2499381201135086,0.0021569539983587083,0.25,0.0031766005403787764
68.2,2.031170949346179,2.7693311932341276,-0.015000999506980231,0.24979672284639048,0.0009905159453377154,0.25,0.0028235573538544284
68.3,2.0566752577661775,2.768949017963094,-0.015019086773060642,0.2500623559702482,-0.00045502450431350144,0.25,0.0028235573538544284
68.4,2.0821835125620085,2.7685626766253773,-0.015084650054287151,0.2501572493509738,7.886892369419029e-05,0.25,0.004573777380852999
68.5,2.099181985846925,2.768308652072245,-0.01501628777840694,0.249915632997835,0.0020312663878621047,0.25,0.004573777380852999
68.6,2.1246743201230682,2.767931720755974,-0.014779058072899616,0.25032816780085393,0.0028559586862191306,0.25,0.0048805537896468255
68.7,2.150166511266872,2.7675593100181275,-0.014550482288617198,0.24985696483245529,0.001921389017091516,0.25,0.0048805537896468255
68.8,2.1756605663819957,2.767192991596159,-0.014365859920101202,0.2500496827938963,0.00020044337268364834,0.25,0.005152046937166831
68.9,2.201166889559991,2.7668271604300263,-0.014359978009997477,0.25008258964662183,1.6047670583263676e-05,0.25,0.005140798901682023
69.0,2.2266753212248274,2.7664608830865074,-0.014356246147703706,0.25009758911772784,7.324863678123493e-05,0.25,0.005140798901682023
69.1,2.2521884236900176,2.7660977593924376,-0.014215642716445875,0.2503604929617692,0.002376371596688756,0.25,0.006472006954291867
69.2,2.2777090028365077,2.7657369689589966,-0.013916552876044557,0.2503911247110004,0.003447103741344288,0.25,0.006472006954291867
69.3,2.3032345934113474,2.765384777279571,-0.013631354887603475,0.2498484250557263,0.002575351171350703,0.25,0.007601316643197393
69.4,2.3287439607595712,2.7650429310643645,-0.013466177102810879,0.2501204678218249,0.000994879134273441,0.25,0.007601316643197393
69.5,2.354252990580959,2.764700992584813,-0.013372180251936741,0.24961636463839343,0.0008490958548465263,0.25,0.006348280795487868
69.6,2.3797547179071215,2.7643618358979616,-0.013233250311512396,0.2500621282309065,0.0036164637619574194,0.25,0.007385569333925783
69.7,2.4052433373612203,2.764032101474474,-0.012923854929876395,0.25015747402652877,0.003074969696740633,0.25,0.007385569333925783
69.8,2.4307334021185776,2.7637029102780777,-0.012632252389753738,0.24968000537218585,0.002061532571773749,0.25,0.007254297937772236
69.9,2.456222824322186,2.763386624671475,-0.01240017758224172,0.2500348897351263,0.000276596421985023,0.25,0.007254297937772236
70.0,2.4817299841178198,2.7630710016127913,-0.012391595608400708,0.25007888109707693,1.660217204982256e-05,0.25,0.007227555768397342
70.1,2.498735618106417,2.7628591080230795,-0.012396186462965197,0.25003373843725674,-1.218165576360731e-05,0.25,0.007227555768397342
70.2,2.524243422917765,2.7625435657088078,-0.012291131584794508,0.25028946450242673,0.0034029619096681463,0.25,0.006925688990083037
70.3,2.5497655684470515,2.7622339408356544,-0.012029651771598742,0.2507520298242466,0.0017550009271541003,0.25,0.007878202234934576
70.4,2.5752902626648226,2.7619267098341345,-0.011690533632823033,0.250026041823275,0.003275227063529785,0.25,0.007878202234934576
70.5,2.6008068231476877,2.761631878856585,-0.011387639997127512,0.25022058559601934,0.0008894374395776241,0.25,0.008149665394100671
70.6,2.6263185515532594,2.7613441029715267,-0.011273952349038852,0.24960932293656865,0.0012448509726676812,0.25,0.008149665394100671
70.7,2.651827661492009,2.76105689616789,-0.011161756118438677,0.2499613038927242,0.001107953591647794,0.25,0.008591650043752643
70.8,2.6773173750730965,2.7607718190741246,-0.010895496519687544,0.24949196241302002,0.0028432958603782626,0.25,0.009460477850143981
70.9,2.7028039602324077,2.760493271401472,-0.010520192759577416,0.25026694030450863,0.004055321616398987,0.25,0.009460477850143981
71.0,2.728286685526572,2.7602249449013465,-0.010141717840134864,0.24947252639683384,0.0034388621978024793,0.25,0.00947714293070219
71.1,2.7537827637895367,2.7599677256839024,-0.00992742577133312,0.2506867291064098,0.0011748563532048395,0.25,0.00947714293070219
71.2,2.7792891981515333,2.7597150247930586,-0.009811864139731969,0.250092748184106,0.00020007481637309842,0.25,0.008023713426687654
71.3,2.804805423386899,2.7594653375698894,-0.009704164847641637,0.25009602418760196,0.0018718796186261188,0.25,0.008070783294428199
71.4,2.830332189084071,2.7592171113988893,-0.00941650620630148,0.2503515683591776,0.003587215537574453,0.25,0.008070783294428199
71.5,2.855858029454907,2.7589764379254818,-0.009044095887538997,0.2504012331142815,0.0032803662041376133,0.25,0.008455001008183504
71.6,2.8813819492543904,2.7587493272193946,-0.00871828881362465,0.24990877518777263,0.002787579841538237,0.25,0.008455001008183504
71.7,2.9068910381315316,2.758528358784011,-0.008634645610685521,0.2500299201798235,0.000933386833246132,0.25,0.007006565297408153
71.8,2.9238943548129637,2.758381987680825,-0.008565444944093276,0.2504862282312689,0.0007695132367360994,0.25,0.007006565297408153
71.9,2.9493929658279763,2.758165357044215,-0.008395190264925507,0.2495563889830709,0.0032882091843396285,0.25,0.006666505820784086
72.0,2.974885428505447,2.75795564427845,-0.008077008232567979,0.24998155709200057,0.00242502113751314,0.25,0.006666505820784086
72.1,3.000373478149701,2.7577547043220054,-0.007802300424062783,0.24983813811012995,0.0027151374336068274,0.25,0.007915562232317895
72.2,3.0258637050213206,2.7575608954691746,-0.007548364381962639,0.2500627500265477,0.00038864978148959263,0.25,0.006029655718160722
72.3,3.0513698386656976,2.757368854067251,-0.007551814939294193,0.24990491767883133,-0.0015057342530143012,0.25,0.006029655718160722
72.4,3.0768744445045955,2.757178320092914,-0.00755250391511474,0.24972856544038707,-0.00018532154593539833,0.25,0.006582566443734911
72.5,3.102391012432907,2.7569868239861224,-0.0073341635651340276,0.25019058543160094,0.0033148761453476254,0.25,0.006582566443734911
72.6,3.1279148389153426,2.7567982528700017,-0.007038086607319265,0.25004790285841993,0.003753278247046535,0.25,0.006468710007408972
72.7,3.1534390349536987,2.7566185056722463,-0.006719818118548227,0.2503283357337241,0.0025221507265226575,0.25,0.006468710007408972
72.8,3.178950448880447,2.7564518542028895,-0.006568960366709799,0.25006671665692526,0.000403297105824987,0.25,0.004943983848212138
72.9,3.204457179232313,2.756285113291884,-0.006545508823205043,0.24999893976593723,-0.0007130448912343987,0.25,0.0037078784808652863
73.0,3.2299608841059113,2.7561170368319297,-0.006509414768042059,0.25007889134817196,0.0021865249531427184,0.25,0.0037078784808652863
73.1,3.255458554761087,2.7559530440369198,-0.006303928346600631,0.25003417197971795,0.0011612419394363368,0.25,0.0037924426306995516
73.2,3.2809554651607717,2.755794810092692,-0.006085586800704451,0.24990474998064904,0.00235193012145423,0.25,0.0037924426306995516
73.3,3.3064543808989963,2.755640527508953,-0.005936600345558152,0.25019430387843083,-0.0005678639906251889,0.25,0.003211307559139051
73.4,3.3234597059105804,2.7555404490614097,-0.0060934874351726035,0.25014777443523634,0.00017930015609148473,0.25,0.003211307559139051
73.5,3.348967261510262,2.755384597170921,-0.006157934731569342,0.24999306955965764,-0.00010865423007897526,0.25,0.0017633799386108442
73.6,3.374478757698791,2.755223737941599,-0.006208006135478348,0.25031834163541244,0.0012636503031760557,0.25,0.0017633799386108442
73.7,3.3999949676484014,2.755068958958164,-0.006041545962259849,0.2504774663169241,0.0017194931579409404,0.25,0.0020245773586325677
73.8,3.425512230517641,2.7549160481987895,-0.005869693412156537,0.24995838172255647,0.0012981187310702254,0.25,-0.00015770279780583443
73.9,3.451022699891007,2.754766955284098,-0.005815579508481909,0.24987798106494782,-0.0009707884081389355,0.25,-0.00015770279780583443
74.0,3.4765293682628857,2.754619291226327,-0.005966627666285838,0.2501351526421898,-0.0028652892523830624,0.25,-0.0030241931505911278
74.1,3.5020361063581453,2.7544632619471874,-0.00618491545810253,0.25012171064653455,-0.0005504531341853436,0.25,-0.0036529906351774957
74.2,3.527549094813413,2.7543074910010366,-0.006205746055727363,0.24991867873747742,-0.00035571420923468007,0.25,-0.0036529906351774957
74.3,3.553060947035313,2.754152250600824,-0.00622881264408428,0.25048305539633736,-0.00031122463574594355,0.25,-0.005104542321512841
74.4,3.578575670171089,2.7539946093979157,-0.006264920056303976,0.2501323462560372,-0.0002933276406000304,0.25,-0.005104542321512841
74.5,3.6040811801456694,2.7538339828436396,-0.006792527149887973,0.25017629484801807,-0.010224148076789735,0.25,-0.021280734506595997
74.6,3.6295806355839706,2.753655689366274,-0.007417910549575327,0.2501752203337183,-0.0051104261712455554,0.25,-0.021280734506595997
74.7,3.655082019006011,2.7534582862019867,-0.007990958579514299,0.24901624608235998,-0.005950221085518251,0.25,-0.025707723296486254
74.8,3.6805612082028727,2.7532354985623293,-0.008562726604480146,0.2508868959460976,-0.005401195124459727,0.25,-0.027657384853300854
74.9,3.7060435074045897,2.7529992149048716,-0.009154799196679574,0.2515206961236906,-0.005670846065090072,0.25,-0.027657384853300854
75.0,3.731524596930129,2.7527464473125716,-0.009783251059384658,0.24834778851253295,-0.00872119007786614,0.25,-0.026883711062608742
75.1,3.7485245719558855,2.752574059104178,-0.010355424057653415,0.24852440211253166,-0.0068338671987996,0.25,-0.026883711062608742
75.2,3.7740493557257753,2.7523153303384835,-0.011025292641746462,0.2517379479710693,-0.005247838882593514,0.25,-0.03100276116502816
75.3,3.799592478573363,2.7520345417179937,-0.011757841450845536,0.2503720290408766,-0.008196632717569955,0.25,-0.03100276116502816
75.4,3.825159711734822,2.7517382789257394,-0.012488817951053737,0.2502169240719637,-0.007936917631051438,0.25,-0.03196117460256113
75.5,3.8507373881377407,2.7514203862666897,-0.013145513977282945,0.2520230118875682,-0.0069638366140339775,0.25,-0.0454502771589245
75.6,3.876272035257156,2.751076597499918,-0.014245146461470045,0.25058037801273947,-0.016073007364524883,0.25,-0.0454502771589245
75.7,3.901788069690599,2.75072912530746,-0.015564142486310993,0.2501380831787026,-0.010342847752668681,0.25,-0.030871803106946122
75.8,3.927292452655308,2.7503216090118316,-0.016528539429886396,0.25079312079386573,-0.00771804938355712,0.25,-0.030871803106946122
75.9,3.9527615416449757,2.7498896966928323,-0.01733276246418934,0.24848754249714847,-0.006350822376884758,0.25,-0.03105162660785915
76.0,3.9782264634890447,2.749429155789932,-0.017979685373247446,0.2492618615817775,-0.007355177943503142,0.25,-0.03382278120521678
76.1,4.003706983714986,2.748951903673424,-0.01867985343268323,0.24908306450853704,-0.005629850169481168,0.25,-0.03382278120521678
76.2,4.029189637255775,2.7484669290010806,-0.019626885936648825,0.25177355580746963,-0.01172347715470884,0.25,-0.03582934721918632
76.3,4.0546910330506005,2.7479565541343387,-0.0207347765802451,0.2509114392863542,-0.010713524450296297,0.25,-0.03582934721918632
76.4,4.0802362260983,2.7474333918997607,-0.021663685421397693,0.24896716368995236,-0.006446894625377692,0.25,-0.030470456158565515
76.5,4.105792942230987,2.746887923740439,-0.02232211518692177,0.2508632613463327,-0.007760693256568248,0.25,-0.04067300127437748
76.6,4.131372453699037,2.7463188458469676,-0.023135334766344003,0.25205077262812287,-0.0075686184042817245,0.25,-0.04067300127437748
76.7,4.148408805639251,2.745931707729499,-0.023767695481091602,0.24881251023634995,-0.012851371473638497,0.25,-0.038942554868022165
76.8,4.17389909306125,2.745315993593891,-0.024845782078621464,0.2502633548543917,-0.011759529908113287,0.25,-0.038942554868022165
76.9,4.199404605063952,2.7446885663124476,-0.025978813041243387,0.24837348801302403,-0.008944451330750726,0.25,-0.04015415402323197
77.0,4.224876243967187,2.7440093032204707,-0.026955192000855797,0.2501476457613261,-0.008542198267198414,0.25,-0.04015415402323197
77.1,4.25033690261828,2.743295261453674,-0.027833546581973102,0.24968283588453116,-0.009307488915056174,0.25,-0.038893855256240645
77.2,4.275782474147818,2.7425705657997037,-0.02870944450308928,0.24908141415207002,-0.008352807138230152,0.25,-0.03491493540666278
77.3,4.301260206285789,2.7418231592040097,-0.029632399037710744,0.24925972097499147,-0.011658487262166511,0.25,-0.03491493540666278
77.4,4.326758414137208,2.741062000550502,-0.030703400491364326,0.24807723836731643,-0.012870194815412352,0.25,-0.050592111135998444
77.5,4.352258627296435,2.740265924116434,-0.032230153369734595,0.24613437650616726,-0.011337204908359225,0.25,-0.05254887923804772
77.6,4.377846434491715,2.7394400291600927,-0.03346596125534962,0.2521450052126124,-0.0106626272509718,0.25,-0.05254887923804772
77.7,4.403439747883462,2.7385958119692337,-0.0345696984046549,0.2479863295770027,-0.010421447021907138,0.25,-0.05103319178019353
77.8,4.429025096253603,2.737715873867135,-0.03573041647915739,0.2524419252106129,-0.011755149153057661,0.25,-0.05103319178019353
77.9,4.454496472968805,2.7367582696688406,-0.03738586665606634,0.2486628524945979,-0.016053501593321313,0.25,-0.05493148920528518
78.0,4.479963797284723,2.7357685059186796,-0.03905304117065313,0.2517937234808898,-0.01572785936804662,0.25,-0.054543458762629754
78.1,4.505422408425953,2.734746582123711,-0.04085370603089411,0.25071954182014033,-0.01790643548550093,0.25,-0.054543458762629754
78.2,4.530841309725154,2.733673399828647,-0.042183323676121834,0.2486134520208064,-0.012407926719692595,0.25,-0.05776199314413373
78.3,4.556224793940943,2.7325768912807638,-0.04352125276232203,0.2492132216870366,-0.013689402465385232,0.25,-0.05776199314413373
78.4,4.573159566226204,2.7318218942453134,-0.044543615987124946,0.248894285542004,-0.014864571273477133,0.25,-0.05941666036314926
78.5,4.598632137981625,2.730677201381752,-0.04621645412378203,0.24876712717691923,-0.01672052792210565,0.25,-0.05941666036314926
78.6,4.624147407191068,2.7294935301232663,-0.04807986110705415,0.25182773792184887,-0.01559415222899075,0.25,-0.06362666601071265
78.7,4.649696504224038,2.7282626100506286,-0.04992269400709135,0.2544615861660092,-0.014744170816566055,0.25,-0.06362666601071265
78.8,4.6753016491706445,2.726995417016132,-0.051342440807039716,0.2520560321104411,-0.014815663497178751,0.25,-0.06527155928981279
78.9,4.700911882066468,2.7256919624137104,-0.05287734081882104,0.25197650041782044,-0.013014158341173502,0.25,-0.07393552985910232
79.0,4.726447972991656,2.72435602354356,-0.055035790860714584,0.25057126231755716,-0.024827872379869494,0.25,-0.06987432750540115
79.1,4.751914883120124,2.7229330980158073,-0.05745531323551922,0.2487519654700549,-0.024125291361244774,0.25,-0.06987432750540115
79.2,4.777419567925568,2.721506910189948,-0.0597692863712162,0.25104121998784384,-0.024836610299906744,0.25,-0.08633036999074073
79.3,4.802730614793789,2.719975747921983,-0.06224242442515338,0.2445862083473063,-0.016736127745013832,0.25,-0.08633036999074073
79.4,4.828035390311209,2.718368759822218,-0.06439176999708608,0.24729084757205771,-0.02444514349599757,0.25,-0.09410736691048015
79.5,4.853272478489242,2.716731860649935,-0.06669734339633233,0.2518510185060745,-0.026709923087676748,0.25,-0.10111533036127168
79.6,4.878680371979549,2.715018024100505,-0.06973867847474043,0.2556580753736195,-0.033645158273420524,0.25,-0.10111533036127168
79.7,4.904141143036129,2.713202338769986,-0.07282866891601904,0.2475857552198661,-0.036781186552610756,0.25,-0.10400571480599188
79.8,4.929664543804278,2.711332153877853,-0.07645264275027965,0.2525918869081641,-0.02431843426126942,0.25,-0.10400571480599188
79.9,4.955389223186037,2.7093873518243328,-0.07901443852994292,0.2561821792568412,-0.025174358887524357,0.25,-0.1288931070125888
80.0,4.9726128139013275,2.7080344154341507,-0.08092284159159474,0.2507647940552928,-0.029338098870636865,0.25,-0.1288931070125888
80.1,4.998227453588495,2.7059766713178677,-0.0844057517617891,0.2524767955299811,-0.04127622172393946,0.25,-0.13258950282777954
80.2,5.023595961855167,2.703807785899863,-0.0888135582988806,0.24823666016795917,-0.04353025163318428,0.25,-0.11572556989570587
80.3,5.049040038475697,2.701562378246527,-0.09268341625980436,0.2527541109074854,-0.03356579674044216,0.25,-0.11572556989570587
80.4,5.07438697470762,2.6991813179167434,-0.09701100332376486,0.25473604922174253,-0.0534877648268239,0.25,-0.13340900910732165
80.5,5.099490516362849,2.6967445179962617,-0.10160914340229739,0.24688862547872992,-0.039425621434097224,0.25,-0.14129144599931057
80.6,5.1244858099801895,2.6941713543184864,-0.10513720708265994,0.2552118152523797,-0.03512750072664544,0.25,-0.14129144599931057
80.7,5.1497323881928025,2.6914655072008005,-0.10938862025988355,0.2546538521743337,-0.047475400514742014,0.25,-0.1452064582187464
80.8,5.175108404057997,2.6886379479448856,-0.11390819069492143,0.24385383631667457,-0.046617570294915193,0.25,-0.13411233060370337
80.9,5.200485496273655,2.6856730922738365,-0.11883897044700312,0.24797714936333326,-0.049008090292343126,0.25,-0.13411233060370337
81.0,5.226042473270147,2.6826062392559944,-0.12316237670542579,0.2522662364636107,-0.029927813316718663,0.25,-0.14294168501331098
81.1,5.251795302442913,2.6793864447267173,-0.1263053399324915,0.2498260661817201,-0.031850220042424854,0.25,-0.14294168501331098
81.2,5.277189560835446,2.676185621502913,-0.13077211786830317,0.25256882322244484,-0.048581259328078136,0.25,-0.14091404007879382
81.3,5.30249638721313,2.672835672481245,-0.13598875158586257,0.24911688941107732,-0.048714916191921614,0.25,-0.14546139774148192
81.4,5.327766205134639,2.6693510637068747,-0.14095040398727687,0.2494673354704771,-0.04835316906232399,0.25,-0.14546139774148192
81.5,5.3530136212967365,2.6657446916769185,-0.1459399678947498,0.24603664778499798,-0.05602692306852837,0.25,-0.15933864763681532
81.6,5.377962798872935,2.6620404793792294,-0.15195146148621455,0.24489060567649842,-0.055992219189366914,0.25,-0.1635101963993876
81.7,5.394507145402533,2.6595149812244214,-0.15529062664071286,0.24078658393494745,-0.046753712544043965,0.25,-0.1635101963993876
81.8,5.419552450570548,2.6555935889516653,-0.15966804956344505,0.2516240042799581,-0.03296491202359093,0.25,-0.1635101963993876
81.9,5.444772954493151,2.65152297484186,-0.16304470493231685,0.25166013311164237,-0.03866799803176132,0.25,-0.16520348525336986
82.0,5.469952857748182,2.647347296573227,-0.1674937262404059,0.2566205984588074,-0.0519008653785658,0.25,-0.18495118946181513
82.1,5.495179399980171,2.643079332337628,-0.17375419160954564,0.24524797760461384,-0.06858764157159448,0.25,-0.18495118946181513
82.2,5.520418464145627,2.638556334769491,-0.18169701881165656,0.2570031712152776,-0.0848017585507436,0.25,-0.19866685445938956
82.3,5.545390889848542,2.6338924248317803,-0.19049748484298612,0.2529262285887298,-0.08388032292711342,0.25,-0.20144968078719444
82.4,5.570387605354079,2.6292499840579606,-0.19966001267462558,0.2471091251804876,-0.0941283495000229,0.25,-0.20144968078719444
82.5,5.595319500654936,2.62441107740193,-0.2089277461844959,0.24628842277691682,-0.08920665584505581,0.25,-0.20130312390532862
82.6,5.620219585593919,2.619198814989058,-0.2167277703578784,0.24535114920240728,-0.07265063002625732,0.25,-0.20130312390532862
82.7,5.645207589667238,2.6136612402399204,-0.22403762447908473,0.2540926706714339,-0.0782542462454833,0.25,-0.20726163031663164
82.8,5.670717558335078,2.6078356961092126,-0.23041912116160604,0.25354304451694704,-0.07513253630289572,0.25,-0.21854397027660954
82.9,5.695763503798873,2.6018988178614313,-0.23899107040541043,0.252531043898931,-0.09187337503114984,0.25,-0.21854397027660954
83.0,5.720449092639567,2.5959061497612845,-0.24750290154080992,0.2575925574992993,-0.07077980106448797,0.25,-0.227856803772384
83.1,5.74496423692506,2.589872125550948,-0.25524418175026437,0.25456747906952665,-0.08000980979301749,0.25,-0.227856803772384
83.2,5.769423081108928,2.5835928986799153,-0.26292913668572776,0.2472169559223954,-0.06644700148692304,0.25,-0.22378246286224152
83.3,5.785137579487227,2.5792327801038533,-0.2668939922001687,0.23735916388573564,-0.05464353314720057,0.25,-0.22378246286224152
83.4,5.8091555368165535,2.572604678522707,-0.2738689619077674,0.24959322172622578,-0.07609262952512814,0.25,-0.2308584612604817
83.5,5.833269882913416,2.5657134425472847,-0.2817222546877721,0.2546766912742801,-0.10497528086234742,0.25,-0.2308584612604817
83.6,5.857692165755649,2.5589244114351284,-0.29306887060910425,0.25063560340953545,-0.11885197871927346,0.25,-0.2414273175502808
83.7,5.882047795249451,2.552122496520796,-0.3051455770627993,0.24894865702995014,-0.11654718097145172,0.25,-0.2431329214385001
83.8,5.906554869959756,2.5448047811302614,-0.31639837510526375,0.2619719153606857,-0.07489612698836497,0.25,-0.2431329214385001
83.9,5.931908726017548,2.5367181679103177,-0.32306158485851405,0.25501802102150345,-0.0674523503579032,0.25,-0.2213912410933723
84.0,5.957133027982777,2.528466233844837,-0.3293306874153816,0.26183806102573026,-0.05945849220551974,0.25,-0.22588815782010052
84.1,5.981614411944671,2.5201719167374357,-0.33697707243146585,0.24726440922426524,-0.09046318248685287,0.25,-0.22588815782010052
84.2,6.005546751539863,2.5122382626653645,-0.34736661418786874,0.25117527223249186,-0.10908483451045901,0.25,-0.23430042447027524
84.3,6.029385713785862,2.5039079152713257,-0.3583961810562931,0.2372844875302663,-0.09447759336927215,0.25,-0.23430042447027524
84.4,6.0522795488691425,2.494982898467596,-0.36578290331141866,0.23622318470482118,-0.07002724928419371,0.25,-0.24412897395183625
84.5,6.07503343882884,2.4860035423813778,-0.37330433321265805,0.2475820784478094,-0.08088977363425527,0.25,-0.23938141817090647
84.6,6.098090464450283,2.476757229069701,-0.38148669824473397,0.24083851393857114,-0.07272823470601139,0.25,-0.23938141817090647
84.7,6.121610218885933,2.467704152300847,-0.39196116540847836,0.2478476955816912,-0.11874890879487285,0.25,-0.2522891513439448
84.8,6.14513687462241,2.4581752124617506,-0.40412320817393416,0.24638753315092615,-0.12277428660571942,0.25,-0.2522891513439448
84.9,6.168772008224599,2.448179407448669,-0.4156596520024923,0.25722438764420325,-0.10342869274501625,0.25,-0.25064266154621706
85.0,6.184787423108629,2.4411096700632045,-0.42260467991361034,0.2544232589559252,-0.1106668403074747,0.25,-0.25064266154621706
85.1,6.208726288854805,2.430234008164746,-0.43253586755366796,0.2563123495723184,-0.10755515461948835,0.25,-0.2557663209887932
85.2,6.2330106703989765,2.4193939619672715,-0.44100897170397996,0.2555187254019086,-0.09079314412562542,0.25,-0.2557663209887932
85.3,6.256185338677712,2.4083161172135084,-0.4507734397313359,0.23709239725219855,-0.1126155680462063,0.25,-0.25819755845370396
85.4,6.279043745880175,2.397290368161169,-0.4621586979150792,0.2518184079080786,-0.11785016829740277,0.25,-0.2565455339380387
85.5,6.301456581151409,2.3864300269463747,-0.47461993625282867,0.23850788966448344,-0.12325291548410536,0.25,-0.2565455339380387
85.6,6.3235774012543695,2.3750992785474327,-0.4866714436202208,0.2501964909448639,-0.11489914401825811,0.25,-0.26146123536564664
85.7,6.34561232389969,2.3634523976225066,-0.4985001982706593,0.2581769402893852,-0.1256008268442147,0.25,-0.2597651955780559
85.8,6.367596209152324,2.3514521264645007,-0.5108278178393251,0.2568610836813766,-0.11324783968015129,0.25,-0.2597651955780559
85.9,6.3897119549404175,2.3388542371907786,-0.5245166930706581,0.24797876257639456,-0.1301979967316923,0.25,-0.2475616007298447
86.0,6.412159565319663,2.3258451757909375,-0.5344026368874594,0.25356561861073484,-0.09639595490560823,0.25,-0.2475616007298447
86.1,6.43448980161237,2.3124628517312784,-0.5450603703682447,0.2669332019957148,-0.09225487447732067,0.25,-0.2395531323790709
86.2,6.4567318928288095,2.298811062204485,-0.5550578020509404,0.26274837562472536,-0.10352143233389009,0.25,-0.2403728654686167
86.3,6.478817187951259,2.284957648053096,-0.5657778856761899,0.2580687525426878,-0.09876746337732381,0.25,-0.2403728654686167
86.4,6.500571041709574,2.271171489927773,-0.575303251521491,0.2503460051166567,-0.08738728697159874,0.25,-0.23753306389202683
86.5,6.521773415541295,2.257304051362728,-0.585619433813789,0.24505079810408364,-0.1238392803517361,0.25,-0.23753306389202683
86.6,6.535695058369459,2.2480742145054617,-0.594395289871962,0.245595928780884,-0.1309961746418914,0.25,-0.23238695532263015
86.7,6.556469231148414,2.2342665208345385,-0.6055089603764975,0.24008980139269945,-0.10451163980299964,0.25,-0.23238695532263015
86.8,6.577111626097902,2.22033632665214,-0.6159312115138134,0.24768603426110358,-0.09771620119174046,0.25,-0.22938583563336043
86.9,6.597484742315129,2.205858318925388,-0.6254812193073717,0.2505933059479459,-0.10005169088163493,0.25,-0.22739370584455237
87.0,6.618043222870172,2.190853379332455,-0.6355109721569646,0.25508709720337774,-0.09734808786052783,0.25,-0.22739370584455237
87.1,6.638994420410091,2.1756217881408206,-0.645348861534958,0.2486483244996634,-0.09865696685992333,0.25,-0.23126488613463153
87.2,6.659725330716065,2.1600229102484136,-0.6545209348457321,0.2588831238222981,-0.08609064090814728,0.25,-0.23399015867486211
87.3,6.680215067339523,2.1439779336244253,-0.6641811425544323,0.2595568205708278,-0.0986461165431254,0.25,-0.23399015867486211
87.4,6.700551679308108,2.1277257853652123,-0.6745903623952655,0.2570578201168731,-0.1039132424876731,0.25,-0.23589149403487475
87.5,6.720577188939187,2.111674580907115,-0.6844958511328444,0.25258563795431865,-0.09259404021175817,0.25,-0.23589149403487475
87.6,6.7404379405410415,2.0954853757285297,-0.6941037125019617,0.24547522297401983,-0.09393099001460457,0.25,-0.22892288956129103
87.7,6.759847425040778,2.0791477130860208,-0.7039122899909658,0.255579848846042,-0.10099036763219368,0.25,-0.23505653642425872
87.8,6.778974139986184,2.0630367081125627,-0.7156297827398712,0.23899084002988755,-0.10422666711041895,0.25,-0.23505653642425872
87.9,6.797904303058969,2.0470660589265934,-0.7259904833446492,0.24508298862434558,-0.10024790008232225,0.25,-0.21985327470955635
88.0,6.81670645515641,2.0306574153276684,-0.7357669931379688,0.2608122421197196,-0.08521498920259782,0.25,-0.21985327470955635
88.1,6.835603404733573,2.0134251317486913,-0.7456488575693279,0.24696660489304895,-0.10653016094770218,0.25,-0.22130419521245942
88.2,6.854387902013917,1.996062469336556,-0.7557297881883709,0.2569713149838147,-0.10843654840250494,0.25,-0.22130419521245942
88.3,6.866984352093365,1.9841548687852353,-0.7624648272318041,0.2513222776931825,-0.09042516556097355,0.25,-0.23647403627908936
88.4,6.885675717449318,1.9659263384117254,-0.7712934138853714,0.2537422702188845,-0.09809385563718792,0.25,-0.23647403627908936
88.5,6.904092217133638,1.9476644980369855,-0.7814649855020168,0.25239842353902103,-0.10203376352803695,0.25,-0.21736809770244137
88.6,6.922221510374179,1.9295809374266737,-0.7908748802456225,0.24607838232393683,-0.09266216939893983,0.25,-0.21777504106244672
88.7,6.940163455883117,1.9113973538225684,-0.800157205873623,0.2514551833713168,-0.0919428558713139,0.25,-0.21777504106244672
88.8,6.9579342013832095,1.8930272727049358,-0.8096119064644216,0.25383567686242936,-0.09368784348759976,0.25,-0.2161788691946317
88.9,6.97547126720658,1.874536110000543,-0.8190759940201207,0.24972167559386624,-0.09363442762735724,0.25,-0.2161788691946317
89.0,6.992625327537464,1.856386488414143,-0.8279003834213136,0.24297516568894617,-0.08660371876347685,0.25,-0.21218735918631101
89.1,7.0097180508007595,1.8378798477612763,-0.836684214923304,0.24728513308583758,-0.08982276241702097,0.25,-0.21788191901921222
89.2,7.026723333411818,1.8190264394027695,-0.8463186783507806,0.2527660224117945,-0.09829287902706063,0.25,-0.21788191901921222
89.3,7.043530498425068,1.799959886538776,-0.8560192202473929,0.2379693256579957,-0.09424937086093368,0.25,-0.21680005711252642
89.4,7.060235628862832,1.7806653119831328,-0.8650476823029283,0.25922035412999506,-0.07844679384785383,0.25,-0.21680005711252642
89.5,7.076902447198837,1.7611378685799932,-0.8743685638265417,0.254946693886273,-0.09633969787156364,0.25,-0.21514251197549242
89.6,7.093062533846458,1.7417633524146476,-0.8842705949588694,0.25051027972893214,-0.10148661790704122,0.25,-0.22135769433199412
89.7,7.109094371249023,1.722035100962048,-0.8929975711850934,0.2501985819862353,-0.08276302795852829,0.25,-0.22135769433199412
89.8,7.125039128331301,1.702210496803946,-0.9014250705154351,0.24860858114796994,-0.08311841941459795,0.25,-0.23541007404285857
89.9,7.135572887564721,1.6888656873231844,-0.9072395231548445,0.2470799320647156,-0.08816269484840782,0.25,-0.23541007404285857
90.0,7.151234043340358,1.6686586060424542,-0.917349291222352,0.24683535590489197,-0.10928682158137489,0.25,-0.22994817833627573
90.1,7.167058798345679,1.648138049775259,-0.9281414666824028,0.25397254653868173,-0.10561947330643943,0.25,-0.22994817833627573
90.2,7.182795282065122,1.6272790701693745,-0.9386585325580478,0.26029172642979703,-0.09848823804630527,0.25,-0.22468270466380852
90.3,7.197886736088272,1.6065668758952705,-0.9477640828352997,0.26260237327906794,-0.0793004678456947,0.25,-0.2222257776593605
90.4,7.2127154206947806,1.585872638734328,-0.9552277175654403,0.26102805517765393,-0.07300539542859337,0.25,-0.2222257776593605
90.5,7.227388114887789,1.5649847578077036,-0.9627710834974874,0.23574319597154952,-0.07240077514132462,0.25,-0.21241963521738566
90.6,7.241797894341397,1.5442075959029355,-0.9715338833353682,0.25298332415286046,-0.09134753575660856,0.25,-0.2148414835009999
90.7,7.255795445192737,1.5234242385648413,-0.9822997702243544,0.24637291694487262,-0.10847469293588693,0.25,-0.2148414835009999
90.8,7.269762847776051,1.5024357006032807,-0.99286767489099,0.24271267886902723,-0.10023534571779318,0.25,-0.23492176116345923
90.9,7.283619259858066,1.4810800594353846,-1.0013938446457953,0.2471987814543499,-0.08073992423645769,0.25,-0.23492176116345923
91.0,7.29729177574345,1.4595000683311783,-1.0093573218501284,0.24909728581560459,-0.06959413031212061,0.25,-0.21640507991084013
91.1,7.310796626399427,1.437797215381208,-1.0165955888736677,0.254129199843487,-0.07168708516645743,0.25,-0.21358826528907526
91.2,7.324567120954161,1.4156819174372615,-1.0257608816648105,0.25093264801023196,-0.10099744681660605,0.25,-0.21358826528907526
91.3,7.3383208489874745,1.3934443951904492,-1.0359286405959731,0.2585444914606487,-0.10911769799671944,0.25,-0.21846322473087554
91.4,7.3513918713020425,1.3711736770234801,-1.046317347947155,0.24360097444329232,-0.11688683500846775,0.25,-0.2137809863688992
91.5,7.364164243457605,1.348811084975636,-1.0568388856528084,0.25303119561860415,-0.07475852596852656,0.25,-0.2137809863688992
91.6,7.3724924312266,1.3339872340761452,-1.0619512986318422,0.2436506705164272,-0.0767609095552359,0.25,-0.2137809863688992
91.7,7.384791043034287,1.3120220437745598,-1.0699671759297802,0.23764554277332636,-0.08570049279263026,0.25,-0.23413484002844415
91.8,7.396654997058369,1.2900764523974988,-1.0805890556300763,0.25472878304545715,-0.10977291916128479,0.25,-0.2197585041204132
91.9,7.408290055616937,1.267909026355478,-1.091499857066859,0.24501239006107764,-0.1064187788148299,0.25,-0.2197585041204132
92.0,7.420035945781611,1.2455511072290668,-1.1020395901121898,0.25418411740236607,-0.08977688899078601,0.25,-0.21779364938969675
92.1,7.431510436498516,1.2226888693171727,-1.1093414764767981,0.25144619408364466,-0.06713066236611742,0.25,-0.22037964166335594
92.2,7.4428275362709915,1.1997533730964378,-1.1170356457790807,0.24481772972355484,-0.07221210016093493,0.25,-0.22037964166335594
92.3,7.45411124190088,1.1764330770616016,-1.125087077241848,0.24759922872251344,-0.0997807573581447,0.25,-0.22894462895004528
92.4,7.4653362286844,1.1529591152809509,-1.1359375023825942,0.24724308837310072,-0.1105183219938506,0.25,-0.22994326434117132
92.5,7.476350715683476,1.129291839163458,-1.1474089961334313,0.2563766893861223,-0.11143286827045297,0.25,-0.22994326434117132
92.6,7.486800227010223,1.1057660143975316,-1.1582808201215191,0.257290637266232,-0.12147466228559538,0.25,-0.22791201127854757
92.7,7.496947518737953,1.0823703562576694,-1.16743867353248,0.24994293938039056,-0.0696527038848659,0.25,-0.22060821178682596
92.8,7.5068147367682645,1.0594635018214842,-1.1741798633288874,0.2450847258241871,-0.06263753495912815,0.25,-0.22060821178682596
92.9,7.516509147779837,1.0368814492909613,-1.180572698816325,0.2456469603833714,-0.06521983313419327,0.25,-0.22370044113844786
93.0,7.525942066339745,1.0139617947129873,-1.188429459785833,0.24800845463183638,-0.10151161516958938,0.25,-0.22370044113844786
93.1,7.535186863685047,0.9907046362303096,-1.1982736297136518,0.2459495094117014,-0.10342843494054968,0.25,-0.21870472128594354
93.2,7.541332333744466,0.9749767264902514,-1.2052854075818045,0.2498769050855441,-0.1091057778930937,0.25,-0.21870472128594354
93.3,7.550378370276106,0.9511500817219094,-1.21516289753951,0.24678427746261936,-0.10771166816347563,0.25,-0.23380552206266458
93.4,7.559382278880967,0.926670353474989,-1.225009131890899,0.26175301854702626,-0.07742327588195988,0.25,-0.23380552206266458
93.5,7.568053946366913,0.9015958803145975,-1.2320658373827336,0.2612216168761946,-0.06202199219649137,0.25,-0.23904743012120014
93.6,7.5765755772760315,0.8763159549664695,-1.2383084823285617,0.26482269848354956,-0.06091188240539413,0.25,-0.22255854267182387
93.7,7.58509408224144,0.851464125987838,-1.245231503342893,0.25075589303314205,-0.09413467923676476,0.25,-0.22160338866068482
93.8,7.593330834227272,0.8272492151843853,-1.255888689534292,0.24482761348285592,-0.10299965802441866,0.25,-0.22160338866068482
93.9,7.601133410418961,0.8031381150927798,-1.2666327790817569,0.23997859841252678,-0.11412019369729687,0.25,-0.22546174696984767
94.0,7.6086452866735,0.7794024621626235,-1.2738808107732078,0.23949515101653354,-0.05692682745310209,0.25,-0.22546174696984767
94.1,7.6159820131320055,0.7558635252275782,-1.2796650174474946,0.24204757900151483,-0.05724546189937422,0.25,-0.22304915663388597
94.2,7.623162715893762,0.7322835832764293,-1.2855346211293972,0.2353302751327648,-0.054547861356064514,0.25,-0.2278845780750956
94.3,7.630288573420965,0.7080457480562828,-1.2920683586364297,0.2485811130029654,-0.08142521223920163,0.25,-0.2278845780750956
94.4,7.637414587351734,0.6834083717556242,-1.3014934705511718,0.24101415084832034,-0.09389659252337874,0.25,-0.23995476885674658
94.5,7.644168355513275,0.6582609695582587,-1.3104396291774005,0.26485989471361654,-0.0710891467079305,0.25,-0.23995476885674658
94.6,7.650760173030458,0.6325171376472534,-1.3164197914687181,0.2605935482469147,-0.05212157776376275,0.25,-0.24299559762870404
94.7,7.657216628864736,0.6066407029522367,-1.321990619375738,0.25099582010031013,-0.0566846477995276,0.25,-0.24299559762870404
94.8,7.663602606882379,0.5812796188603537,-1.3292057544915898,0.2512237970172497,-0.10906734897554124,0.25,-0.2524974018938265
94.9,7.668041792588714,0.5646998216518168,-1.337277521908005,0.25035679189340393,-0.1191633196652388,0.25,-0.2524974018938265
95.0,7.674417307417606,0.5397631636855426,-1.3498559406998636,0.24120525072029442,-0.12770305060445425,0.25,-0.256490226083409
95.1,7.6798925492585175,0.515046727202697,-1.362439634312371,0.2596773332642792,-0.09860830863882102,0.25,-0.256490226083409
95.2,7.68506559744892,0.49061423421764533,-1.3698766746648132,0.25934908727971817,-0.08786090079363242,0.25,-0.26875852785112864
95.3,7.690001525321886,0.4661680226500784,-1.3799261901919144,0.2324249645786737,-0.08367698072725072,0.25,-0.26708994827616983
95.4,7.694570549162842,0.44139454349579166,-1.389374384099476,0.24494651593136926,-0.10950164187024221,0.25,-0.2619645842791295
95.5,7.699115294500546,0.416342171572198,-1.3995167136455264,0.23784622375448725,-0.11908876435405208,0.25,-0.2619645842791295
95.6,7.703373995878263,0.39106459749581196,-1.4116994314312223,0.26383696390384054,-0.10626618798840155,0.25,-0.266686640215848
95.7,7.707377899135082,0.3652283234887294,-1.421594754753944,0.2493104042173199,-0.10128742910368102,0.25,-0.266686640215848
95.8,7.711205703160761,0.338903742413623,-1.4298504776955383,0.2648074297420922,-0.05285653113885034,0.25,-0.2691080474822082
95.9,7.714750112151611,0.3124908497298875,-1.4352234929205798,0.2593807710069435,-0.06763491798680897,0.25,-0.2691080474822082
96.0,7.718267853813834,0.2872651262123734,-1.4444282606884196,0.2529605504272245,-0.1135006356300857,0.25,-0.27174619051066556
96.1,7.721444033933369,0.261972680901585,-1.4573420442678533,0.2468878555351979,-0.13921893138843452,0.25,-0.27120114095540904
96.2,7.724033936682562,0.2365698306197258,-1.4716942504332011,0.23972402457845496,-0.14499735387076093,0.25,-0.27120114095540904
96.3,7.72651214801793,0.21166910719244486,-1.4855741020275075,0.2389482681161633,-0.11239963604771396,0.25,-0.2667574654582886
96.4,7.728537226206275,0.18661434962358686,-1.496321368024635,0.24416607688209227,-0.1119634175686531,0.25,-0.2667574654582886
96.5,7.729880911428533,0.16965772680677918,-1.5028275896797432,0.24059308428375747,-0.08286467939111067,0.25,-0.25528282242710526
96.6,7.731528259601157,0.14417034587820676,-1.5111996726112746,0.2626899162539419,-0.09506029299559712,0.25,-0.25528282242710526
96.7,7.732963311067206,0.11867217026993751,-1.5218742001533971,0.2562903549943962,-0.09700875680268367,0.25,-0.23960410625671094
96.8,7.734209217783789,0.09311442270361397,-1.5309958329240079,0.24384605423246275,-0.0987947635532108,0.25,-0.23960410625671094
96.9,7.734979580210715,0.06751242466519107,-1.542974928667885,0.24777206645372157,-0.1211511881396353,0.25,-0.24491301821413433
97.0,7.735658363339224,0.04224812607560076,-1.555336745059135,0.25544845135455085,-0.1230700512492416,0.25,-0.24507997149357283
97.1,7.736011367057118,0.01682346133327129,-1.5675011916056147,0.24931457943730256,-0.10339966777207117,0.25,-0.24507997149357283
97.2,7.736432348431021,-0.0086433484234987,-1.5781408524808505,0.25127260112096816,-0.10975563441045096,0.25,-0.24205051530543711
97.3,7.736406307590707,-0.03403298999359383,-1.5885270489491408,0.24069152935350357,-0.1021812065522072,0.25,-0.23738263875214588
97.4,7.735948354209273,-0.05986563124936652,-1.5981249929166417,0.250857594113667,-0.0787352752729508,0.25,-0.23738263875214588
97.5,7.7351252283043355,-0.08626190860721245,-1.6045475378714213,0.2601620002633804,-0.05101550460809106,0.25,-0.24278180659611143
97.6,7.734205638065798,-0.1130533575751458,-1.6088801941647117,0.265097086324451,-0.048271317381912725,0.25,-0.24278180659611143
97.7,7.733195475101715,-0.13867337059258192,-1.616777460193952,0.25322630926587314,-0.07787970019221706,0.25,-0.24779603438975334
97.8,7.73185487266807,-0.16430625957092335,-1.6251452617980866,0.26573068515968096,-0.08275472300782855,0.25,-0.2489797529574702
97.9,7.730485251812872,-0.18959372257472412,-1.636052678457446,0.2409242780850231,-0.12932382985645607,0.25,-0.2489797529574702
98.0,7.7287018005020505,-0.214501196771807,-1.6488689414268607,0.25264919815325987,-0.13375570104700382,0.25,-0.25667605466533505
98.1,7.726560864514659,-0.23954961012872045,-1.6632360919320135,0.2528911887565023,-0.13765651525279043,0.25,-0.25103520457856476
98.2,7.724933981375827,-0.25627839617698495,-1.6719543653935274,0.2582930249912477,-0.11718643035355487,0.25,-0.25103520457856476
98.3,7.722531262576987,-0.2815616738194565,-1.6839433933080394,0.2477977061608469,-0.12312728716993644,0.25,-0.25103520457856476
98.4,7.720138739521226,-0.30684802659213667,-1.69608684006003,0.25012949606413304,-0.11416174547932272,0.25,-0.23256754686095357
98.5,7.7170727099416565,-0.3322498625679811,-1.7071632682935998,0.2577843421550774,-0.08965018870219964,0.25,-0.24479281641165934
98.6,7.713483552572703,-0.35851897419305007,-1.7141047915977248,0.26541419337362754,-0.05302932813726612,0.25,-0.24362391854641519
98.7,7.7097150846195195,-0.385109000122706,-1.7187297813553188,0.259940938598555,-0.04779392351330531,0.25,-0.24362391854641519
98.8,7.705874493142524,-0.4114034833970269,-1.7239580755946315,0.24236187412341803,-0.08537382172198658,0.25,-0.22901662357502706
98.9,7.70194959998691,-0.43658678831764136,-1.7320333977997733,0.2352379334275345,-0.06888895044130217,0.25,-0.22901662357502706
99.0,7.697832018542658,-0.4616629934236638,-1.7401121593503628,0.2426880313106564,-0.09382974550430877,0.25,-0.2364747684234496
99.1,7.693675925064447,-0.4862378311500641,-1.7500265010982843,0.24034488607113982,-0.10464051933409825,0.25,-0.23329441956787117
99.2,7.689140138704241,-0.5108251960978518,-1.7616486279999906,0.25284255022507796,-0.11170150371711925,0.25,-0.23329441956787117
99.3,7.684254527835657,-0.5354495822780981,-1.7734605113464685,0.24816853464801425,-0.10972402811291417,0.25,-0.237493785298836
99.4,7.679092673606626,-0.560316959751317,-1.78480846218276,0.2482716041949165,-0.1054349160298491,0.25,-0.23637747172525067
99.5,7.6739299252131845,-0.5851618253549689,-1.795208307172066,0.2451342354335665,-0.11597439676400731,0.25,-0.23637747172525067
99.6,7.668158412398821,-0.6104997637678453,-1.8049100705165717,0.2665682712306209,-0.07584238961550269,0.25,-0.23347554095607412
99.7,7.662129523893504,-0.6361503056163486,-1.8124950633684462,0.26244348264711936,-0.06718925397323561,0.25,-0.23347554095607412
99.8,7.657963068692564,-0.6531957033609871,-1.8175967590287967,0.2619737958543352,-0.08036673467655107,0.25,-0.241640408867554
99.9,7.65154827441836,-0.6785415995788817,-1.827840955317795,0.263847355547954,-0.09841401838817855,0.25,-0.241640408867554
100.0,7.644933621432282,-0.703353298229163,-1.8380567504816447,0.23814143430099355,-0.11540161761902269,0.25,-0.23644824352419833
100.1,7.638163745186103,-0.7278117125483856,-1.8511021863560149,0.25370984336765917,-0.12288866753810099,0.25,-0.24472172451878377
100.2,7.630980870981793,-0.7518747275498694,-1.862851384659019,0.24472881642046437,-0.10650549635292496,0.25,-0.24472172451878377
100.3,7.623876828693675,-0.7757715058673831,-1.874358931392494,0.24111691888526257,-0.11529470456329151,0.25,-0.23863660683318433
100.4,7.616428922641825,-0.7995417473280065,-1.885471194493404,0.2365851064142711,-0.10042524021799853,0.25,-0.22956518894871744
100.5,7.608641041524856,-0.8231274183931275,-1.8948092268207037,0.2488411852183081,-0.1133617134974527,0.25,-0.22956518894871744
100.6,7.6004752119587335,-0.8474058548878306,-1.905277319609861,0.2433543133760788,-0.08975677868857734,0.25,-0.22797103676935032
100.7,7.591902191833172,-0.8719031631459395,-1.9143546422913578,0.24189948804969952,-0.10087723394605716,0.25,-0.22797103676935032
100.8,7.583135253858433,-0.8963870329435922,-1.9252581526366064,0.2518597496788451,-0.10166048455917369,0.25,-0.21789904562226375
100.9,7.574259759850607,-0.9207333643584256,-1.9356735745697131,0.25148097753906556,-0.10114180612066091,0.25,-0.21899559462405935
101.0,7.56503374192223,-0.9449608449588249,-1.9458197101386925,0.2524373696516111,-0.09651501011016551,0.25,-0.21899559462405935
101.1,7.555601920267852,-0.9687395874651148,-1.953901356882387,0.2544536402258343,-0.07694859568315444,0.25,-0.23153797174529317
101.2,7.545976230388818,-0.9921715840770583,-1.9624534988471094,0.24669171246603683,-0.09696418881208589,0.25,-0.23226721319285953
101.3,7.536278881545738,-1.0154069144653037,-1.9746253704297965,0.24611036310320653,-0.12844554807724232,0.25,-0.23226721319285953
101.4,7.52650086299684,-1.0384406338729524,-1.9863579717781716,0.24825161595568845,-0.1123036499141594,0.25,-0.21430185720638784
101.5,7.519754140822267,-1.0537375055255942,-1.9932472297611392,0.24749857612155626,-0.09261218792067007,0.25,-0.21430185720638784
101.6,7.509412609166128,-1.0765668384895923,-2.0019419970518846,0.24217518028199386,-0.0933295689046658,0.25,-0.21430185720638784
101.7,7.498743755230724,-1.0996743945889644,-2.0101787934073188,0.24768796455788217,-0.07230757903072392,0.25,-0.2130477863330485
101.8,7.487829015367731,-1.123011206654771,-2.017442275090209,0.24751590335870655,-0.07241156145343995,0.25,-0.2026715892224129
101.9,7.476735857903572,-1.1464193595481345,-2.025206742220223,0.24617851151810632,-0.08732175736144185,0.25,-0.2026715892224129
102.0,7.465359337745223,-1.1696672958594487,-2.0346177589613776,0.2583602044366634,-0.09409983502979674,0.25,-0.2083749837340632
102.1,7.453752596117612,-1.1928051460693168,-2.0440770187469295,0.24544798122284067,-0.09005777361662495,0.25,-0.2083749837340632
102.2,7.442087660199666,-1.2156012460485826,-2.053564757493506,0.2532477485153267,-0.07210921494678478,0.25,-0.20735617950308224
102.3,7.430174865958749,-1.2381433965221276,-2.060773804285827,0.25152294144962706,-0.07277216984683688,0.25,-0.20695241908623463
102.4,7.418130222160692,-1.2606122093797807,-2.068202749416661,0.24557382753255305,-0.07627602770546656,0.25,-0.20695241908623463
102.5,7.40604487326881,-1.2826736902823281,-2.077413710337991,0.24616164082941655,-0.09302280067765699,0.25,-0.2149455438173694
102.6,7.394002939555918,-1.3046192104235637,-2.0876839212098734,0.23988220794803353,-0.1003015936530687,0.25,-0.2149455438173694
102.7,7.381682191876375,-1.3264806802601106,-2.097739877388331,0.24711796145901782,-0.09574672911294313,0.25,-0.21256134751672215
102.8,7.368801233376852,-1.3485720358047648,-2.1078057050094254,0.2375396106266054,-0.08164640513625304,0.25,-0.21644137568275157
102.9,7.355798110610488,-1.3704602944612359,-2.1153759603100375,0.24576625036269312,-0.07875203994106444,0.25,-0.21644137568275157
103.0,7.342312431321428,-1.3924740803316427,-2.1245482777824924,0.2611391354399384,-0.06869417121455647,0.25,-0.21481545928901882
103.1,7.3332066509011655,-1.407198326234815,-2.130487174505929,0.26251229505381257,-0.09277909211180377,0.25,-0.21481545928901882
103.2,7.319523536989846,-1.4290455152196466,-2.140684600902322,0.25789228908196815,-0.10112597509446583,0.25,-0.2151484309422324
103.3,7.305833296591915,-1.4505529578044216,-2.1509560042828237,0.24382816611514121,-0.09915866588424038,0.25,-0.2151484309422324
103.4,7.291855789944209,-1.471825869034827,-2.1601639344643564,0.2489964972336019,-0.08491309659558359,0.25,-0.21345421084663155
103.5,7.277567962860703,-1.4930191930476462,-2.1683262149872538,0.2541258947628285,-0.0768597521790622,0.25,-0.20912026496903346
103.6,7.263160079785651,-1.5139558246585694,-2.176145781347552,0.2529540128318377,-0.07781462800540967,0.25,-0.20912026496903346
103.7,7.248597352297916,-1.5346756856884982,-2.1871866733868304,0.24811255070682645,-0.12939184867727901,0.25,-0.22413669862918323
103.8,7.233813431959414,-1.5553077056698155,-2.19829747526161,0.2402053613608589,-0.09649301286100465,0.25,-0.2238927041717746
103.9,7.2191861795671715,-1.57588495686234,-2.209690617786272,0.24841073865881655,-0.12193148908895492,0.25,-0.2238927041717746
104.0,7.2043074389549995,-1.5962923118672498,-2.221427977416981,0.2541544748637608,-0.1020560373292516,0.25,-0.20141647917577746
104.1,7.1887676264538225,-1.6165670101360794,-2.2307673625393685,0.2561949135581686,-0.07593216888278795,0.25,-0.20141647917577746
104.2,7.173197199302835,-1.6367069996414285,-2.2396811566704447,0.2444182641199707,-0.10761622851263228,0.25,-0.2021386611303787
104.3,7.157506831299905,-1.6561999805774643,-2.2487319137987436,0.24202750474073798,-0.0808185039874012,0.25,-0.19485473025860003
104.4,7.1416364518292195,-1.6758953222000805,-2.257112121975615,0.2491095804645704,-0.08670723287201643,0.25,-0.19485473025860003
104.5,7.125516934450868,-1.6955813442326317,-2.2659007385916565,0.24877348852760953,-0.08612671565422093,0.25,-0.189548524638473
104.6,7.109274365143067,-1.7151304875267965,-2.274324920019886,0.2505568140914858,-0.08095226691921481,0.25,-0.189548524638473
104.7,7.092742139210536,-1.7345576249906103,-2.2825604470853023,0.25325863711356456,-0.07952117844240732,0.25,-0.1942345015482639
104.8,7.081451308093701,-1.7477204479485282,-2.287932224482448,0.24635945977901813,-0.08691684012374729,0.25,-0.1942345015482639
104.9,7.064418926578529,-1.7672782159878675,-2.296772446990031,0.23914858164575434,-0.08471595815675159,0.25,-0.19461245857590387
105.0,7.047446497203369,-1.786357876693243,-2.307019120077489,0.25214593527929174,-0.09701761159001117,0.25,-0.20592488742855486
105.1,7.030267353147189,-1.805207952513007,-2.317219440108358,0.2522601714743693,-0.10030344218609766,0.25,-0.20592488742855486
105.2,7.013286681320536,-1.8238812928058166,-2.3273625401633358,0.2519393380840678,-0.09906203623618562,0.25,-0.200865035145009
105.3,6.9958476570416925,-1.8423412046152532,-2.3373608465161615,0.242014058209399,-0.08426111129016543,0.25,-0.19882871843842842
105.4,6.978415377549454,-1.8601884700853288,-2.346010739638001,0.24355544379432936,-0.08922888709323022,0.25,-0.19882871843842842
105.5,6.960735487990088,-1.878042102633028,-2.355037008120167,0.24892517895626376,-0.08204209074113819,0.25,-0.20128896768076995
105.6,6.942940916475318,-1.8959957763221844,-2.3634554532487155,0.24768491563284956,-0.08169423518490687,0.25,-0.20128896768076995
105.7,6.924957594966104,-1.9138570726403907,-2.371864952633689,0.24788652254409121,-0.08108581732179443,0.25,-0.19702206596946265
105.8,6.906771729540021,-1.9315578578797459,-2.3801048123635566,0.25068843831892507,-0.08197541431664364,0.25,-0.19717463436005103
105.9,6.8880292481990395,-1.949480391621673,-2.3884095791178184,0.2575540118788376,-0.08615145672847825,0.25,-0.19717463436005103
106.0,6.869116521811192,-1.967566618144541,-2.396951994003976,0.25837506674193605,-0.08902005623655303,0.25,-0.2108813505871272
106.1,6.850093880766302,-1.985474209736316,-2.4059609074925468,0.25057794869858135,-0.09296059276223322,0.25,-0.2108813505871272
106.2,6.831097315562449,-2.0025768987421415,-2.4148944168441395,0.24521525486448484,-0.09494292130869011,0.25,-0.21281635358812806
106.3,6.812538533310662,-2.0194458931328456,-2.424598237179674,0.2450068761086087,-0.0954828264188368,0.25,-0.21349155714054327
106.4,6.799936092471492,-2.030563618568069,-2.4311512595749845,0.2490403164929399,-0.09394402077279912,0.25,-0.21349155714054327
106.5,6.780839631369817,-2.0466334656190477,-2.440491295230872,0.24822693230116025,-0.0920496125334175,0.25,-0.21349155714054327
106.6,6.761629911196363,-2.0625322188297948,-2.4498231471999334,0.24549910605811667,-0.09372678438798751,0.25,-0.21405272132443737
106.7,6.742176236429049,-2.0784965790504213,-2.4593738629995823,0.24384631895110598,-0.09067573075835748,0.25,-0.21180088816710246
106.8,6.7225699066507065,-2.094546316752508,-2.467909400152259,0.2484958321687462,-0.08148237996704784,0.25,-0.2105523816659246
106.9,6.702860825212523,-2.11040905077713,-2.476087471114464,0.2502591033246963,-0.08064825416600574,0.25,-0.2105523816659246
107.0,6.682355123262195,-2.1262974804675143,-2.484406205524054,0.2521412220008344,-0.08550036934453793,0.25,-0.20890318884528006
107.1,6.661774393640477,-2.14231059482042,-2.493173766531987,0.25715483359390023,-0.08981200026185183,0.25,-0.20890318884528006
107.2,6.641020275292953,-2.158177223206356,-2.502398254912452,0.24807870097389262,-0.07626550000169982,0.25,-0.21116326349145403
107.3,6.620315117728466,-2.173567698109329,-2.5120569952833476,0.25486499784947464,-0.10315307309567415,0.25,-0.2148485632757292
107.4,6.599685051035965,-2.1885097956219637,-2.5214667440949086,0.24853314084321837,-0.09054331965012935,0.25,-0.2148485632757292
107.5,6.579336859802078,-2.2031672104233078,-2.5301788794896507,0.24494665832179927,-0.08226978613215594,0.25,-0.21909166459181814
107.6,6.559283305466394,-2.217585052529851,-2.53846027703776,0.23852737381988318,-0.07725458866942941,0.25,-0.21909166459181814
107.7,6.53898251264164,-2.2317323310120663,-2.54746342669741,0.24272804378893395,-0.1210566040908821,0.25,-0.3098550683792634
107.8,6.5184535418765845,-2.245563472988645,-2.5618195199410208,0.24556986140769355,-0.14089543474595687,0.25,-0.3074718419897461
107.9,6.49707741962573,-2.25942639048959,-2.5767856629187564,0.240077477897557,-0.1331783921033729,0.25,-0.3074718419897461
108.0,6.475247451016588,-2.273065960853191,-2.589546578068982,0.2682904994647125,-0.12034546066004376,0.25,-0.2215529106694794
108.1,6.460544863298517,-2.2821387630307184,-2.5979703903141877,0.25596497451992567,-0.10292293826482461,0.25,-0.2215529106694794
108.2,6.43785451994214,-2.2953823182978286,-2.606225520383782,0.25743810657276367,-0.07921277727787533,0.25,-0.19042993963235674
108.3,6.41523749435902,-2.308496424881948,-2.6131673660718997,0.25503882611755013,-0.06966807653032187,0.25,-0.19042993963235674
108.4,6.3926488571987345,-2.321524485761423,-2.6200424641584243,0.25090593567019365,-0.0779305851912281,0.25,-0.20770091883445108
108.5,6.3704719882269805,-2.3342886094541457,-2.629544808855043,0.25223224991461685,-0.09355933933625243,0.25,-0.15957830987833588
108.6,6.348181589881307,-2.3468893056447055,-2.6381284798836373,0.24923026500169435,-0.06881326660259234,0.25,-0.15957830987833588
108.7,6.325984993895524,-2.359011828745465,-2.644742260330304,0.24498698790506554,-0.053934403587824906,0.25,-0.17544767859207022
108.8,6.304129715508633,-2.3710250826106303,-2.650614457822877,0.24076970400539774,-0.05851045135651482,0.25,-0.17544767859207022
108.9,6.2823866378155335,-2.3829172529012803,-2.6565236028878547,0.24284065145209155,-0.059636992851863836,0.25,-0.17966623359906916
109.0,6.260055764506078,-2.394759221804868,-2.663484378270898,0.255909357196112,-0.07835841960694649,0.25,-0.17966623359906916
109.1,6.237390660858561,-2.4068260192315507,-2.67208668441048,0.2598966229094693,-0.09097020189294855,0.25,-0.1859066384722379
109.2,6.2144047818305825,-2.4184078384888648,-2.6809151744697255,0.25160899209670134,-0.10059510266809331,0.25,-0.1883622259378318
109.3,6.1908062133948,-2.429804124534775,-2.6881210959260837,0.2610532277986316,-0.058411717024002725,0.25,-0.1883622259378318
109.4,6.167181588198133,-2.4410203765577596,-2.6943391029548898,0.2537055549299343,-0.0547666563446766,0.25,-0.17870696875198783
109.5,6.143803314615327,-2.4521338201515066,-2.7007475711430264,0.24888954225536514,-0.07400309919456846,0.25,-0.17870696875198783
109.6,6.120695036547509,-2.463001601952481,-2.7086138277254883,0.254015301633647,-0.07861949397095465,0.25,-0.18769146757546343
109.7,6.105240596479389,-2.4702259500923676,-2.7138790330563816,0.25186609077484384,-0.07852845826816375,0.25,-0.18769146757546343
109.8,6.082023477385361,-2.4806503610974957,-2.7223850982735143,0.24976701388512626,-0.0901746741008402,0.25,-0.19718163352687426
109.9,6.059288377045493,-2.4909238311437143,-2.7294194495255155,0.24740610845300534,-0.06351885143885701,0.25,-0.19718163352687426
110.0,6.036556865229803,-2.500974434504377,-2.7356183732131534,0.241410445355691,-0.06042682357685288,0.25,-0.1898147934362272
110.1,6.0137275761378675,-2.5109170519356314,-2.7416866893135503,0.24792733481837598,-0.06906761908745736,0.25,-0.19385827333621905
110.2,5.990154941455569,-2.5209917941568283,-2.7499970911124785,0.25297818023312035,-0.08791250328406963,0.25,-0.19385827333621905
110.3,5.966508900343469,-2.5308006568659898,-2.7585970216471347,0.2437075989781197,-0.08331081021240563,0.25,-0.19221713974147653
110.4,5.942417857746932,-2.5404087132711175,-2.7661582628057264,0.25543901452276613,-0.05960678402949666,0.25,-0.18780269464186605
110.5,5.9178219568798625,-2.549798152033624,-2.771761103219456,0.25825222064249165,-0.05309396942176143,0.25,-0.18780269464186605
110.6,5.893459324298253,-2.559047721284767,-2.777730846712647,0.2584305013121473,-0.061891786072722846,0.25,-0.20821197102278588
110.7,5.869517986949055,-2.5681204338382546,-2.786396385377623,0.24862796991140873,-0.0890410054365911,0.25,-0.20821197102278588
110.8,5.845548383668697,-2.5769772627698053,-2.7961370350505175,0.253853376211785,-0.10809817593852511,0.25,-0.21797321031998373
110.9,5.821534139215859,-2.585546978612635,-2.806301416080764,0.2455761101650554,-0.10158601980402109,0.25,-0.22726733229380364
111.0,5.797750692369933,-2.5937217077527537,-2.816915235884513,0.2469043637877074,-0.08778594966711276,0.25,-0.22726733229380364
111.1,5.774449709993876,-2.6017433066598366,-2.823471356201977,0.24356616502495262,-0.06447658355787537,0.25,-0.2280731801173541
111.2,5.7502890313885375,-2.6096577291151353,-2.829976851089451,0.25728624923027665,-0.06077001003891146,0.25,-0.2280731801173541
111.3,5.7258633935508145,-2.6174239952042218,-2.836911420318858,0.2408426960836707,-0.07151972615973616,0.25,-0.2290207008070657
111.4,5.709673262710899,-2.6225007518808328,-2.841614745605711,0.24197178112385542,-0.07866389421909857,0.25,-0.2290207008070657
111.5,5.685129063553296,-2.6300461192270723,-2.8508046272987975,0.24735563753823997,-0.10580501135934403,0.25,-0.23040336754022722
111.6,5.6603469807512115,-2.6373884274330552,-2.860674713327878,0.2475999983710629,-0.0907747824400854,0.25,-0.23040336754022722
111.7,5.636059572854775,-2.644346097835066,-2.8704887230465843,0.24988019625807054,-0.10061294013522108,0.25,-0.23508111554323635
111.8,5.611504388128286,-2.651077121464801,-2.878988696389521,0.2538358964222112,-0.06850476027481403,0.25,-0.2307599392618317
111.9,5.586897929036956,-2.6576406291390096,-2.885728144708458,0.24801960289895839,-0.06959394435612312,0.25,-0.22693279024504537
112.0,5.562245938183347,-2.66403830968452,-2.894189365284533,0.2405843007277226,-0.08854750479008178,0.25,-0.22693279024504537
112.1,5.5375134420402645,-2.670326875258232,-2.904877929235206,0.2535768119865741,-0.09969061483970133,0.25,-0.22855731730645398
112.2,5.512491963270535,-2.6762769784500944,-2.9152223816394613,0.25702986421203483,-0.10368502465711373,0.25,-0.22855731730645398
112.3,5.4873493302357055,-2.682077251431483,-2.925428195279195,0.25635100398901445,-0.08734376414815424,0.25,-0.2215545232149691
112.4,5.462318429610584,-2.687463385247016,-2.9315410911681345,0.255370645557548,-0.05247911533927397,0.25,-0.21898012849279294
112.5,5.437251783917923,-2.6927208589560805,-2.936691336255958,0.25061964440681017,-0.04912473260577004,0.25,-0.21898012849279294
112.6,5.412170803744238,-2.6978878486365057,-2.9417153973615395,0.2403736163481866,-0.05431468498744029,0.25,-0.2158475360440769
112.7,5.387813371391696,-2.7028743964060036,-2.9477653172014726,0.24317532991077476,-0.06594316281659034,0.25,-0.2158475360440769
112.8,5.363329191068503,-2.7075884712262934,-2.9560512381693043,0.2412949417288341,-0.08998174380066304,0.25,-0.2179248897140723
112.9,5.338330400997413,-2.7121706109049604,-2.966757786495364,0.24939615915979477,-0.07913803179233667,0.25,-0.2179248897140723
113.0,5.321625679382444,-2.715195779807871,-2.971325038890994,0.24778728411738954,-0.06160309874077506,0.25,-0.2182097388348493
113.1,5.296466417522755,-2.719468626039449,-2.9773061262394718,0.25196167320842033,-0.06114096696248569,0.25,-0.2182097388348493
113.2,5.271113034767348,-2.7235873154271766,-2.983553401231037,0.2618622660186599,-0.05475784390178806,0.25,-0.21299704122026789
113.3,5.245317019478969,-2.7275965702511322,-2.9905280707864614,0.2624179935218311,-0.0772445156271444,0.25,-0.21299704122026789
113.4,5.219535364748647,-2.7314722734523174,-2.9987935079670427,0.2481138508826541,-0.0858766476078752,0.25,-0.21280604829987043
113.5,5.194117251804011,-2.735068764017548,-3.0088118487697026,0.2558382557417452,-0.11143901623340746,0.25,-0.2035616902994457
113.6,5.16870487339786,-2.7383489109833676,-3.0180172479278644,0.24249239536405645,-0.07343831366709169,0.25,-0.2035616902994457
113.7,5.143504423011426,-2.741481932871601,-3.0243125591301623,0.23693695993968314,-0.059754971154908104,0.25,-0.19348304379519776
113.8,5.11848172326444,-2.7443680987609307,-3.03034786902705,0.24429801333423984,-0.0582670512559962,0.25,-0.17332115159993822
113.9,5.093766828517134,-2.747080876440577,-3.036162992502473,0.24264135177929683,-0.05197716767461873,0.25,-0.17332115159993822
114.0,5.068735383021861,-2.7497380187833236,-3.0421622026175412,0.24655889369097983,-0.06542691493890498,0.25,-0.16151218924089528
114.1,5.043391405633084,-2.7522738539305025,-3.048469100277433,0.2500697977813762,-0.04835663132290527,0.25,-0.16151218924089528
114.2,5.026451030820531,-2.7538566217427936,-3.051693439296162,0.2470292592914432,-0.0471935763608631,0.25,-0.1488836664508852
