t,x,y,yaw,v,w,v_cmd,w_cmd
0.0,3.145325202495426,2.75051068107837,0.004330638649948345,0.2503939943950369,-0.0005004200436642273,0.25,-0.004263813249541988
0.1,3.1708360195909973,2.750621891438062,0.004250834481270105,0.2501604087369496,-0.0005578044742883051,0.25,-0.004263813249541988
0.2,3.19635058078729,2.7507299867639086,0.0041571051837260686,0.25034970828798253,-0.0013114105770084784,0.25,-0.006254916339666601
0.3,3.2218737439465457,2.750835420268119,0.003991748536803456,0.25024540641536575,-0.0015949951554059974,0.25,-0.006254916339666601
0.4,3.247395489843002,2.7509381038965732,0.0038298576695394377,0.2505431588271314,-0.0011684168184548265,0.25,-0.004931165182759014
0.5,3.272907475019585,2.751036359615541,0.0037021562935460983,0.2499220303665914,-0.0009320733113737938,0.25,-0.004931165182759014
0.6,3.2984057934809337,2.7511284803336817,0.003538871168055565,0.25019120668347195,-0.002002241157092742,0.25,-0.007265176512395291
0.7,3.3239030581919833,2.751213260480464,0.003371286496887139,0.24940389298393414,-0.0011939350549203984,0.25,-0.007190262055207543
0.8,3.340902736887001,2.751268863186962,0.003261321332104675,0.25034460236766176,-0.0015348132594264201,0.25,-0.007190262055207543
0.9,3.366401570552233,2.7513497922189813,0.003070604410313333,0.2501488560303585,-0.001900813914963736,0.25,-0.008116009062085714
1.0,3.3918999480568854,2.7514242263368787,0.0028738445208004054,0.25051945484538835,-0.002360945909855376,0.25,-0.008116009062085714
1.1,3.417391127199768,2.7514952217812843,0.0026481884179899748,0.25005833707421077,-0.0033584471295608626,0.25,-0.009423195879978221
1.2,3.4429134822854803,2.7515657558929294,0.0024503578360874595,0.2499524369285265,-0.002011770909352552,0.25,-0.009423195879978221
1.3,3.468440663400861,2.751631224827318,0.002272832507531518,0.2502979548160615,-0.0025552952288799354,0.25,-0.010437986451240652
1.4,3.4939650427816336,2.7516880906012755,0.0020076287489860616,0.25007733008213745,-0.0019105985676704117,0.25,-0.012584316879901844
1.5,3.5194993886246078,2.7517401798571415,0.0016270184212129933,0.25079408382996526,-0.002907129790205855,0.25,-0.012584316879901844
1.6,3.5450409438394095,2.751781183036938,0.0012888335618670328,0.2510094419744714,-0.0033404375347698065,0.25,-0.017498570108287877
1.7,3.5705574477816535,2.7518092604986824,0.0007886832693361859,0.2509047009292253,-0.0037364776073276914,0.25,-0.017498570108287877
1.8,3.5960432162109233,2.75181603075217,0.00033623860146216874,0.249959553339048,-0.0038401580875368113,0.25,-0.01847287444369989
1.9,3.6215264794257513,2.7518168428038345,-0.00012065934121854657,0.2493636466713765,-0.005057012946805215,0.25,-0.03387196208188897
2.0,3.6469755358439193,2.7518050558845215,-0.0009811340871279067,0.25228943351765803,-0.007895554809999894,0.25,-0.03387196208188897
2.1,3.6723985781686928,2.7517607001148474,-0.001957662240760669,0.24950296683718232,-0.009861333665685455,0.25,-0.03760067124951467
2.2,3.697823305278533,2.7517090689341925,-0.0029865812698718483,0.2478213901433337,-0.009944251789835898,0.25,-0.03459528134051537
2.3,3.7233772149003355,2.7516360933322934,-0.0038305251164056585,0.2525773841954292,-0.006489471557906936,0.25,-0.03459528134051537
2.4,3.74894564049211,2.751541038628388,-0.004721065855529095,0.2515718952332479,-0.008669320635933857,0.25,-0.031831902126594924
2.5,3.7660012039880004,2.7514650383312143,-0.005191430117240635,0.24930264005729785,-0.0076051556593188145,0.25,-0.031831902126594924
2.6,3.7915890564410812,2.751323031228862,-0.006010447086130927,0.25155521333308506,-0.006188200873483111,0.25,-0.032642271148650426
2.7,3.8171695153408276,2.7511655093241423,-0.006795792640063213,0.25196209182477314,-0.008847440271877121,0.25,-0.032642271148650426
2.8,3.8427412700346006,2.750985552060703,-0.007624968873519201,0.2488116224469281,-0.010066389370254567,0.25,-0.036890818792965005
2.9,3.868204871209211,2.7507745993928956,-0.008490529415361745,0.24813077059835228,-0.009108972205371733,0.25,-0.046617575888425376
3.0,3.893628559694191,2.7505428835801444,-0.009613058312157592,0.24914560940581176,-0.012324874388963843,0.25,-0.046617575888425376
3.1,3.9190513514961864,2.7502760225866223,-0.010621044863071393,0.2487373962638754,-0.011206645309252921,0.25,-0.039167530281536064
3.2,3.9444866893856014,2.7499972533800214,-0.011658348901947573,0.2499929349836026,-0.009401523434113278,0.25,-0.039167530281536064
3.3,3.9698986249351127,2.7496952004030293,-0.012710432327221018,0.25096584744569633,-0.012122466593466006,0.25,-0.039713880207145585
3.4,3.9953820855429196,2.749371567468491,-0.013757909615362243,0.252244137925786,-0.013940672845915002,0.25,-0.04019087714487033
3.5,4.020981386949254,2.7490169861643294,-0.014623979472258448,0.2530723884004701,-0.0062454753393130415,0.25,-0.04019087714487033
3.6,4.046579805943763,2.74864197285399,-0.015513105031868257,0.25239163744733767,-0.010810500968897364,0.25,-0.042463855562264764
3.7,4.0721854003054325,2.748239580699217,-0.016550061915134164,0.2527960197370123,-0.007309180688863588,0.25,-0.013694924235163518
3.8,4.0977060652257915,2.747813076088263,-0.01687348399975004,0.24948187405571876,-0.0037694987931793577,0.25,-0.013694924235163518
3.9,4.123223097376927,2.7473804741451673,-0.0172371409583912,0.25063299112035753,-0.0020400159741933164,0.25,-0.05166723113913432
4.0,4.148657671508998,2.746933360436546,-0.018372458518046808,0.24610839315503183,-0.012505705694466311,0.25,-0.045808910977483346
4.1,4.1656145394608055,2.7466137639411436,-0.0191649399611665,0.2476352550197547,-0.01049643768047831,0.25,-0.045808910977483346
4.2,4.1910308712820665,2.746105989297645,-0.020190691737696245,0.24720948589357153,-0.009250752548833063,0.25,-0.045808910977483346
4.3,4.21644829224585,2.7455774824566523,-0.021275870154307652,0.24693617757187117,-0.008756757144712378,0.25,-0.04567478385595922
4.4,4.241853900650361,2.7450095695058256,-0.022541698712017496,0.24853358954477137,-0.015344858695361266,0.25,-0.046156699496358866
4.5,4.267290325158351,2.7444273680968405,-0.02379463101738643,0.2523415640644269,-0.012255782932830953,0.25,-0.046156699496358866
4.6,4.292846442644141,2.743822815081651,-0.02496616141973212,0.2485147443085652,-0.012496925523306002,0.25,-0.04552928551816776
4.7,4.318439951039346,2.743183507041349,-0.026133698730286342,0.2506535251291513,-0.008957700224237848,0.25,-0.04552928551816776
4.8,4.3440652368035355,2.742521669462515,-0.027254248449567017,0.2536998669216925,-0.011118547355829327,0.25,-0.056332957780433505
4.9,4.369701073387615,2.7418104365458262,-0.02875870002456859,0.24835181865696299,-0.014990300293488917,0.25,-0.058354632791479885
5.0,4.395313752978374,2.741072337948782,-0.030283685520369693,0.24947965928916907,-0.015282827890749983,0.25,-0.058354632791479885
5.1,4.420811243622424,2.740285966084881,-0.03197591787455999,0.24841545436783005,-0.014056302592573807,0.25,-0.05890782162315715
5.2,4.4461746221327045,2.739462194509997,-0.033477896465461794,0.2503120352528872,-0.01526159881636796,0.25,-0.05890782162315715
5.3,4.471563880675668,2.7385924497909215,-0.03514911651997958,0.24576350691899038,-0.0145844413625876,0.25,-0.06107232444845223
5.4,4.496929020126253,2.7376823035556135,-0.03667121498306819,0.24904616505524235,-0.015077402706734855,0.25,-0.061066322835913074
5.5,4.522271184538834,2.7367397760262695,-0.03846364354329029,0.24885447123429966,-0.018776986597582052,0.25,-0.06359435438726403
5.6,4.547646937838953,2.7357597435957937,-0.040179420164730376,0.25195316959606,-0.01944476357505419,0.25,-0.06359435438726403
5.7,4.564647758423091,2.735077639456234,-0.041535675287032295,0.25323240942940445,-0.016601128120687418,0.25,-0.06359435438726403
5.8,4.590312077576966,2.734005670433306,-0.04310124654959785,0.25451751441126147,-0.019526314062992198,0.25,-0.06542957904791465
5.9,4.61595969100719,2.7328984198615713,-0.044745205857082374,0.2523238133902101,-0.01708958685546157,0.25,-0.06687907832040768
6.0,4.641613894145982,2.731751773983918,-0.04656887490520898,0.24742482577610486,-0.015124015855469786,0.25,-0.06687907832040768
6.1,4.667288910231374,2.7305570181398378,-0.04839078891202998,0.2485373369281717,-0.0240539983348433,0.25,-0.07619128419335515
6.2,4.692780531895168,2.729323685002964,-0.05079692205647393,0.24648030560302536,-0.022722976697731687,0.25,-0.08017016694264506
6.3,4.718214958035867,2.728009245715223,-0.05344450499610246,0.24657968677223221,-0.019561767381579873,0.25,-0.08017016694264506
6.4,4.743528436972702,2.726623834510856,-0.05571294799091888,0.24787846782089612,-0.017895946080391766,0.25,-0.0906209257406434
6.5,4.768746153097894,2.725208403547287,-0.05771601575249058,0.25119969801714187,-0.025181263282580104,0.25,-0.0906209257406434
6.6,4.7939639659394535,2.7237303332176315,-0.059877219568352825,0.24695176526592752,-0.02734281755917706,0.25,-0.09049502568348543
6.7,4.8192332035113035,2.7221946557106724,-0.06262933052406854,0.25312520090013574,-0.02056276998698849,0.25,-0.09327755215549183
6.8,4.844687311158255,2.7205762235941835,-0.06505129122038916,0.25296682934515163,-0.028022297177648585,0.25,-0.09327755215549183
6.9,4.870335239533208,2.718879577789156,-0.06843527801651235,0.24458545925280561,-0.024959881221924333,0.25,-0.10811592535166464
7.0,4.896063346564036,2.7171014159666167,-0.07196493120003503,0.2557733976785208,-0.0362098081795208,0.25,-0.10811592535166464
7.1,4.921855016830933,2.715223615554085,-0.07523303512469712,0.24538629402288362,-0.023050251071127695,0.25,-0.11104157308279694
7.2,4.9476371120858955,2.7132832658685913,-0.07826396480059457,0.24657727759382722,-0.03056217141638904,0.25,-0.11581407771999258
7.3,4.973019053116774,2.7112515198133504,-0.08218323597116856,0.2530039625535188,-0.03909827370821515,0.25,-0.11690290924166821
7.4,4.989956741746455,2.7098355019635445,-0.08506566325318633,0.24694335829459177,-0.03850244909073938,0.25,-0.11690290924166821
7.5,5.015209392778741,2.70765570538287,-0.08877508409146626,0.24272247223014243,-0.02950822028990678,0.25,-0.11823390405735257
7.6,5.040247381382279,2.705423605540834,-0.09166062646872175,0.2444668212617364,-0.02434311901750993,0.25,-0.11823390405735257
7.7,5.065306018641141,2.703067668415342,-0.09462498580033418,0.2558380705111971,-0.0369272353491931,0.25,-0.13643682711139266
7.8,5.090382776818534,2.700650634859181,-0.09896230676350921,0.247131044799414,-0.045358298887182055,0.25,-0.13643682711139266
7.9,5.115720373781223,2.6980946863560336,-0.10338866440995359,0.2443341557098742,-0.03877293171174468,0.25,-0.14983182411418117
8.0,5.141090395484642,2.6954266806669085,-0.10855570556728386,0.2447594108726469,-0.06255671071756302,0.25,-0.14983182411418117
8.1,5.166894115756098,2.692596117184097,-0.1134386456184459,0.25652476488696124,-0.041102485875202203,0.25,-0.15053240803602758
8.2,5.192625570239292,2.689676229859568,-0.1183583992542421,0.2592914068668503,-0.04095199379164339,0.25,-0.14109514513311222
8.3,5.218373090059729,2.6866138067510983,-0.12244810910195665,0.2548732402854305,-0.04605733734832228,0.25,-0.14109514513311222
8.4,5.243592659529208,2.683421627578577,-0.12705269482083842,0.24917331205352497,-0.04972035734954573,0.25,-0.14647643259775786
8.5,5.268851927919125,2.6801188771064903,-0.1323940389397741,0.24734528662194466,-0.05662745862495432,0.25,-0.14647643259775786
8.6,5.29410476694919,2.676752531766032,-0.13808662455778256,0.2516965962935033,-0.04939007815024037,0.25,-0.1451713024153461
8.7,5.31901324596734,2.6732819530056653,-0.14236001678129587,0.2539093546301149,-0.028134374151011447,0.25,-0.15025665313035563
8.8,5.343801139225157,2.669679797963822,-0.1461635065101355,0.24952925791992792,-0.036063193481252524,0.25,-0.15895083460832957
8.9,5.3687445781185215,2.6659798436496183,-0.15084732368759668,0.25927942664218123,-0.05839902064593636,0.25,-0.15895083460832957
9.0,5.385518594542284,2.663444670699959,-0.1554826602450971,0.2442381454870728,-0.06169047065385331,0.25,-0.15895083460832957
9.1,5.41077490210958,2.659423990791661,-0.16019381061919494,0.2436012661053921,-0.05464158316377993,0.25,-0.16768422488319817
9.2,5.435943262472857,2.6553914729795034,-0.16722070955648788,0.24501410243047844,-0.06574706794493008,0.25,-0.18038546930396876
9.3,5.461684502806682,2.651013393591596,-0.171739180854056,0.2485002482896907,-0.04600859374401964,0.25,-0.18038546930396876
9.4,5.487232792349019,2.6466170882991213,-0.17864891622979265,0.24752606024512105,-0.0707176861530878,0.25,-0.1846858146153174
9.5,5.512295904890466,2.6420907381820893,-0.18537251660192156,0.2507729378799716,-0.06274229858340619,0.25,-0.187934539633428
9.6,5.537237391135288,2.637341207574737,-0.1920092298920599,0.2524246236201655,-0.07121924875213517,0.25,-0.187934539633428
9.7,5.562225731582036,2.6324469954818057,-0.19903821864943824,0.24574729343587723,-0.07255249915588685,0.25,-0.19872296847263862
9.8,5.587190165899851,2.627377596068832,-0.20688003786133125,0.25507927674276926,-0.08076080333570143,0.25,-0.19872296847263862
9.9,5.61163873240689,2.6221947764730587,-0.21453039698077214,0.23552117591079977,-0.05428407948171013,0.25,-0.20331796684582648
10.0,5.63656856770324,2.616726839036455,-0.22045517523656702,0.25863546581855545,-0.05108417071378408,0.25,-0.19318601717663061
10.1,5.661468544243517,2.611136944881262,-0.22435555154176207,0.2540096753432234,-0.02519180416667298,0.25,-0.19318601717663061
10.2,5.68643008149274,2.605343598203278,-0.23167334982518367,0.23942361276966612,-0.077703831600644,0.25,-0.22291291940542154
10.3,5.711273050523398,2.599458173970496,-0.24119021321040068,0.2392975212521377,-0.10763148187614356,0.25,-0.22291291940542154
10.4,5.736089494446629,2.593259861628412,-0.2530986511966463,0.24311510200258232,-0.11730475320622108,0.25,-0.2306110834586709
10.5,5.760772747560198,2.5871316453177258,-0.2645832990947407,0.24337763384644526,-0.09827578338700589,0.25,-0.22352232870656022
10.6,5.7853491159362616,2.5806358914321343,-0.27429521874902807,0.24312974634825815,-0.0875801813991545,0.25,-0.22352232870656022
10.7,5.801725747076256,2.576097809368862,-0.2799684116013956,0.24353231402194092,-0.07982570082628732,0.25,-0.22918142324518134
10.8,5.826177426465836,2.5690406828613304,-0.28861694435766294,0.24785395555427117,-0.08983389436800703,0.25,-0.22918142324518134
10.9,5.850501621901757,2.56169878874139,-0.2974815097389168,0.24563534922563657,-0.08706389920734697,0.25,-0.2314018326211398
11.0,5.874812346900993,2.5540888588807875,-0.30642064817747244,0.26148628591272016,-0.098076615597121,0.25,-0.22216431125272684
11.1,5.899413359004742,2.5462542949860243,-0.31785879329775624,0.26036020884908884,-0.14003653988571924,0.25,-0.22216431125272684
11.2,5.9236730930213515,2.53815147106159,-0.33311513775756535,0.24708588832909362,-0.1202224693278821,0.25,-0.2191761552098632
11.3,5.947736970379478,2.5297541520835614,-0.3425019011831324,0.24375004066137368,-0.1104856989912748,0.25,-0.2191761552098632
11.4,5.971759337785005,2.5210843109583787,-0.3518436758963009,0.26286637998989826,-0.09276150994454657,0.25,-0.2170893904707396
11.5,5.995577966751416,2.5122785073793663,-0.3635766112937139,0.2515931363939578,-0.1165450806030941,0.25,-0.2170893904707396
11.6,6.018827788885157,2.5033518701738644,-0.3731719588659922,0.23854003278251013,-0.0934599804238019,0.25,-0.21150684786950044
11.7,6.042465256264418,2.4940836318730124,-0.383791340697034,0.24903207739840041,-0.09902956082759432,0.25,-0.21614369556443352
11.8,6.066151183444999,2.4844594169285203,-0.39368153531117095,0.2581963808130958,-0.08652251717219837,0.25,-0.21614369556443352
11.9,6.089650462335444,2.4746821196449167,-0.4026803051395237,0.2539501460537701,-0.07710534553085203,0.25,-0.21514251170133009
12.0,6.113094976793943,2.4645981991226775,-0.4107410793688256,0.24374198234432806,-0.07792608555903559,0.25,-0.21514251170133009
12.1,6.1370028416736675,2.454180940673558,-0.41843432327457286,0.2586459570219208,-0.07693360447249546,0.25,-0.22220406870178502
12.2,6.161186277011811,2.4435987081320705,-0.4259051353272139,0.26439985822679724,-0.06739435930506085,0.25,-0.22133203548808947
12.3,6.177209090663487,2.4363994411328354,-0.43100438627611465,0.2548531200059288,-0.07823033545881711,0.25,-0.22133203548808947
12.4,6.200394217934269,2.425671196230524,-0.4403093420907362,0.24275255789742892,-0.10307334400617937,0.25,-0.2271224524624808
12.5,6.223467286731566,2.4148530456364203,-0.449769448866435,0.2489805724321708,-0.0961628005762058,0.25,-0.2271224524624808
12.6,6.245985694859494,2.403924264163926,-0.4589751556732954,0.24064498289638528,-0.08913772044857965,0.25,-0.23629423712564857
12.7,6.2680568139934545,2.3927361403847347,-0.46793400803725266,0.2389942338070627,-0.08106636570703321,0.25,-0.23629423712564857
12.8,6.290237034146731,2.381463731809072,-0.4772323702657462,0.24444986769526617,-0.09666994699478272,0.25,-0.2381033962671707
12.9,6.312475217181663,2.3697817452629195,-0.4864095848195803,0.2564704466754789,-0.08563370000059273,0.25,-0.24415074632810238
13.0,6.334981097907338,2.3579057162601873,-0.4967806911522971,0.2523071503342895,-0.09976236662167555,0.25,-0.24415074632810238
13.1,6.357445657261474,2.3457062117740795,-0.5067018683722915,0.2568412072447044,-0.09084221239509592,0.25,-0.24380364617407882
13.2,6.38039771585349,2.333094818075384,-0.5159854085514142,0.25749589777708715,-0.09193582082982042,0.25,-0.24380364617407882
13.3,6.403262220243485,2.3202494970273713,-0.5250182855393183,0.253761758455707,-0.09139711864338963,0.25,-0.2384995026619372
13.4,6.4261248180758574,2.3072304768089564,-0.5337635876599792,0.25911736382623657,-0.08463723175498969,0.25,-0.23619802673786328
13.5,6.4488323410604,2.2940046452182496,-0.5424250403599026,0.26117807462781684,-0.08181668656043029,0.25,-0.23619802673786328
13.6,6.470523141588921,2.281020323424881,-0.5525933010469811,0.24806728792208194,-0.09400003854520557,0.25,-0.236285980755483
13.7,6.491716291934132,2.267930943146501,-0.5620415250702125,0.2457935940027604,-0.0998558811921456,0.25,-0.24852953933995578
13.8,6.5128051916233165,2.2547112964229035,-0.5725767850597706,0.2496534872275913,-0.11037616317955767,0.25,-0.24852953933995578
13.9,6.533660640133227,2.2411278062804096,-0.5829277301928647,0.24188158041035274,-0.09802410669974229,0.25,-0.23355201490251776
14.0,6.54756204157265,2.231924688899084,-0.5895056038997589,0.24944509676086749,-0.10862936476853387,0.25,-0.23355201490251776
14.1,6.568313032198794,2.217968152439938,-0.5997905130084865,0.24103161052554828,-0.10600607339957545,0.25,-0.2317580702836019
14.2,6.589525141337372,2.203428035626777,-0.610142217379597,0.2602362282958642,-0.08728612951028669,0.25,-0.2317580702836019
14.3,6.61079595112662,2.1884108712038213,-0.6200884845510538,0.25430228764733476,-0.09003183630352601,0.25,-0.23775181442237742
14.4,6.631977145291198,2.1731580611010752,-0.6284929478307194,0.242139226696016,-0.07268921280946421,0.25,-0.2362412466109594
14.5,6.653092658963427,2.1578318139591808,-0.6379110320482135,0.2528567088966758,-0.09431668910398522,0.25,-0.2362412466109594
14.6,6.674080309379709,2.142322017770112,-0.6475764384441715,0.25946208500082024,-0.09292616279794548,0.25,-0.24364106888875145
14.7,6.694640205455242,2.12677819349826,-0.6573590417654436,0.2533498886198339,-0.09372232423798235,0.25,-0.24364106888875145
14.8,6.714512323474444,2.111324027274006,-0.6682975540812501,0.24207089633491494,-0.10777429493145804,0.25,-0.2557573287445942
14.9,6.734112316266592,2.095834526408727,-0.6793840478319548,0.2511558891464225,-0.11075846849507415,0.25,-0.24083397657341638
15.0,6.753537746595951,2.080146799407416,-0.6919837388318804,0.23856003949372864,-0.12913037206196146,0.25,-0.24083397657341638
15.1,6.77271962376986,2.064245626163012,-0.7025231605071148,0.2465541889893707,-0.09547130976327779,0.25,-0.23848162983585486
15.2,6.79189450220087,2.04784765946527,-0.7137820228451741,0.24670985982138402,-0.12012921781883956,0.25,-0.23848162983585486
15.3,6.811177634559309,2.0312006075792137,-0.728023001613434,0.26077785189885366,-0.15225315187470206,0.25,-0.23936084906564647
15.4,6.830458622711182,2.0137113160883087,-0.7397360945808078,0.25340249490484335,-0.10004476658697474,0.25,-0.2362062052328915
15.5,6.849532389537,1.9960754670836585,-0.7499273715338735,0.250276814196015,-0.09554875285906593,0.25,-0.2362062052328915
15.6,6.862148157688122,1.9842542091734878,-0.7566076164014841,0.25366822173756115,-0.10168096771453194,0.25,-0.23695165387451603
15.7,6.880857606748939,1.9664159185526446,-0.7667861652226842,0.25178587389168744,-0.09523962967947791,0.25,-0.23695165387451603
15.8,6.899220386845843,1.9486273856102567,-0.7766574531024452,0.24971758925253867,-0.0978937745408057,0.25,-0.23479458907046255
15.9,6.917422204424552,1.9307035237665437,-0.78651493507482,0.25145568042290195,-0.09539732780594912,0.25,-0.23407279957242932
16.0,6.93531032995979,1.9125986663806478,-0.7963500233008843,0.23912350756164077,-0.09936032695688793,0.25,-0.23407279957242932
16.1,6.952825743764593,1.8948496421657006,-0.8060465666206784,0.24563522479394032,-0.08989138648881075,0.25,-0.21663917287323603
16.2,6.970158714098652,1.8768698940628838,-0.8138889509458759,0.24591002604225487,-0.08412254580913157,0.25,-0.21663917287323603
16.3,6.987549328377168,1.8584477743625973,-0.822880572909997,0.24903883705124075,-0.09425384267146196,0.25,-0.21136493175662993
16.4,7.004910215790683,1.8397338802509864,-0.8328133225472868,0.2575594700624782,-0.10896828136744013,0.25,-0.21701063744503332
16.5,7.021996377684984,1.8208121507860553,-0.8437863959042953,0.26158674111490965,-0.10476993263844321,0.25,-0.21701063744503332
16.6,7.039080714255799,1.8014366318132078,-0.8539706907045875,0.2605722024830595,-0.08136655799306136,0.25,-0.21405341763670324
16.7,7.056009120706083,1.7816130964357504,-0.8623746581357851,0.25997400923528685,-0.07790028243642905,0.25,-0.21405341763670324
16.8,7.07261495786233,1.7620874656385825,-0.8706743023205411,0.2558165891483649,-0.08336032652126855,0.25,-0.21435436453149945
16.9,7.08902373273757,1.7425003743156167,-0.8788177378898913,0.2515814483188824,-0.09663856205950858,0.25,-0.21435436453149945
17.0,7.105296945326357,1.7227700629249634,-0.8880661965493534,0.25048304355971907,-0.09110826344558788,0.25,-0.21777790432597965
17.1,7.121346164799675,1.702921143472515,-0.897334260807625,0.25488235432758893,-0.09123324187814902,0.25,-0.23180919613608952
17.2,7.137155354747524,1.6830682457183368,-0.9068982439998055,0.23764079705872337,-0.08907020566369367,0.25,-0.2386795106105575
17.3,7.147474026161774,1.6699926830942375,-0.9131149504609634,0.2469327329228465,-0.10184330755329928,0.25,-0.2386795106105575
17.4,7.162984674463375,1.6497967569323608,-0.9232956940617658,0.23785541843423275,-0.0965383859330584,0.25,-0.2386795106105575
17.5,7.178314803645182,1.6294381937153517,-0.9331033132121407,0.23985960688895946,-0.0548526916571697,0.25,-0.2250489043660581
17.6,7.193463710834966,1.6087794404802425,-0.9418451160561466,0.24350281726564615,-0.07637521932634571,0.25,-0.22296020024902347
17.7,7.208437768711681,1.5882607460472393,-0.9486907066440897,0.25353587930506916,-0.10334118257145032,0.25,-0.22296020024902347
17.8,7.223221724193955,1.5674066139752942,-0.9604410459155543,0.24401034815979775,-0.10647330257046939,0.25,-0.21205245453674235
17.9,7.237811340234915,1.5465765524811865,-0.9692701592654576,0.25102956001292703,-0.08589331079699551,0.25,-0.21648912238562154
18.0,7.252196950171226,1.5255137776074936,-0.9776301527967446,0.24878627922397015,-0.07554315865775142,0.25,-0.21648912238562154
18.1,7.266460469169,1.5042819671080332,-0.9869678169963744,0.2577050997347345,-0.08541351637452542,0.25,-0.2336802442052409
18.2,7.280521047141281,1.4829122630837532,-0.9964379404654219,0.2504539330415382,-0.10075506548512711,0.25,-0.2336802442052409
18.3,7.294315853543713,1.4615207858990908,-1.0064090772340852,0.25196705765119476,-0.1063631018470627,0.25,-0.23570357645166
18.4,7.308218449734171,1.4394676496132517,-1.0170042286068093,0.2605511601783195,-0.10059474554211907,0.25,-0.21630201138354244
18.5,7.32164726484325,1.4176965659999592,-1.0262814719893796,0.24619649502105967,-0.08567567433621957,0.25,-0.21630201138354244
18.6,7.334817388774735,1.3960197190104389,-1.034943417783918,0.2525559817887477,-0.08765683872263752,0.25,-0.21443867537136366
18.7,7.347764727975969,1.3740586541578845,-1.043451219696815,0.24818150083452212,-0.08471934955398143,0.25,-0.21107426765222934
18.8,7.360520606670821,1.3519832373300302,-1.051162508142093,0.24096934082791047,-0.07043186852948713,0.25,-0.21107426765222934
18.9,7.368815813245358,1.3374811565616744,-1.0568361368821304,0.24673103251949907,-0.09003560540694411,0.25,-0.21377724649997268
19.0,7.3810509475267105,1.3155881963283809,-1.0669445382875211,0.24289866444975983,-0.11540412085493691,0.25,-0.21377724649997268
19.1,7.393313759092751,1.2932830506742872,-1.0755740293736302,0.2448314670312871,-0.07402431557316737,0.25,-0.21862821520234252
19.2,7.40539231173603,1.2708342352827295,-1.0830372885612505,0.2545588848936153,-0.07574708939678494,0.25,-0.21862821520234252
19.3,7.417305370373234,1.2482381185578952,-1.0912526019766025,0.25172011260175486,-0.08166903713156745,0.25,-0.2149527223233301
19.4,7.429023934461308,1.2255076213029172,-1.0998327970687882,0.24454027723851338,-0.07498516637836654,0.25,-0.22858133195815233
19.5,7.440898641430498,1.202274095395407,-1.1091104594304695,0.2600589109081478,-0.0974952052046969,0.25,-0.22858133195815233
19.6,7.452567675717545,1.1789073041375109,-1.1191610803019485,0.26195740681804874,-0.09331583072256464,0.25,-0.2258553050553052
19.7,7.463755983362157,1.1556337159457548,-1.1280545123972556,0.25497988594077675,-0.06744934860357989,0.25,-0.2258553050553052
19.8,7.474651408236457,1.1324982526177405,-1.1357735035467817,0.2469701178857815,-0.07896358859396291,0.25,-0.23683211804941962
19.9,7.485328120126227,1.1095958540505446,-1.1441532482021257,0.24070050702373286,-0.0897077707720687,0.25,-0.23320078545196185
20.0,7.495687013316365,1.0870945527137277,-1.1527093245171351,0.2383727633346152,-0.08214864833377505,0.25,-0.23320078545196185
20.1,7.505797832538987,1.0644193948816145,-1.1618830218758855,0.24040170582159906,-0.09627696549543951,0.25,-0.23616717008395668
20.2,7.515634429672644,1.041387895789018,-1.17341048555876,0.23791090429143869,-0.0965995933573108,0.25,-0.23616717008395668
20.3,7.525395507458766,1.0178906387033495,-1.1824298421708486,0.2512243793987361,-0.07680150020730539,0.25,-0.23765808672328328
20.4,7.535028442472791,0.994186021413717,-1.1904492959427535,0.25187657701406846,-0.07686557916546477,0.25,-0.23491598644719378
20.5,7.544550700759221,0.9696413554162733,-1.1981936586103643,0.2601841256005737,-0.07758643895204426,0.25,-0.2428995971530913
20.6,7.55086337236403,0.9533628945285929,-1.2040776688980546,0.24709520862174186,-0.0910503919094977,0.25,-0.2428995971530913
20.7,7.5601296315598905,0.9288717306184683,-1.2136519216224795,0.2624875523673583,-0.08508027694439128,0.25,-0.2428995971530913
20.8,7.569219854412292,0.9042150500451335,-1.2231576544308704,0.24635410782957481,-0.09261120572850269,0.25,-0.2505072352912282
20.9,7.577928963168463,0.8796981445828023,-1.2334296161554736,0.2648469869676949,-0.10143323357843091,0.25,-0.24740618492969432
21.0,7.586188126188464,0.8560464097282048,-1.242778707910107,0.23538358953124577,-0.08834309754048905,0.25,-0.24740618492969432
21.1,7.594257604819185,0.8324966434015361,-1.2534805915513345,0.2474500940624704,-0.10089222082940971,0.25,-0.2420225512570803
21.2,7.601939529871744,0.8089190699799929,-1.264089271345369,0.23524104950071473,-0.09844170753520368,0.25,-0.2420225512570803
21.3,7.609341880777606,0.7851452705257845,-1.274024742770945,0.2458356829895501,-0.09155276241783954,0.25,-0.2366507017759105
21.4,7.616556437663832,0.7612237432756036,-1.2854648117754424,0.2396076060904649,-0.13133058379860754,0.25,-0.22536124213226186
21.5,7.623587662946856,0.7367729935652488,-1.294190520372788,0.25907061458124075,-0.09642557438981929,0.25,-0.22536124213226186
21.6,7.630661752263424,0.7116077741900909,-1.3039585111314451,0.26433851979908585,-0.06325859033551398,0.25,-0.24427793546182064
21.7,7.637508760752818,0.6857986787676509,-1.309788668541122,0.2667156817860056,-0.050502634654836565,0.25,-0.24427793546182064
21.8,7.644188007977627,0.6602868346091122,-1.3171702484397172,0.2594206432478937,-0.0782139301685211,0.25,-0.22892580187972966
21.9,7.6506727788400575,0.6348753421761025,-1.3258326867014019,0.2467032910327737,-0.10260502129031895,0.25,-0.23563213245046483
22.0,7.656846702098625,0.6097219608736678,-1.3367569407387674,0.2563524235121837,-0.11030045200134542,0.25,-0.24521642583835734
22.1,7.66272251058874,0.5850022281499077,-1.3489577739272767,0.25642547165267676,-0.12088084347873874,0.25,-0.24521642583835734
22.2,7.666351122741895,0.5688035945319575,-1.3570009091770072,0.23728935179588545,-0.0974910288310251,0.25,-0.24521642583835734
22.3,7.6715770379591195,0.5443007256696039,-1.3657168546605687,0.24685598226328068,-0.08213697977480798,0.25,-0.2402834069005345
22.4,7.67666657913258,0.5201817552407257,-1.3716118249287466,0.24917914063410795,-0.054135432872700624,0.25,-0.23808320247557876
22.5,7.681620995923318,0.4962618477489094,-1.3773328065545318,0.24088561729358823,-0.05157095621846746,0.25,-0.23808320247557876
22.6,7.686467905686639,0.47164787344904147,-1.3827688809486218,0.263432862662623,-0.0594307966708502,0.25,-0.2387004003199607
22.7,7.691225979736816,0.44658001479996884,-1.3908831244144133,0.2595262858181325,-0.12250578770758092,0.25,-0.2516589138979568
22.8,7.695826984535767,0.4208639239128585,-1.4035228128195807,0.26250292498643096,-0.07416175933515387,0.25,-0.2516589138979568
22.9,7.70012626691924,0.394287086241452,-1.4084933056541165,0.26317536417468057,-0.0425895596826471,0.25,-0.2576369258903092
23.0,7.704306509726778,0.36758032331744767,-1.4128045061479497,0.26796013708144734,-0.043749141613088294,0.25,-0.2576369258903092
23.1,7.708415682614408,0.3420344351181572,-1.4204883283021454,0.2427773376880028,-0.10352824961978033,0.25,-0.25920089059145957
23.2,7.712326883605777,0.3168562835607693,-1.432237122488189,0.24270392276566355,-0.11866968502399501,0.25,-0.25920089059145957
23.3,7.715797015459487,0.2916483213525647,-1.4448452167782562,0.25678015391696596,-0.12985830824559522,0.25,-0.27540540343785286
23.4,7.718787050951212,0.2667331671207459,-1.4574955106031242,0.23654320309742313,-0.1255045045489592,0.25,-0.2677529449714154
23.5,7.721606706534355,0.2422362057838611,-1.4668361468748503,0.2346531625829467,-0.0524220457703178,0.25,-0.2677529449714154
23.6,7.724122657013478,0.21755990972644218,-1.4728941205351604,0.25253776461239746,-0.07344334751191459,0.25,-0.26180572299482363
23.7,7.726538072277519,0.1921716310190924,-1.4831280893336611,0.26431990274159667,-0.12725666587228127,0.25,-0.26216408562302124
23.8,7.728697295407893,0.16680832877353338,-1.497228694190039,0.26333579383481637,-0.13854186684073908,0.25,-0.258423559778145
23.9,7.729799601073346,0.14983062859403398,-1.5049558024167042,0.2674989830110911,-0.07309955430461726,0.25,-0.258423559778145
24.0,7.731496377510308,0.12397051279644897,-1.5139390012470584,0.25516705220184227,-0.13156102813604917,0.25,-0.258423559778145
24.1,7.733074227209971,0.09774402372130453,-1.5244235206044598,0.25086145987554764,-0.0863260977472902,0.25,-0.25498593271934067
24.2,7.734286874474907,0.07230712171505206,-1.5348137562221873,0.26011155468100394,-0.10600929675361688,0.25,-0.24982943169812655
24.3,7.735241444982904,0.0467671858949249,-1.546324343482803,0.2475399843467104,-0.11377540829658592,0.25,-0.24982943169812655
24.4,7.735822130127927,0.021307694195940106,-1.5577030592418095,0.2525038151850223,-0.12446693202334819,0.25,-0.2484799911898842
24.5,7.736076966562544,-0.004213691981369505,-1.5710741482564212,0.2437009123331477,-0.12251214975549572,0.25,-0.24190285884830082
24.6,7.735959618725391,-0.0296092693093163,-1.5821957427363424,0.2487952048764827,-0.09750394935821421,0.25,-0.24190285884830082
24.7,7.7355803452446,-0.055098573109182564,-1.5879159563670553,0.25482836278570997,-0.054683388750341524,0.25,-0.24462711055279385
24.8,7.735117880681726,-0.08075490011298604,-1.595774718382167,0.2385490484612389,-0.10760583071166971,0.25,-0.24462711055279385
24.9,7.734410990853837,-0.10632824414334861,-1.601402572852124,0.2562516630467862,-0.06794667956464194,0.25,-0.24315341290574308
25.0,7.733562619530513,-0.13177156165499793,-1.611373963469803,0.2628165841803246,-0.11609400467087377,0.25,-0.253713495645514
25.1,7.732477989204207,-0.15710165604731482,-1.6228950494754142,0.2345859538167488,-0.08637753265120467,0.25,-0.253713495645514
25.2,7.731034181021018,-0.18214275954624756,-1.6352208799601111,0.2512262557074753,-0.14562500743895204,0.25,-0.2531821928052868
25.3,7.730027385510054,-0.20759400565200123,-1.6486669159731935,0.24618029547650727,-0.12434715980312396,0.25,-0.25065124707917924
25.4,7.728357066728057,-0.23301858794085412,-1.6612367026587915,0.24698943227166625,-0.12042460826009735,0.25,-0.25065124707917924
25.5,7.726580574543725,-0.25837421367856606,-1.673390918695247,0.2420913433425462,-0.11584687004259688,0.25,-0.24710454214287478
25.6,7.725073604905396,-0.2752418795987891,-1.6810598173144515,0.2466513819126201,-0.11004340426531796,0.25,-0.24710454214287478
25.7,7.722172430657865,-0.30089383211317017,-1.6915783881044828,0.25117459989061136,-0.0796648497291318,0.25,-0.23606750976525454
25.8,7.718874098767576,-0.32693555114500955,-1.7012814613668419,0.2654220581780258,-0.10099275138650905,0.25,-0.2475908131954663
25.9,7.715533508284898,-0.35242778180685874,-1.7137316764540278,0.2619345817876836,-0.12594850121526519,0.25,-0.2475908131954663
26.0,7.711807313279978,-0.3777415196109377,-1.7204204616623977,0.25407682110147417,-0.03242275598592775,0.25,-0.24517756777259408
26.1,7.708022477334381,-0.4029032968207194,-1.723845297392584,0.24667814478897643,-0.04766504663850128,0.25,-0.24517756777259408
26.2,7.7041863562648025,-0.42758985828716084,-1.7300197073612515,0.24115877953991544,-0.06804400062355805,0.25,-0.22705040822448597
26.3,7.70014276473804,-0.45206983204937634,-1.7371142265592237,0.2576196015776224,-0.07684564485307403,0.25,-0.23871747044997677
26.4,7.695893409097014,-0.4766784669524287,-1.7472400949341789,0.2571904647327652,-0.12329140964318751,0.25,-0.23871747044997677
26.5,7.69161084957101,-0.5017463629589961,-1.7591418210975982,0.2526288116787287,-0.1091848201661062,0.25,-0.23832517052317054
26.6,7.687018433378864,-0.5267866020047689,-1.7697683247531095,0.2548341049426355,-0.09818123071811226,0.25,-0.23832517052317054
26.7,7.6823309052676505,-0.5518594627535237,-1.7798748501683823,0.2599501364224199,-0.08982859767221468,0.25,-0.23417365863886833
26.8,7.676844964137851,-0.5776909407959331,-1.7876772592410541,0.25188237409639386,-0.06804362295384249,0.25,-0.23680325671361135
26.9,7.671130447731512,-0.6033117507962348,-1.79615730654898,0.26464882536046797,-0.08570620521587005,0.25,-0.23680325671361135
27.0,7.665245708484621,-0.6289085788316299,-1.8048670178360204,0.26331879182863555,-0.07901881157346027,0.25,-0.23419210123233888
27.1,7.6593281850343695,-0.6538989480385643,-1.8148855054478525,0.25033238484575093,-0.10732974334756162,0.25,-0.23931564109034575
27.2,7.655335081969337,-0.670338892335406,-1.8213368880270584,0.25187519239237766,-0.08427456399186067,0.25,-0.23931564109034575
27.3,7.648978334731611,-0.6944385535493118,-1.8313528128565681,0.24296950731707095,-0.12908080049404766,0.25,-0.24073538103465428
27.4,7.642538874108849,-0.7184887280626073,-1.845282116526971,0.2396624312642143,-0.15059904205479938,0.25,-0.24073538103465428
27.5,7.635657757294688,-0.74249178932552,-1.8566604807152887,0.24067432072477052,-0.11708036557719506,0.25,-0.24522730332949857
27.6,7.628348564393612,-0.7664067768968531,-1.868554422697256,0.25620467295886634,-0.11040586191769713,0.25,-0.24193117236808226
27.7,7.620864584459517,-0.7904605468068294,-1.8799995741198066,0.24444116776832167,-0.11410496703818186,0.25,-0.24193117236808226
27.8,7.613108968146544,-0.8151774177865764,-1.8905914671602404,0.2649632342651459,-0.07714597706813912,0.25,-0.23524061933595528
27.9,7.6049191929541715,-0.8401099774492877,-1.8988167033958845,0.2635910784426856,-0.07792289164505763,0.25,-0.23524061933595528
28.0,7.59651659513816,-0.8652160692434858,-1.906079015859728,0.26352692900640273,-0.07191658367654871,0.25,-0.23414561511436596
28.1,7.587843554805667,-0.8899693702310085,-1.9152289717659166,0.2657541690333555,-0.10809012862170762,0.25,-0.2241176311071377
28.2,7.578984515594943,-0.914707417279065,-1.923544961858605,0.2628766874945784,-0.06571765731684298,0.25,-0.2241176311071377
28.3,7.5702069395465035,-0.9387898238011644,-1.9306642224323578,0.23290210948055537,-0.06834716040260438,0.25,-0.22734932990346005
28.4,7.56145454532906,-0.9619160609117671,-1.9380905612152177,0.23593761112557862,-0.06939214387056772,0.25,-0.2454687808455316
28.5,7.552502227589519,-0.9848281862304349,-1.9456763133176045,0.23161885707660032,-0.07089086150004469,0.25,-0.2454687808455316
28.6,7.543260330941166,-1.0077104626773257,-1.9540269796309677,0.24880769797276917,-0.08181625333243715,0.25,-0.24826894560846888
28.7,7.533825083434316,-1.0306437687464844,-1.9639391735310887,0.2541387817776206,-0.11587642922564648,0.25,-0.2330598459713382
28.8,7.524029346339955,-1.0538345736733308,-1.9756593037239658,0.24066396647971966,-0.10341065346940022,0.25,-0.2330598459713382
28.9,7.517254220238649,-1.0696076693818346,-1.9826447918466585,0.25789690809254207,-0.11764843196331604,0.25,-0.2298989522016789
29.0,7.506880515750828,-1.093528593296267,-1.9927058710301744,0.2596988479826731,-0.08488436398708,0.25,-0.2298989522016789
29.1,7.496248680162006,-1.117417466942446,-2.0014508297642015,0.2533136301335248,-0.09280835195248845,0.25,-0.22425504462111145
29.2,7.485291244196033,-1.141198693898964,-2.0099026960341826,0.25551993961378794,-0.09124013978056156,0.25,-0.22425504462111145
29.3,7.474199448471735,-1.1648645312591188,-2.01840569822744,0.2552885155661,-0.09538268940612159,0.25,-0.24571709455471571
29.4,7.463088941952555,-1.187880242278787,-2.028120027311979,0.24432565835046693,-0.11196773197192858,0.25,-0.22995117251048403
29.5,7.4516708750484195,-1.2107295037975665,-2.0394057594841724,0.2477715362180415,-0.0961530705695406,0.25,-0.22995117251048403
29.6,7.440228376128236,-1.2331191425148003,-2.0498581629278596,0.2426677959424747,-0.11762669361881944,0.25,-0.23106420008216405
29.7,7.428851522674982,-1.25524676484197,-2.060034541011695,0.2391869674990108,-0.09417344298832502,0.25,-0.22509266195310698
29.8,7.417184560789278,-1.2772642613654852,-2.0692556021754784,0.24961596076836634,-0.08577337419396033,0.25,-0.22509266195310698
29.9,7.405079767063003,-1.2993721231587392,-2.078152339404775,0.23798539558932152,-0.10108466976054478,0.25,-0.2373751163053737
30.0,7.392624931607855,-1.3216642034709887,-2.090172610332916,0.2622473088900198,-0.11962725471058507,0.25,-0.2373751163053737
30.1,7.3796900338693625,-1.3439046165682662,-2.104052818359908,0.2584067751652368,-0.16012971180315302,0.25,-0.23830341130458121
30.2,7.36649168769982,-1.36625428077793,-2.11711983590446,0.2514726620232987,-0.11326827222343126,0.25,-0.2338868486305938
30.3,7.352951312012781,-1.3884461323734603,-2.1280171137367745,0.2493102664642289,-0.09192441902574033,0.25,-0.21904699699394514
30.4,7.339390657173257,-1.4101272769101516,-2.1376215804490273,0.24641746657159078,-0.0929477654362332,0.25,-0.21904699699394514
30.5,7.330225844150285,-1.424465488514701,-2.1433839277486118,0.2456934597619782,-0.08629045547242997,0.25,-0.21904699699394514
30.6,7.316309951188881,-1.445884951243859,-2.151997472627432,0.2511148548667516,-0.07800627325006555,0.25,-0.21720791601449874
30.7,7.30221826227988,-1.4671793980565067,-2.1604159934266964,0.25117729357543805,-0.07980472352342761,0.25,-0.2106507527723878
30.8,7.2881496272901245,-1.488171998784004,-2.168949759505643,0.24844420756424734,-0.09487060805069147,0.25,-0.2106507527723878
30.9,7.274256443072242,-1.5088763143265227,-2.178427630904386,0.24981907798332956,-0.09516012060067539,0.25,-0.21249397443549173
31.0,7.25966314901178,-1.5297813246041276,-2.187827390943389,0.26036162002615026,-0.08613918309365211,0.25,-0.2269978793261852
31.1,7.244805621662574,-1.5505243043153485,-2.197906410345246,0.2379505773235061,-0.10693798724437477,0.25,-0.2269978793261852
31.2,7.229828752516178,-1.5711536488876332,-2.2105424735810173,0.23970615552575394,-0.13485664453677446,0.25,-0.22589025691457834
31.3,7.214487301100007,-1.591597574353866,-2.223491048636255,0.23696849717913154,-0.08882000642630156,0.25,-0.22589025691457834
31.4,7.198725432741431,-1.6121022754481484,-2.23262771595072,0.24733500674897071,-0.09461721432132326,0.25,-0.20683543855948894
31.5,7.183002220352567,-1.6321741249460557,-2.2412991992821154,0.2555219450281748,-0.08039458300284393,0.25,-0.20431189164074676
31.6,7.167048101773018,-1.6520728325500758,-2.249408705765812,0.25498641618388657,-0.07484601289413272,0.25,-0.20431189164074676
31.7,7.150913401502639,-1.6717535397218704,-2.2568876079399827,0.24401247732572146,-0.07194685270003773,0.25,-0.19398686731321985
31.8,7.134704692870717,-1.6914566340876664,-2.2647012291224358,0.248608876893552,-0.0748807241000018,0.25,-0.19398686731321985
31.9,7.118351464598544,-1.7110272147452603,-2.272429221661948,0.24723555932111732,-0.0782877599424425,0.25,-0.1930049565506748
32.0,7.101782549205254,-1.7305884965750333,-2.2812661906391143,0.24649520406250197,-0.09503385145829227,0.25,-0.19863726323197875
32.1,7.085200828776594,-1.7498926359786513,-2.2907425134624204,0.24492899909928964,-0.0872862668881019,0.25,-0.19863726323197875
32.2,7.074083049449908,-1.7626783445659793,-2.297041864787207,0.2543075358513615,-0.09561598873349877,0.25,-0.20420790623987306
32.3,7.05708825551741,-1.7817367342319574,-2.305385718584983,0.2615592681794832,-0.1034161786322937,0.25,-0.20420790623987306
32.4,7.039943755864212,-1.8005875359436792,-2.3148742617097464,0.2556285903396965,-0.08934824527189997,0.25,-0.20154851129916265
32.5,7.022736187991056,-1.819063505874417,-2.3242619140596465,0.23832311051747213,-0.07763555339767726,0.25,-0.20220379147273215
32.6,7.00537536032257,-1.8374506441826959,-2.332620851387017,0.25459076838497874,-0.08745946415782967,0.25,-0.20220379147273215
32.7,6.98773757614251,-1.8558563606473903,-2.340991948768696,0.25320056973742494,-0.08214051064966481,0.25,-0.20325027940875806
32.8,6.969941211672418,-1.8741292129973643,-2.349532024013601,0.2504731874507492,-0.0844783206900563,0.25,-0.20325027940875806
32.9,6.951967556819452,-1.8921735229261982,-2.35778813604122,0.24470737667994077,-0.07804098214493113,0.25,-0.2123264782490624
33.0,6.933871772574834,-1.910175094595255,-2.3676365922650393,0.2567798619880481,-0.09078441897131526,0.25,-0.20606457704508452
33.1,6.915348853664079,-1.9286248310855678,-2.3763220451050504,0.25435737656226937,-0.08631293666798942,0.25,-0.20606457704508452
33.2,6.896597071656709,-1.946556850681335,-2.3851509788956355,0.25671857216319294,-0.09444187340704505,0.25,-0.2058024226424377
33.3,6.87805289639188,-1.9640164982502863,-2.3948733427619255,0.254250188744213,-0.09917139632520676,0.25,-0.2058024226424377
33.4,6.8593658540255715,-1.9812977473797626,-2.4050315928274455,0.25161576402325525,-0.10402296399600895,0.25,-0.21517180306023206
33.5,6.840504662338256,-1.9982899441130466,-2.4148031642085996,0.24140886448725019,-0.0919282485551538,0.25,-0.21290043969702918
33.6,6.821709193925636,-2.0147795141785347,-2.423926518882058,0.2398837583209615,-0.08861355837484683,0.25,-0.21589183344506277
33.7,6.80271469627605,-2.0310880629474672,-2.4335529548001236,0.25826879119352586,-0.0871248323839781,0.25,-0.21589183344506277
33.8,6.7899774680655725,-2.042060119930714,-2.439912433526593,0.24732001290354197,-0.08518840285334672,0.25,-0.21589183344506277
33.9,6.770601008060217,-2.058469464955993,-2.448466836489388,0.25051002123446464,-0.08728548747508445,0.25,-0.21267852378032792
34.0,6.75088900285506,-2.0747418228738286,-2.457105120715045,0.24913833969911037,-0.08595073287111418,0.25,-0.21423731842171959
34.1,6.7309115600445635,-2.090919774060307,-2.465776016444097,0.2622545897900133,-0.08287813386642386,0.25,-0.21423731842171959
34.2,6.710569082709772,-2.1071461671460776,-2.4746321764431825,0.2564607544012464,-0.08911242736129721,0.25,-0.21373456019893092
34.3,6.690091067728214,-2.1231981064206273,-2.483843417867541,0.26031079026488985,-0.09541416105566293,0.25,-0.21373456019893092
34.4,6.669532399267472,-2.1390669739278576,-2.492790356080161,0.25384183793289294,-0.090651253786044,0.25,-0.20989832456033294
34.5,6.648955492745798,-2.1544057362714355,-2.5020032365993217,0.2575911974143256,-0.08881315383041215,0.25,-0.21234417085477417
34.6,6.628737852025017,-2.1694213668482383,-2.51071583728602,0.2493102232859974,-0.08638793859251147,0.25,-0.21234417085477417
34.7,6.608549637444753,-2.1841933028538447,-2.5194533777049406,0.24208365754107145,-0.08365449034213782,0.25,-0.2092771671108638
34.8,6.588204384091609,-2.1987431060046942,-2.527905860043002,0.2421145295185197,-0.08103912107142885,0.25,-0.2092771671108638
34.9,6.567695868063886,-2.2130338965476364,-2.5368566372473422,0.24009468516373203,-0.09551450074745059,0.25,-0.21863843096778754
35.0,6.547031216044495,-2.2273130227818636,-2.5459480314337797,0.249218330219345,-0.08123680919010444,0.25,-0.3172965431463669
35.1,6.525614301729332,-2.2415382030695157,-2.5574928500983263,0.26390380687288245,-0.1167056394356538,0.25,-0.3172965431463669
35.2,6.503241609913504,-2.255738414679049,-2.568941080756713,0.2662819773685888,-0.1039769460403594,0.25,-0.2981432544272521
35.3,6.481010137043389,-2.2697727978441735,-2.580472728289857,0.26126827084152643,-0.1146162798154287,0.25,-0.2306964925273407
35.4,6.458845212839623,-2.2835930180749355,-2.591648933274526,0.26373382149743224,-0.09032977689082754,0.25,-0.2306964925273407
35.5,6.444035725095889,-2.292678440688762,-2.598561389518558,0.26090602656852485,-0.10798645515249622,0.25,-0.19745940924233882
35.6,6.421735381979852,-2.306078195936526,-2.6076520887356103,0.24614547407576512,-0.09143597274065779,0.25,-0.19745940924233882
35.7,6.400094968280424,-2.3189013670867533,-2.6174350325799574,0.24772394018241783,-0.0804133271680968,0.25,-0.22201184441850902
35.8,6.378775713846979,-2.331426576070298,-2.625510778162327,0.2386799018783979,-0.07943070384221533,0.25,-0.22201184441850902
35.9,6.357155715139085,-2.343799550959593,-2.6330021034503783,0.24420914022425008,-0.0644131450581169,0.25,-0.17010497391680318
36.0,6.335329202411584,-2.356004111593945,-2.639111503524126,0.2499979842196557,-0.06761039159984616,0.25,-0.18393562260524227
36.1,6.313348825590324,-2.368046432498568,-2.6465154003174707,0.24103936174959173,-0.06974269672962537,0.25,-0.18393562260524227
36.2,6.2911002032757155,-2.3799999112628347,-2.654046400718557,0.25649725171861065,-0.07799281504432475,0.25,-0.1761326231178717
36.3,6.2680106424631115,-2.392028187326585,-2.6604974154781593,0.2537789922909837,-0.05835867485982667,0.25,-0.18881651000576632
36.4,6.2446878878413425,-2.403921481563606,-2.6666965024265132,0.2592190574657534,-0.06198659164527215,0.25,-0.18881651000576632
36.5,6.221331127740743,-2.4156966282920846,-2.6730786037017626,0.2583804387526229,-0.06400809189390634,0.25,-0.19881343825097658
36.6,6.197874813656645,-2.4273574353796556,-2.6797553951926387,0.252477852080252,-0.07057344453716075,0.25,-0.19881343825097658
36.7,6.174795627223472,-2.438912729147264,-2.687516828921098,0.25235839778494573,-0.08411275994661026,0.25,-0.19491463873524145
36.8,6.1518363002509515,-2.450053223673334,-2.6969968290777673,0.24526422615717602,-0.0928680298747085,0.25,-0.19683090209861392
36.9,6.129086531437868,-2.460843733959981,-2.705481863523439,0.25131706288388733,-0.06305051224049987,0.25,-0.19683090209861392
37.0,6.106869245357482,-2.4714861677343967,-2.711820814905655,0.24678797634302008,-0.06166947563373418,0.25,-0.19213403469172752
37.1,6.091748637628602,-2.478453698008288,-2.7162392075243407,0.25450947325991546,-0.06703985395898143,0.25,-0.19213403469172752
37.2,6.069086731001373,-2.488773673246074,-2.72285592145236,0.23946295735379583,-0.06777630528665074,0.25,-0.19271249483617264
37.3,6.045835240447402,-2.4990227681404753,-2.730368252363468,0.2507744833919295,-0.0682969284215308,0.25,-0.19751103439107426
37.4,6.0225155656244045,-2.5091978266222377,-2.7387936114785463,0.2505753433893718,-0.10050854990697201,0.25,-0.19751103439107426
37.5,5.998459484569291,-2.5192396249643316,-2.7469265086081998,0.25356731606840155,-0.05737140793219631,0.25,-0.20200800722168027
37.6,5.974006352472941,-2.5290940753884827,-2.7528310438694716,0.25544538470163025,-0.057572611370176045,0.25,-0.20200800722168027
37.7,5.949560259169534,-2.5388431718591806,-2.7587868209941746,0.25982281548673863,-0.058460892779426926,0.25,-0.1902874747356825
37.8,5.9257190308578895,-2.5483476124367384,-2.766481674994011,0.2450453795091424,-0.08489504717141395,0.25,-0.2006021833146436
37.9,5.901944274955857,-2.5577077458436994,-2.775626318724166,0.2526079593495096,-0.0866035578225146,0.25,-0.2006021833146436
38.0,5.878096279513161,-2.566761799520712,-2.785619379379419,0.24411580534216093,-0.1169382274184053,0.25,-0.22188740841004087
38.1,5.8544045011932555,-2.575594903679848,-2.7966763144284843,0.24114295816551812,-0.08987156793927607,0.25,-0.22188740841004087
38.2,5.831122279835635,-2.5840258356866146,-2.8040464154075306,0.2436675325148137,-0.069900407634558,0.25,-0.22108149974945135
38.3,5.80763188822141,-2.5923421390533856,-2.810754330516363,0.24303918832351037,-0.06365655310238873,0.25,-0.22138202412517038
38.4,5.783417344896102,-2.6005930268227337,-2.8180951406132726,0.26201294350452514,-0.07329352653218964,0.25,-0.22138202412517038
38.5,5.759237903387624,-2.6086518943700585,-2.8271055419789093,0.25743151567892486,-0.10583666507581202,0.25,-0.22745850567654627
38.6,5.7347896982440565,-2.6164292469242816,-2.8365623328105434,0.24470300082675236,-0.07761472570605454,0.25,-0.23262214118162605
38.7,5.7098005258591,-2.62414954539554,-2.845695426686887,0.255904473411214,-0.06970734070401356,0.25,-0.23262214118162605
38.8,5.692947318600971,-2.629127916499763,-2.8498443885004785,0.24973855261925987,-0.056890266077663496,0.25,-0.23222261227948643
38.9,5.668455639096749,-2.6363764410160977,-2.8586920906353717,0.25566944825500176,-0.12162578711101314,0.25,-0.23222261227948643
39.0,5.64394348129594,-2.6435852919725606,-2.8690238452184422,0.24765691352568078,-0.10156260602198577,0.25,-0.2311529247958356
39.1,5.619317757567584,-2.650503827757298,-2.8797873071628053,0.24876691716672372,-0.11024818389491788,0.25,-0.2324375639652435
39.2,5.594651992076088,-2.657124984697812,-2.8907783798331326,0.24610961231408576,-0.10203461775400502,0.25,-0.2324375639652435
39.3,5.5700121798809965,-2.66340081543956,-2.901482875473091,0.2512113400556118,-0.07736700607773983,0.25,-0.22827214058449238
39.4,5.545296814083476,-2.6694059167729045,-2.9080333493924124,0.25228840745100123,-0.056822865616169095,0.25,-0.22827214058449238
39.5,5.520425997261834,-2.6752753413382258,-2.913715639900658,0.24865785342640717,-0.05387100960836864,0.25,-0.2237444408592475
39.6,5.495689357683179,-2.680985942525827,-2.919451166108427,0.2543976754201131,-0.059451639480044983,0.25,-0.21907107401342524
39.7,5.4707677128181835,-2.6865902718244254,-2.926110198828811,0.2442982329627931,-0.07402891587379325,0.25,-0.21907107401342524
39.8,5.445840224643887,-2.691957070453195,-2.9343417867629995,0.2472289203121701,-0.1084157635713455,0.25,-0.2207558293242038
39.9,5.4211037161590285,-2.697044214097196,-2.94482044157573,0.25041442800558156,-0.10268293415716856,0.25,-0.2207558293242038
40.0,5.396062436692467,-2.701962495616755,-2.9529229850772056,0.25311210285482966,-0.08099468830601556,0.25,-0.2194240123690328
40.1,5.3709891900839315,-2.7068154224386194,-2.9612776792926923,0.25876843211490336,-0.08443419246509612,0.25,-0.2194240123690328
40.2,5.345901592686285,-2.7114759937801085,-2.969829713593357,0.2547907705913019,-0.08833628879431081,0.25,-0.2111674396379204
40.3,5.320803376670617,-2.715892024166073,-2.9798736459281194,0.2528352284875819,-0.09837507764550743,0.25,-0.21029561106371258
40.4,5.3039500726081545,-2.7185651726317315,-2.986916730739659,0.24419287708177276,-0.09177561591624821,0.25,-0.21029561106371258
40.5,5.278246712749439,-2.7225694307066877,-2.996030278528006,0.25653213978386646,-0.10574014584285461,0.25,-0.204291968128608
40.6,5.252850139240468,-2.726165644831885,-3.0056990103120427,0.2501024429045126,-0.09543882973212205,0.25,-0.204291968128608
40.7,5.227638985192472,-2.729579258397228,-3.01410346735056,0.26228030584693324,-0.06814072229322335,0.25,-0.19376078256097123
40.8,5.2022888566994085,-2.7327554543906376,-3.02225684606503,0.2501738548353943,-0.09205213563761837,0.25,-0.17541128601455006
40.9,5.177029399906239,-2.735756928620861,-3.027443580819128,0.2513017669244332,-0.06075667363714525,0.25,-0.17541128601455006
41.0,5.152208942802079,-2.738626467023538,-3.033252471168212,0.2501065045042265,-0.048488991854633796,0.25,-0.1662179615781691
41.1,5.12713821290876,-2.741325771903403,-3.0388014182622536,0.2439856660905903,-0.05929622932093287,0.25,-0.1662179615781691
41.2,5.101805236028825,-2.7439578836751823,-3.0444497699772652,0.25091556853444774,-0.057535150768930385,0.25,-0.15339520355572145
41.3,5.076381512656468,-2.746412985066125,-3.0498934974789527,0.24901219626525112,-0.05010556074920821,0.25,-0.14310036810832716
41.4,5.0509578335824505,-2.748772514367475,-3.0544695104668023,0.25226450495947206,-0.04455562317301983,0.25,-0.14310036810832716
41.5,5.025339742496556,-2.750948339418625,-3.059449021231116,0.2513967232553273,-0.045075965354517085,0.25,-0.13655398790619058
41.6,4.999586506140521,-2.753034490765169,-3.0642928584940776,0.25117466623969925,-0.044573748101840976,0.25,-0.13655398790619058
41.7,4.973725995484775,-2.755012909313624,-3.0682856195805233,0.2539105744391622,-0.04096618810244621,0.25,-0.1284497340068247
41.8,4.948274415387187,-2.756842333689265,-3.0719918578352927,0.24831864611276908,-0.02432786758330084,0.25,-0.11888886645023701
41.9,4.9227777305406075,-2.758588730180544,-3.0747141714667485,0.25334300544649574,-0.020671830012163127,0.25,-0.11499964049447686
42.0,4.897564907513044,-2.7602911545558912,-3.0777645679242447,0.25219034659946316,-0.037770130291943926,0.25,-0.11499964049447686
42.1,4.880812047860274,-2.7613841594660484,-3.080159504863563,0.2488987181422827,-0.030561398744074052,0.25,-0.11499964049447686
42.2,4.855701601746098,-2.762930663752668,-3.083459038990664,0.2506591707631013,-0.03156952147050039,0.25,-0.11016550632671143
42.3,4.830447249155703,-2.7643809387214886,-3.086750350800349,0.2505615067604226,-0.03587342401129606,0.25,-0.10349325356675032
42.4,4.804952123637899,-2.765767721075254,-3.089872073092063,0.24762084727767683,-0.031836890719252955,0.25,-0.10349325356675032
42.5,4.779504204533744,-2.76709264584789,-3.093047657062295,0.24972468144940563,-0.03237775247948214,0.25,-0.10008210411188327
42.6,4.753822436198202,-2.768290538708123,-3.0958747974237246,0.2481734424337489,-0.02470654197276302,0.25,-0.094532638192161
42.7,4.728064774682283,-2.769452042772971,-3.098590996248499,0.25004643498226853,-0.030604950720624895,0.25,-0.094532638192161
42.8,4.702345563412263,-2.7705026394897816,-3.1013194405597804,0.25371885700253477,-0.026318314767155754,0.25,-0.0877853980272236
42.9,4.676687912728767,-2.771511985259133,-3.1041464238723773,0.24795191381947354,-0.03837897866082453,0.25,-0.0877853980272236
43.0,4.65119465272631,-2.7724482343775403,-3.1065250659199797,0.24697887736448393,-0.018188894622347677,0.25,-0.08457606696691397
43.1,4.625834179808376,-2.773324807712108,-3.108420666172415,0.24618793958837637,-0.020370259434490424,0.25,-0.07901056693926238
43.2,4.600547205876332,-2.774150424824161,-3.1106234059958404,0.2491705664115251,-0.021881579277476082,0.25,-0.07901056693926238
43.3,4.575277280814185,-2.7749293049023738,-3.112975018544067,0.24785604353772492,-0.02008758946312626,0.25,-0.07620670435240083
43.4,4.550009032303343,-2.7756581010419348,-3.115151265717286,0.24618819975776082,-0.020326140435598435,0.25,-0.07620670435240083
43.5,4.524485622198534,-2.7763039680169888,-3.1173567835970375,0.24917547937406548,-0.023563814378931233,0.25,-0.07140587270498533
43.6,4.49900148364656,-2.7769170779483163,-3.119538262469006,0.2471931788852653,-0.019371191885271588,0.25,-0.06770634232345378
43.7,4.481948858175723,-2.7773043166512346,-3.1206732248121645,0.25325272852888114,-0.014642562486877404,0.25,-0.06770634232345378
43.8,4.456270407748933,-2.777830337835002,-3.12222568746209,0.253917919151713,-0.019147986291622773,0.25,-0.06770634232345378
43.9,4.430616848991586,-2.778307359278835,-3.1241621447016072,0.2524351743875018,-0.016091453063717665,0.25,-0.06245344981912669
44.0,4.404923156623116,-2.7787431637030977,-3.126001929096767,0.253133518499081,-0.021772855574687153,0.25,-0.05873750265761736
44.1,4.379322163184222,-2.7791208756409316,-3.1277596085080264,0.25140767154258675,-0.013604157293303543,0.25,-0.05873750265761736
44.2,4.353873713712654,-2.7794633259141444,-3.12892474579074,0.25239779450089705,-0.012016147784860449,0.25,-0.05422949623552045
44.3,4.328484838513925,-2.7797706083820826,-3.130200812352755,0.2528108540894453,-0.013153673046984084,0.25,-0.05422949623552045
44.4,4.3030915673827455,-2.7800530883811763,-3.131727174017602,0.24941393466355138,-0.015776655753777433,0.25,-0.05302823077374359
44.5,4.277714240216513,-2.7802931763545,-3.13326893333758,0.24858421770756653,-0.0147372577420861,0.25,-0.05302823077374359
44.6,4.252315775449373,-2.7804988614085113,-3.1347775940019984,0.25185365666036497,-0.012941573751710244,0.25,-0.049794925112910296
44.7,4.226805571236911,-2.7806655906592304,-3.1361718319356973,0.24949041690077797,-0.013080480079045567,0.25,-0.049794925112910296
44.8,4.20124867500915,-2.7808013430517815,-3.137397752168431,0.2535016558705503,-0.009550283111861464,0.25,-0.045150066149508866
44.9,4.175655324583464,-2.7809082247476704,-3.138455036676794,0.2508870704536476,-0.011495592326880818,0.25,-0.04129941109702204
45.0,4.150049440121362,-2.780970116142738,-3.1395395114228766,0.24875950005258127,-0.01438631763659581,0.25,-0.04129941109702204
45.1,4.124450359895732,-2.781014112884725,-3.140696557453304,0.2486990354705318,-0.0120386354888786,0.25,-0.038117660886213725
45.2,4.098893010584184,-2.781022764714493,3.1414269824699663,0.2517639002893878,-0.00873517505238959,0.25,-0.03747607720553326
45.3,4.081880826158382,-2.7810180449605726,3.140911649315135,0.25156991651281896,-0.007930919674028855,0.25,-0.03747607720553326
45.4,4.056421995593858,-2.780984629991909,3.140011708446243,0.25116692932146684,-0.009194202964406276,0.25,-0.03393290480171751
45.5,4.031002081054479,-2.7809298271644884,3.1391825365441344,0.2510909097201232,-0.00956702687551168,0.25,-0.03393290480171751
45.6,4.005565469318554,-2.780854591852658,3.1382192029986693,0.24892036008372367,-0.009599388463244962,0.25,-0.033060265809894775
45.7,3.9801314313205993,-2.7807603064332906,3.137293779565809,0.24826313050224616,-0.009068610068407828,0.25,-0.033060265809894775
45.8,3.954653033219941,-2.7806437171776155,3.1365543344172937,0.2514072380793642,-0.006050063714651245,0.25,-0.028530734088028198
45.9,3.929143132876489,-2.780515671660709,3.1358995842596813,0.2510591440816533,-0.007194387002623616,0.25,-0.02466917808877886
46.0,3.9035714186760373,-2.7803754748012164,3.1353033417406957,0.25086612263860225,-0.0068544752639655175,0.25,-0.02466917808877886
46.1,3.878019282524809,-2.7802039461698773,3.1346742370546474,0.2517265342128138,-0.0048432346982107246,0.25,-0.02477053653154378
46.2,3.852461788796599,-2.780018920450449,3.1339761389754197,0.2504159730554979,-0.007366061203630993,0.25,-0.02477053653154378
46.3,3.826909127174149,-2.7798231088014647,3.1332572350442756,0.25043587037166326,-0.00613736691113907,0.25,-0.02358293455703223
46.4,3.8013934169304866,-2.779604217187521,3.132799947185751,0.25074028241046215,-0.003987463520700828,0.25,-0.02358293455703223
46.5,3.77591903214509,-2.7793644254464662,3.132325996562879,0.2504669706678768,-0.004172490404415895,0.25,-0.021682354598825455
46.6,3.750445724033099,-2.7791221901923766,3.1318352916890784,0.24896432788342585,-0.0051446504153356614,0.25,-0.018228290934080488
46.7,3.7249741957161646,-2.7788623957566876,3.131299782744833,0.24955761288372177,-0.004772877138955851,0.25,-0.018228290934080488
46.8,3.6995143621439937,-2.7785962445238606,3.130731814078955,0.2494586813700428,-0.0049346026937447515,0.25,-0.016748435072717754
46.9,3.6740266595017412,-2.7783170344739037,3.130365127539649,0.25030704308704516,-0.00426293425352317,0.25,-0.016748435072717754
47.0,3.6570233163138766,-2.7781236960978206,3.130176953367887,0.2506183686413428,-0.0030600736537137593,0.25,-0.014609869515420829
47.1,3.6314875484640283,-2.7778339206631664,3.1298463828541543,0.24996453960934872,-0.002879205811494974,0.25,-0.014609869515420829
47.2,3.6059552495364997,-2.7775313409859654,3.12953210179806,0.25031878153361287,-0.0025171912200664458,0.25,-0.012181582002426443
47.3,3.580419788343241,-2.7772274304657145,3.1291916071359758,0.2500576128420834,-0.003486085938619099,0.25,-0.012181582002426443
47.4,3.554893178676902,-2.7769039533018853,3.1288098958325703,0.24986002803191992,-0.0037346493173225875,0.25,-0.01003629346604035
47.5,3.5293746090670153,-2.776577480313735,3.128496851049624,0.2498054958133536,-0.0010275239167055633,0.25,-0.008223297316767655
47.6,3.503881944490564,-2.776240324046803,3.128404019259714,0.24970945341430334,-0.0014316692470632188,0.25,-0.008223297316767655
47.7,3.4783814191274023,-2.7758972312306627,3.128216350212987,0.2501793922788449,-0.0027257243209878315,0.25,-0.007889851486104476
47.8,3.452885350566821,-2.7755508011201666,3.1279998577668024,0.25002740953771607,-0.002160945393221108,0.25,-0.007889851486104476
47.9,3.4273973840854763,-2.7752018478303557,3.127764327757401,0.25022776972720784,-0.002647034898161802,0.25,-0.00634318454719871
48.0,3.401908401386176,-2.774844035852668,3.1274848340759225,0.2502661190209946,-0.0007550718932504567,0.25,-0.005192014576206551
48.1,3.3763981197689343,-2.774482161865939,3.1274828900699796,0.24985355760697242,0.0006190474152011954,0.25,-0.005192014576206551
48.2,3.350886405603643,-2.7741252449828555,3.1274085564005896,0.2505038133304561,-0.001110765723535624,0.25,-0.004350692133603069
48.3,3.3253708376961457,-2.773766419867609,3.1273141622212344,0.2505471324735557,-0.0011242686438982946,0.25,-0.004350692133603069
48.4,3.299855284398084,-2.7734039084417543,3.1271854921020403,0.25019608241315894,-0.0015236052193797899,0.25,-0.0034185256600293484
48.5,3.274339848504618,-2.7730359406489176,3.1270206160799576,0.2498551870377316,-0.0019918695059585934,0.25,-0.0030383180021393945
48.6,3.257332199050019,-2.7727889625076068,3.1269076643113287,0.2503734486716616,-0.0015814162901333024,0.25,-0.0030383180021393945
48.7,3.231829646716289,-2.7724136618810102,3.126923994878432,0.24993579186881168,-0.00021115221122410227,0.25,-0.0021849992077979438
48.8,3.2063278642844963,-2.772036382426512,3.1269187630892636,0.24998343982638904,0.00024238446599809818,0.25,-0.0021849992077979438
48.9,3.180821618082595,-2.7716606808311326,3.126894230370959,0.25011213714754404,0.00012424342688817765,0.25,0.0003381932825225432
49.0,3.1553141257506225,-2.7712838456001925,3.1268887047958063,0.25027279260000934,8.684677093683255e-05,0.25,0.00014084282300274448
49.1,3.129811452671412,-2.7709075780052697,3.1268241422487386,0.2501718749423757,-0.0008569424960691454,0.25,0.00014084282300274448
49.2,3.104310232890282,-2.7705304260685923,3.1268953032562607,0.25028101793253243,0.0023753201151778284,0.25,0.0007711184870354999
49.3,3.0788107609686506,-2.7701590059717485,3.127055956446527,0.2501784178908223,0.0006128267195888257,0.25,0.0007711184870354999
49.4,3.053307997729829,-2.769790397826218,3.127120290295432,0.25020800096063,0.000830527432979922,0.25,0.0023978536224553027
49.5,3.027802132270037,-2.769424491575807,3.1271745312442905,0.24985241178653705,0.0007959771897632355,0.25,0.00305705033005816
49.6,3.0022966845878005,-2.769061050538572,3.1271848055671647,0.25015388493976154,-0.0008323880994511129,0.25,0.00305705033005816
49.7,2.976797081667143,-2.768695125310668,3.1271840167854985,0.25020942356724435,-3.493749128319065e-05,0.25,0.0034552292333743543
49.8,2.951299167847405,-2.768329528474581,3.1272741758360585,0.24966014730328756,0.001340990298110816,0.25,0.0034552292333743543
49.9,2.9257877437680837,-2.7679624121005757,3.127437254095775,0.24999090929624554,0.0015688834809693877,0.25,0.003637428033972965
50.0,2.9002761856356187,-2.767601725670252,3.1275248242833134,0.25015242592153447,0.0009348352239079217,0.25,0.0047089623394859954
50.1,2.8747605062971173,-2.7672420311847534,3.127615082938484,0.2500594534694042,0.0003282003038978165,0.25,0.0047089623394859954
50.2,2.849249844455333,-2.7668834713353863,3.1276611760830444,0.250022385541598,0.00028613104511937163,0.25,0.004735777471174194
50.3,2.8322446482681642,-2.766645330120752,3.127707648492623,0.25023182340721406,0.0005531725581114728,0.25,0.004735777471174194
50.4,2.8067455287523146,-2.766295056985644,3.1279840767269382,0.250334019607569,0.002672227357122517,0.25,0.005257233325667551
50.5,2.781255363198816,-2.7659516208689943,3.1281847194453247,0.25037754208310825,0.0026317725013635237,0.25,0.006080832783615743
50.6,2.755757736675229,-2.765612486722428,3.128344365352944,0.2506163348492139,0.001000177244411237,0.25,0.006080832783615743
50.7,2.7302521894550726,-2.7652830958128427,3.128450477138364,0.2500567618768868,0.001003365229700901,0.25,0.006000114708200881
50.8,2.7047512207715787,-2.7649521719438073,3.1285383634614488,0.25041443242915906,0.000599039302196642,0.25,0.006000114708200881
50.9,2.6792541051063288,-2.764622827871354,3.128683645742835,0.24993383667770158,0.001883264241838184,0.25,0.0068560950368574194
51.0,2.653748644856156,-2.764297886297004,3.128907137238752,0.2503605423297741,0.002249110418774803,0.25,0.006983042202781567
51.1,2.6282317960823938,-2.763972061709721,3.12914658132645,0.25050088427843276,0.001659840244829407,0.25,0.006983042202781567
51.2,2.602716013123015,-2.7636555891071533,3.1293046761166297,0.2500045717547975,0.0010441416171919327,0.25,0.0071688464483470205
51.3,2.5771973527267034,-2.763340999470312,3.12941132087754,0.25012569536602086,0.0009822931500209106,0.25,0.0071688464483470205
51.4,2.551684807334941,-2.7630277523552933,3.1295153659715225,0.2504023753356247,0.002343798439425781,0.25,0.006808828537537182
51.5,2.526181666490579,-2.7627161258772905,3.1298557028366614,0.24974715261423838,0.003482385727151388,0.25,0.007440098682973319
51.6,2.500696378352279,-2.762421264817513,3.1301104817383356,0.24967590847992402,0.001792256677094742,0.25,0.007440098682973319
51.7,2.4752074823013643,-2.7621317610768243,3.1302841870411102,0.25018589082913145,0.0019506890927010188,0.25,0.007364477950643895
51.8,2.4497107735321633,-2.7618468814494825,3.1304182610574376,0.24966347151170865,0.0010093354067952363,0.25,0.007437528872892132
51.9,2.424216435436827,-2.761567338597783,3.1305421718718898,0.24960708239405816,0.00096193392104922,0.25,0.007437528872892132
52.0,2.4072212198258978,-2.761384018325167,3.1306338065530994,0.24951359524058137,0.002025224784342767,0.25,0.0077492351241546815
52.1,2.381718580415518,-2.761107375442341,3.1308555684891264,0.2504389092240468,0.001989246794148254,0.25,0.0077492351241546815
52.2,2.356200491383647,-2.7608377143065437,3.1310611771096895,0.25029015246620206,0.0022956525324078847,0.25,0.009763134539382086
52.3,2.3306878340427364,-2.7605694983401547,3.1312796832634424,0.25005337141130574,0.002189933900329028,0.25,0.009763134539382086
52.4,2.3051699711849927,-2.760306760936866,3.131494089972421,0.24994712443285533,0.002293043137481243,0.25,0.00938888184898358
52.5,2.2796486876304467,-2.7600482942273543,3.1316520961963885,0.25020117620240406,0.0016076094717958158,0.25,0.00938888184898358
52.6,2.2541436312938057,-2.7597927853102564,3.132010745358226,0.2499267791455908,0.00650242707531814,0.25,0.008979994509004535
52.7,2.228655422723241,-2.7595575142172266,3.132454495122886,0.25049167621708035,0.0026406769087105844,0.25,0.008165501221678095
52.8,2.2031644684115386,-2.7593260228307352,3.1326826165743995,0.2502420871668591,0.0023331973978695875,0.25,0.008165501221678095
52.9,2.177667480374399,-2.7591042830897705,3.132871711836673,0.25035245185937127,0.0018918612743495996,0.25,0.006435904418173544
53.0,2.1521658538251867,-2.7588873356119232,3.132976535488724,0.24999546884411783,0.0016049664614334507,0.25,0.006435904418173544
53.1,2.1266700325990477,-2.7586708027840285,3.133030613173635,0.25006855253694554,0.0003766414389447806,0.25,0.006298689807466165
53.2,2.101170292711526,-2.7584542467546362,3.133219669050519,0.25063811622226684,0.0020262533676165028,0.25,0.006298689807466165
53.3,2.07565089546062,-2.7582413093336897,3.133389637683102,0.25014838686136054,0.0014842279424730574,0.25,0.00758753067138874
53.4,2.050131660917374,-2.758030499804099,3.1335875329933924,0.2502478532743623,0.001928620139140295,0.25,0.007238086459368609
53.5,2.024615982617555,-2.7578246920735405,3.133731239062517,0.24977605878664644,0.0016571776829905867,0.25,0.007238086459368609
53.6,2.007603391002859,-2.757688925989279,3.1338046668546644,0.24956604361379087,0.0010251800865489593,0.25,0.008114385518186072
53.7,1.9820907238265026,-2.7574857282868,3.134009385944319,0.24984018613588407,0.003392760177136302,0.25,0.008114385518186072
53.8,1.9565889201694084,-2.75729265513031,3.1343465975790124,0.24990660374487783,0.003709639289152535,0.25,0.0067081744497268
53.9,1.9311010697819129,-2.7571121746349907,3.1345543965756533,0.24946031348705747,0.0017228976238720473,0.25,0.0067081744497268
54.0,1.9056054674289618,-2.756939175082605,3.1347184093980633,0.24962254239669093,0.001714981526596381,0.25,0.0068047002304341825
54.1,1.8801029211498157,-2.7567699408117066,3.134843796673471,0.24997857694765896,0.00177643397793416,0.25,0.0068047002304341825
54.2,1.8546045051092985,-2.756603437368838,3.134980520040434,0.24998094086685674,0.0008351967886415071,0.25,0.006185616652885521
54.3,1.8291031083470284,-2.756437429348149,3.1351353853171684,0.2500653628879721,0.0017103687254199672,0.25,0.004705500794000481
54.4,1.803592484979051,-2.756273317541998,3.1352928597365683,0.2502574952771524,0.0011656130450851127,0.25,0.004705500794000481
54.5,1.7780813785953744,-2.7561126720116653,3.135407978884853,0.2505885067344032,0.0009386362769319743,0.25,0.004983137621563476
54.6,1.7525662769584973,-2.755951099616327,3.1355165040749977,0.25020237410432294,0.0004493175284626362,0.25,0.004983137621563476
54.7,1.7270538496238628,-2.7557947142594865,3.1355419018524135,0.25002743147367923,0.0007231942404706291,0.25,0.0038958394024416684
54.8,1.701544656465699,-2.7556388873128705,3.1356208656243636,0.25004522098988574,0.0014230459670430131,0.25,0.003428585269510797
54.9,1.6760414870622886,-2.755487965377952,3.135930941755067,0.24986500201515677,0.0027940371697283994,0.25,0.003428585269510797
55.0,1.650544145716679,-2.755348425594193,3.1360772052957477,0.2497045475372179,0.0010274390871556317,0.25,0.0033827388677821688
55.1,1.6250384177735508,-2.755212473144113,3.1361587908057342,0.2503974803311305,0.0004924927743463222,0.25,-0.0003747958620146305
55.2,1.599527856161654,-2.7550779117886015,3.1361566413711075,0.2500233721539173,-0.0007012340427188043,0.25,-0.0003747958620146305
55.3,1.5825195595933756,-2.754986325057838,3.1360955508417105,0.25008625291410586,-0.00029567929517772186,0.25,-0.0003747958620146305
55.4,1.5570108982535273,-2.7548464111901936,3.1360244734876446,0.250100005277552,1.8224315373667682e-05,0.25,-0.001974032203736681
55.5,1.531504341684318,-2.754703321095038,3.136046539083493,0.2504282387066445,0.00023587295328322756,0.25,-0.0037854615169660363
55.6,1.5060038649161833,-2.7545592030497934,3.1359923940768093,0.2502845173010775,-0.0007552244216896975,0.25,-0.0037854615169660363
55.7,1.4805004236347856,-2.7544143653331816,3.1358921792979095,0.250138475066024,-0.000882616852417293,0.25,-0.004360356911912309
55.8,1.4550002348605275,-2.7542676627681466,3.135735327434045,0.25019092455254227,-0.002231138035753956,0.25,-0.004360356911912309
55.9,1.4295098441050584,-2.7541191262338227,3.1354793450240477,0.24969789492010935,-0.0038987553184651903,0.25,-0.008231456495539774
56.0,1.404013092528778,-2.7539599478930854,3.1353493701662876,0.2495375306335723,0.0005254198419270462,0.25,-0.008231456495539774
56.1,1.3784940482642143,-2.753798972600617,3.1352165578831497,0.25065760468247594,-0.0018845622807611498,0.25,-0.012234594432997084
56.2,1.352963777105254,-2.753635689433525,3.134929430865673,0.24952969184250823,-0.004336275061525353,0.25,-0.028784533691216044
56.3,1.327385186137891,-2.7534574699618264,3.1342010520759493,0.24997411585059678,-0.0070369710693678885,0.25,-0.028784533691216044
56.4,1.3018282188537904,-2.753254626389921,3.1334366940057827,0.24905635605021714,-0.008915612065692424,0.25,-0.029256209420056863
56.5,1.276285223782766,-2.753033253658195,3.132576828301815,0.2502619426680321,-0.0074554107395852515,0.25,-0.029256209420056863
56.6,1.2507813264419805,-2.7527980727621872,3.131994305018647,0.24884923986817728,-0.0068902015359122324,0.25,-0.028302254714272668
56.7,1.2253165277300733,-2.752535648036006,3.131432901225876,0.24794275698943283,-0.004202464889852629,0.25,-0.03468725765352115
56.8,1.1998779920606415,-2.752266094437219,3.1306746820437525,0.25189954653829505,-0.008072847198672174,0.25,-0.03468725765352115
56.9,1.1829347877827865,-2.7520692243772564,3.129990524731251,0.24924520500052944,-0.010339438741897678,0.25,-0.03323632070962158
57.0,1.1575026546956364,-2.7517660823263,3.1289596419230943,0.2495795738050678,-0.00870095276280158,0.25,-0.03323632070962158
57.1,1.1320457349688993,-2.7514323447099063,3.127999030615841,0.25104042178087704,-0.007371706142670519,0.25,-0.04268485290643309
57.2,1.1065207226970126,-2.751081346139878,3.1269697508368477,0.2507004244334237,-0.007375771949824997,0.25,-0.04268485290643309
57.3,1.080922616059026,-2.7507104757776104,3.126090827656362,0.2514918848589679,-0.006259538830464372,0.25,-0.029996516348183698
57.4,1.0553544027891046,-2.7503069154583035,3.1252615615417234,0.2510135868579073,-0.007108438790914745,0.25,-0.029996516348183698
57.5,1.029787064955881,-2.749883526947727,3.124432472830554,0.2518657562839495,-0.012125733107392353,0.25,-0.03149914736453263
57.6,1.0042215121465297,-2.7494371767441264,3.123455037735863,0.2505875570185575,-0.008972317584277547,0.25,-0.03149914736453263
57.7,0.9786893455011683,-2.7489644565997335,3.1227321947436137,0.2522636066031509,-0.007459255106035735,0.25,-0.03767555084391299
57.8,0.9532487356997222,-2.7484639523893026,3.121885381874404,0.25173379328516016,-0.00927059644171028,0.25,-0.03711232370148527
57.9,0.927803736273667,-2.7479484103926555,3.1210209312403885,0.25126839703776466,-0.008918087716190657,0.25,-0.03711232370148527
58.0,0.9023696694689951,-2.7474082337359933,3.120067069477186,0.2516229906842747,-0.009528625265572044,0.25,-0.03227639761633068
58.1,0.8769417781778872,-2.7468574565668242,3.1189768234493243,0.25011553484819765,-0.011735660586334691,0.25,-0.03227639761633068
58.2,0.8515345521033608,-2.7462678153620943,3.1177956866439724,0.25073246632712465,-0.011794682460441044,0.25,-0.04432483742232635
58.3,0.8260275016404779,-2.745663477348972,3.116727495826502,0.24994052782642606,-0.008001785256794841,0.25,-0.039769336145977024
58.4,0.8004544903451055,-2.7450365958907263,3.1157628162460282,0.2530012821681895,-0.006053121048623853,0.25,-0.04294570092421636
58.5,0.7748574055305611,-2.7443746901311865,3.114709166476827,0.25281120583114614,-0.010469432215725261,0.25,-0.04294570092421636
58.6,0.7577942093041737,-2.7439065362306145,3.1139808190247895,0.24879012004977208,-0.008424375426905445,0.25,-0.04294570092421636
58.7,0.732207094210179,-2.7431880763185763,3.1129103471090125,0.2532549752813614,-0.012509459198837376,0.25,-0.04079801955930142
58.8,0.7066340628568244,-2.742446113297857,3.111808579920111,0.2473232582407873,-0.01015594324842077,0.25,-0.03985671033791127
58.9,0.6811563263550823,-2.7416709053596944,3.1108689612051545,0.24888596513418912,-0.008443751265263897,0.25,-0.03985671033791127
59.0,0.6557319467734185,-2.7408712854276986,3.1097981066158655,0.2472285054582701,-0.012376009092097814,0.25,-0.0492301443871495
59.1,0.6303254915267718,-2.7400595029830694,3.1085177254091803,0.2515210902531115,-0.012188061092008833,0.25,-0.0492301443871495
59.2,0.604937976390276,-2.739211634245076,3.1072160415307812,0.24833024487227778,-0.01668606059204227,0.25,-0.0548045643961716
59.3,0.5795617478105627,-2.73833450575179,3.105503725824467,0.2497147265240756,-0.01562262717611168,0.25,-0.052933200033756914
59.4,0.5541391767873282,-2.7374055509035706,3.104065343805459,0.25088899349629595,-0.015493719846284008,0.25,-0.052933200033756914
59.5,0.5285467664744173,-2.7364519202729167,3.1028465259247193,0.25117543771390954,-0.012485868435316756,0.25,-0.05532557893102771
59.6,0.5029198383007056,-2.7354668311301507,3.1015038753821784,0.250953350178501,-0.013294965502639604,0.25,-0.05532557893102771
59.7,0.4772924805578891,-2.7344307034950126,3.100145670285022,0.2508200531161599,-0.015202912391018297,0.25,-0.054931651056625175
59.8,0.45167700565953645,-2.7333492328517544,3.0987345725340067,0.2524167726602531,-0.014385075367506023,0.25,-0.058109982186141204
59.9,0.4260910105848909,-2.732240427589114,3.0970741026108484,0.24851025710455668,-0.01638670828654107,0.25,-0.058109982186141204
60.0,0.40068455668868663,-2.7310870510370835,3.0957933396338615,0.2534438215639536,-0.012476134857226802,0.25,-0.05860600118077597
60.1,0.37529437036864427,-2.7299049545959315,3.0942542042521963,0.25265692674409745,-0.014105804058907542,0.25,-0.06306133147546991
60.2,0.3584206898524197,-2.7290904726626506,3.0933146714062625,0.24545099988015762,-0.008330967943909438,0.25,-0.06306133147546991
60.3,0.33307064821520727,-2.72784739740319,3.091578787494665,0.24962243789783672,-0.019108429494977063,0.25,-0.07105571679214795
60.4,0.307779153192872,-2.7265569136000636,3.0897048606550674,0.24756334184457804,-0.01964780611007885,0.25,-0.07105571679214795
60.5,0.28250024791611683,-2.725250438592223,3.0875642603499247,0.24565588544784878,-0.021842447025036217,0.25,-0.07610120937698102
60.6,0.2568841936597562,-2.723871487369012,3.085618122109244,0.2493902143601242,-0.0164965879901021,0.25,-0.09018027958120126
60.7,0.23115001788405104,-2.7224507378077094,3.083481920133835,0.24527173090578952,-0.017877413232597908,0.25,-0.09018027958120126
60.8,0.20542895903983488,-2.7209622070351793,3.081494664368224,0.25538687192405113,-0.023219509935633095,0.25,-0.08775285218211465
60.9,0.1797122810194272,-2.719406916486991,3.079367269851888,0.2558906535818075,-0.024667280306813394,0.25,-0.08775285218211465
61.0,0.1540470704336173,-2.717775697187094,3.076837846279092,0.24800260294339357,-0.02308575354183441,0.25,-0.0915720302190471
61.1,0.12851109256843699,-2.7161054272818035,3.0739373219225823,0.24889070841704045,-0.03520700898297968,0.25,-0.12008796254140316
61.2,0.103384547022341,-2.714365488519432,3.0702572952276306,0.255875660480992,-0.02811698092862851,0.25,-0.12008796254140316
61.3,0.07826256536365937,-2.712547722860019,3.0669652608585487,0.24507487863070243,-0.03390396894772232,0.25,-0.12830078540957732
61.4,0.05332328966822352,-2.710671600915161,3.063921094530175,0.24164892683336003,-0.02570023747770349,0.25,-0.1285241727002224
61.5,0.02841479451395901,-2.708726868364971,3.0609917880728323,0.24991473610861062,-0.03695934458391904,0.25,-0.1285241727002224
61.6,0.0033806369931064124,-2.7066884871296715,3.057368280059828,0.24858731634797415,-0.037363159939267046,0.25,-0.1167837726779702
61.7,-0.022145577702045526,-2.7045012153829955,3.053603428485562,0.2539655838011553,-0.04026479718502868,0.25,-0.11655680167730642
61.8,-0.039299027990962306,-2.703010812685626,3.051425729501904,0.2572402387945455,-0.027705080368184507,0.25,-0.11655680167730642
61.9,-0.06505636093218163,-2.700714833367698,3.0483373668141356,0.25463261460654496,-0.02886159263453139,0.25,-0.13640451778898333
62.0,-0.09096947725461313,-2.6983064889746275,3.0454431354211913,0.2576720544161032,-0.029239381787429578,0.25,-0.13640451778898333
62.1,-0.11678314624303414,-2.695804410769903,3.041348763151747,0.2548795783875641,-0.045543170460165504,0.25,-0.14069412654652794
62.2,-0.14228589665537072,-2.693210331262226,3.0362832201871313,0.24933466083797662,-0.05215188736789653,0.25,-0.14069412654652794
62.3,-0.1675964896373789,-2.6905192087485794,3.031058614992837,0.24913625371946216,-0.0554204971085956,0.25,-0.14980287635302753
62.4,-0.19255842203604806,-2.687736899776784,3.02660756988234,0.2540061443876858,-0.03771442554358688,0.25,-0.14449231907767307
62.5,-0.21749996664786578,-2.684815885280577,3.022543430700029,0.24157839418574145,-0.03678819817910713,0.25,-0.14449231907767307
62.6,-0.24228996947432696,-2.6818084567624605,3.0191787448529923,0.24461659037609024,-0.03213001434726452,0.25,-0.14556325409359996
62.7,-0.26714872567402254,-2.678733720417398,3.0149211596697394,0.2427686882535364,-0.042193108843077864,0.25,-0.14556325409359996
62.8,-0.29238636808971924,-2.6754867151182236,3.010334577241632,0.2576972403602661,-0.045811407559756344,0.25,-0.14538497054734217
62.9,-0.3179048527274767,-2.6721499549438152,3.005191674577027,0.24899152047488307,-0.04335277031587278,0.25,-0.15510804430678624
63.0,-0.343615549544647,-2.6686183032368453,3.0009079905290457,0.2569496759573987,-0.03962889548539698,0.25,-0.15510804430678624
63.1,-0.36935960594524786,-2.66499301541381,2.996556848501668,0.2583469303996073,-0.03885268677123283,0.25,-0.16377518712562747
63.2,-0.3950333329284763,-2.661256586655197,2.9911304186788814,0.24808332550257453,-0.05894028855540015,0.25,-0.16377518712562747
63.3,-0.42029323076887753,-2.657384847217685,2.9846640803553823,0.2551240718074067,-0.06637764242763676,0.25,-0.17298802754388137
63.4,-0.445541617864022,-2.653344934033434,2.9772761238244536,0.24861352671433878,-0.06573239045862066,0.25,-0.18608579481062154
63.5,-0.462337911672236,-2.6505533325855484,2.972475566325924,0.25303901737035867,-0.0734921494735582,0.25,-0.18608579481062154
63.6,-0.4870271038528509,-2.6463037169406753,2.965036088425103,0.24606947666763132,-0.0645085775688851,0.25,-0.18697263733011063
63.7,-0.5116755217263664,-2.6418347931478694,2.9591550257010537,0.25623555571787604,-0.042877841552814495,0.25,-0.20176020529190597
63.8,-0.5359134349081501,-2.63725629765869,2.954558066781983,0.2503142596352525,-0.0483130863664764,0.25,-0.20176020529190597
63.9,-0.5609393166616818,-2.6324766033507454,2.948469417837683,0.26157596341846423,-0.06655491291823845,0.25,-0.19985377875200144
64.0,-0.5860679800778325,-2.627506997629662,2.9423340342381312,0.2413824999715017,-0.03856092603625822,0.25,-0.19985377875200144
64.1,-0.611283510064943,-2.6224105163931237,2.935156744977963,0.2505482070944527,-0.08145322792601375,0.25,-0.20650182855718419
64.2,-0.6367567113515854,-2.61708729920962,2.9271418400529687,0.2554440205886953,-0.08035184604011825,0.25,-0.22403713937320485
64.3,-0.6621298805845427,-2.611726451979078,2.9187269968906264,0.24607140259744,-0.09157935518300164,0.25,-0.22403713937320485
64.4,-0.6869508926361891,-2.6061612786045805,2.9098390584026577,0.2575281558084419,-0.08763029654153154,0.25,-0.22872547644421817
64.5,-0.711795378335619,-2.6002844031385606,2.8995920119320098,0.24954173654912112,-0.10965013180359734,0.25,-0.22872547644421817
64.6,-0.7366063677461313,-2.594078157005235,2.8892716702089714,0.2560032693499429,-0.1033996816352782,0.25,-0.23335417907037048
64.7,-0.761167636387737,-2.5876109057391994,2.8775213831158286,0.256123389241563,-0.10545193208827995,0.25,-0.22563867033773446
64.8,-0.7852962799996203,-2.581087976744192,2.8668399179395334,0.24246634142011264,-0.09236922420632909,0.25,-0.22563867033773446
64.9,-0.809748719048928,-2.5741512215730635,2.859108977599297,0.2404402746788111,-0.0669355707732194,0.25,-0.22342369196193174
65.0,-0.8342736065503474,-2.5669344313977045,2.8495943393642706,0.25918832772151895,-0.10206814536395446,0.25,-0.2220998568841965
65.1,-0.8586644974621576,-2.559481150936203,2.838003496899459,0.2392622909072281,-0.11666171453481615,0.25,-0.2220998568841965
65.2,-0.8749009141960142,-2.554289099316647,2.8294785962921423,0.242481872681238,-0.12800395511169052,0.25,-0.2151753737732826
65.3,-0.8993194449377653,-2.546365668844843,2.818456547231385,0.2636873015719861,-0.07260344231443074,0.25,-0.2151753737732826
65.4,-0.9235596490175504,-2.5381585670823674,2.8098548447615,0.24428748722085192,-0.09405000161384118,0.25,-0.21822016777890071
65.5,-0.947639109891225,-2.5299001429881285,2.8005475845698204,0.25370634884564425,-0.09210987347332468,0.25,-0.21822016777890071
65.6,-0.971680321520006,-2.5214310825555977,2.790935034120724,0.25028612841454695,-0.09656967454136975,0.25,-0.21456592357604476
65.7,-0.9955812159321106,-2.512677146832351,2.78247474091928,0.25202302008903743,-0.07875729182405725,0.25,-0.21708963440551116
65.8,-1.0193988643503,-2.503641186774505,2.7740052722499438,0.25148400812080635,-0.09711464749510013,0.25,-0.21708963440551116
65.9,-1.0434553497956394,-2.4942806539929094,2.7647996360048643,0.23960551099510866,-0.08011863004526536,0.25,-0.22529274720473835
66.0,-1.067215640830727,-2.4847706162042087,2.7536541091421487,0.25887264857825587,-0.1180731183791886,0.25,-0.22529274720473835
66.1,-1.0907136912469748,-2.4751166793915718,2.744969514123295,0.24244547363001784,-0.08329106295589649,0.25,-0.22500053134532805
66.2,-1.114250768872382,-2.4651558221208947,2.73581151169442,0.260033516678121,-0.10081166877338536,0.25,-0.22484591197907317
66.3,-1.1377146951391452,-2.4550648676195137,2.7255908054853095,0.2579512069837544,-0.10894130112357164,0.25,-0.22484591197907317
66.4,-1.1607994630536465,-2.444815919367388,2.7132701491356177,0.23924810095074392,-0.10195750568984753,0.25,-0.23077532155959082
66.5,-1.183518744356199,-2.434341372634499,2.702872971916677,0.24227924920960922,-0.10868961557118743,0.25,-0.22380040216787644
66.6,-1.206564777386526,-2.4234504316990524,2.6921233278923213,0.24908550276514482,-0.10023890354471145,0.25,-0.22459794103931646
66.7,-1.229503087483432,-2.412323799442477,2.6819094142572952,0.25026646826708826,-0.08998522528012196,0.25,-0.22459794103931646
66.8,-1.2447079401080654,-2.4048553892745064,2.6754734310915724,0.2553451206445233,-0.09202089610923644,0.25,-0.22459794103931646
66.9,-1.2674193037843005,-2.393324263144113,2.666416336011209,0.24765648123052963,-0.08562024739700808,0.25,-0.22688822197102568
67.0,-1.2905936759273515,-2.381483683199335,2.658051021995077,0.2573434745660791,-0.07732830109540563,0.25,-0.22760276634905843
67.1,-1.3140970810459704,-2.36941654095177,2.6502336398105126,0.26317686219389314,-0.0740255690176008,0.25,-0.22760276634905843
67.2,-1.337250556916026,-2.357267175834371,2.64197849238969,0.24475416482815351,-0.092742043312215,0.25,-0.2369606449318958
67.3,-1.3595973734374651,-2.3450312794080053,2.632336809842871,0.2588213712760464,-0.08946507374163393,0.25,-0.23910767283199863
67.4,-1.3819210210651682,-2.3324985778954264,2.6238161531930273,0.25748800228498075,-0.10204001577890025,0.25,-0.23910767283199863
67.5,-1.4034461624643242,-2.320075060742464,2.6141631343844978,0.23819826473628686,-0.11467480427378005,0.25,-0.23527187627864196
67.6,-1.4249970185573242,-2.3074684948399504,2.601861672251264,0.2540276166830652,-0.09935281443110465,0.25,-0.23527187627864196
67.7,-1.446086504349525,-2.294527334156785,2.5927058597936283,0.2384499854470605,-0.08527569727466543,0.25,-0.23733679259613433
67.8,-1.4676867145200465,-2.2814788818816716,2.5822612733813743,0.24665463338855975,-0.10621950247434134,0.25,-0.2279160144937743
67.9,-1.4892799156007976,-2.2682590081843412,2.571633412849483,0.2562134377744648,-0.10578692647877692,0.25,-0.2279160144937743
68.0,-1.510870743485564,-2.254411113717904,2.5614913364728955,0.25661605298508866,-0.09772586377028365,0.25,-0.21867082870596355
68.1,-1.5327270514592453,-2.2402063596936816,2.55273444792171,0.2611222588809754,-0.08411304151459005,0.25,-0.21867082870596355
68.2,-1.554660327345893,-2.2257568451412095,2.544245687510793,0.25707325576233503,-0.08373370178178505,0.25,-0.22308443630874264
68.3,-1.5762802828152152,-2.211106835838651,2.5352383628451607,0.25841938127341546,-0.09938326351643824,0.25,-0.22255328030112426
68.4,-1.5974433985230205,-2.1962814306291145,2.5236318969024456,0.25702328112812767,-0.11568075975285862,0.25,-0.23248124526426905
68.5,-1.6112546286716016,-2.18640607529491,2.5165232009258673,0.24399499237710515,-0.10779450814644236,0.25,-0.23248124526426905
68.6,-1.6315474733250168,-2.171818849767019,2.5060157154583034,0.24399345016040447,-0.09197419919328706,0.25,-0.23248124526426905
68.7,-1.6516480956140471,-2.1569444397446884,2.4958733905103965,0.24175774884648915,-0.09572022264882568,0.25,-0.22658883888447773
68.8,-1.671576241306642,-2.1418540799453414,2.485834263558062,0.2397553155973769,-0.11405792789837746,0.25,-0.23208590424860087
68.9,-1.6912118569584333,-2.1265305045554688,2.475358659799171,0.24374357173219538,-0.0947707634365468,0.25,-0.23208590424860087
69.0,-1.710892470003868,-2.1109433186560294,2.465161908091242,0.2587928504049953,-0.08247695194149113,0.25,-0.23039010032742668
69.1,-1.7310565200940722,-2.0945462938258865,2.456340857411064,0.2531831045892297,-0.09610014446631848,0.25,-0.23039010032742668
69.2,-1.751078948210174,-2.0780493736214534,2.446404535369434,0.25563755572850333,-0.09463685443480942,0.25,-0.22635273522010432
69.3,-1.770973488969462,-2.0613197117633963,2.436936754701049,0.25347645903960936,-0.09793207232172428,0.25,-0.23103304671280006
69.4,-1.7907335007847067,-2.044502501337437,2.4271470157054944,0.25902338329293007,-0.09863665610053723,0.25,-0.23103304671280006
69.5,-1.810542517691656,-2.0274667747404163,2.4175707172163636,0.2503823700321348,-0.09555102962511214,0.25,-0.23065180576300304
69.6,-1.8296284171924881,-2.010561391341538,2.407838142419731,0.2575111090100906,-0.1023049153571116,0.25,-0.23065180576300304
69.7,-1.8482175832039076,-1.9939225891712609,2.397439390245906,0.24198244677068426,-0.10242690985465891,0.25,-0.2363402651288609
69.8,-1.8666865780355997,-1.9773592295850209,2.3871411127344824,0.24208788714176416,-0.10380012877523917,0.25,-0.23768723774548836
69.9,-1.8849115515164663,-1.9602341101192486,2.3769881147355374,0.2484026261003449,-0.09936205996508166,0.25,-0.23768723774548836
70.0,-1.9028997146656805,-1.9429845878412175,2.367133670771323,0.2480327247584126,-0.10604595410980013,0.25,-0.22139588550317246
70.1,-1.9148685539018875,-1.9312384504870774,2.360989849411801,0.24585438495488776,-0.09378650533506191,0.25,-0.22139588550317246
70.2,-1.9330313801430892,-1.913152499713347,2.3519288556920124,0.2641866635889896,-0.07195637314706606,0.25,-0.22112379790987075
70.3,-1.9511426740122817,-1.8945869413135856,2.341514487218891,0.25967721486907464,-0.09062761892704556,0.25,-0.22112379790987075
70.4,-1.9690656383005845,-1.8756341431425618,2.3323659402490766,0.25799714728792544,-0.08468444414070016,0.25,-0.2132369711676713
70.5,-1.9868556423589294,-1.856596518118444,2.3235220853503793,0.2520571974021132,-0.09530689320117128,0.25,-0.2132369711676713
70.6,-2.0044732061274186,-1.8377205516754385,2.314409976922131,0.2562790222749341,-0.09636443400424743,0.25,-0.2266519436729708
70.7,-2.0217570099395252,-1.8188675831850514,2.3047157253988018,0.2467966068980213,-0.09887345103092374,0.25,-0.2266519436729708
70.8,-2.0388947488311975,-1.7998738676020833,2.2947758865419723,0.25411684975607335,-0.09806909788885479,0.25,-0.22053251799154225
70.9,-2.0556191308737035,-1.7809646029517552,2.285502669544776,0.24045414110987126,-0.08393926207651711,0.25,-0.2200110755847534
71.0,-2.0720240746836827,-1.762186943694306,2.2769232369014314,0.2398266321256708,-0.08869747669193107,0.25,-0.2200110755847534
71.1,-2.0883115109543873,-1.74331612943886,2.267898813550721,0.2479266234725386,-0.08754759749267395,0.25,-0.22654069673001814
71.2,-2.104553059571452,-1.723793189777351,2.258387941878291,0.2384929464250136,-0.08813560851786008,0.25,-0.22654069673001814
71.3,-2.1207568560348435,-1.7040419038864818,2.251104270063304,0.25097748774820156,-0.08912782407895656,0.25,-0.22761025389479653
71.4,-2.1368367939908492,-1.684022220032911,2.2433300358915136,0.24946554035060536,-0.0897222184225838,0.25,-0.23220244291585057
71.5,-2.1529452859155565,-1.6634721406592963,2.2331036827456474,0.25554057292462506,-0.09220436269085264,0.25,-0.23075688509368897
71.6,-2.168737570106115,-1.6424647281005866,2.2243111786498235,0.24960932253560902,-0.09045379622919708,0.25,-0.23075688509368897
71.7,-2.184249794069742,-1.622032306865731,2.214310664613003,0.25655554332285796,-0.1043018888475869,0.25,-0.23250253999773463
71.8,-2.194508576973353,-1.6084048996109275,2.2078573534241284,0.2585458063219188,-0.0997388970865146,0.25,-0.23250253999773463
71.9,-2.2096409850938263,-1.5878348461192462,2.197579048232381,0.24868323609808152,-0.10738927008263567,0.25,-0.23367586587112416
72.0,-2.224617212234993,-1.567118190193789,2.1873334774403808,0.251774253674832,-0.09972509016123525,0.25,-0.23367586587112416
72.1,-2.239274962408913,-1.5464218997182166,2.1770620982782543,0.24840578257799817,-0.08812245404075827,0.25,-0.23317348130203405
72.2,-2.2535988663121556,-1.5261798076284252,2.1682646194879496,0.25921128095232604,-0.0905964751490282,0.25,-0.23317348130203405
72.3,-2.267880784020954,-1.5050673977515452,2.1583703464908237,0.2432658100515974,-0.10418814758471655,0.25,-0.2399780132177708
72.4,-2.2819612044911493,-1.4837757850423958,2.1484929756172164,0.23758226824967482,-0.10177779242257519,0.25,-0.24061081584694546
72.5,-2.2958829882438034,-1.4623529786854914,2.141100333928244,0.2615131347964786,-0.09431784887447041,0.25,-0.24061081584694546
72.6,-2.309625756707144,-1.4408660826857844,2.1314760956876007,0.2463945540171488,-0.113392396850346,0.25,-0.22393261355660854
72.7,-2.323211385830703,-1.4190474781484044,2.121356167847466,0.24670768147284453,-0.0801863620525872,0.25,-0.22393261355660854
72.8,-2.3365139351599655,-1.397310280391204,2.1128885746159933,0.24743008023045535,-0.0929900493647615,0.25,-0.24324382112904702
72.9,-2.34964387957768,-1.3754420159086107,2.1033362044623436,0.2514860389695002,-0.08748841285524428,0.25,-0.22329108409595405
73.0,-2.362578568519758,-1.3534006243779062,2.094647131762324,0.252093639255703,-0.08251888822418303,0.25,-0.22329108409595405
73.1,-2.3753504597487654,-1.3312572759254468,2.0849383634660943,0.2568463243454804,-0.10115717613523796,0.25,-0.22273358873504787
73.2,-2.3879057333247506,-1.308981982989911,2.075071841529064,0.2534464695264544,-0.10070050651457729,0.25,-0.22667354817118085
73.3,-2.4003806130006677,-1.286255025010277,2.065032246092717,0.2483519924460457,-0.099754861753597,0.25,-0.22667354817118085
73.4,-2.4084171861655097,-1.2711410995542325,2.059327246549762,0.2569869088658633,-0.07709760394412442,0.25,-0.22667354817118085
73.5,-2.4203030459185033,-1.2486469275694854,2.051473189485226,0.2422726620750333,-0.0775643128992526,0.25,-0.2272494137636811
73.6,-2.432046174960316,-1.2258674386029238,2.0431320850176875,0.2503122847731722,-0.0891342264505174,0.25,-0.23103456235067518
73.7,-2.4436300225859546,-1.2031323188737808,2.0342361535491738,0.24558908594436038,-0.08928829653577773,0.25,-0.23103456235067518
73.8,-2.4547787000370564,-1.180724753936043,2.0242318851941263,0.24642658974865414,-0.1059405875951815,0.25,-0.23429721409146634
73.9,-2.4656370125085445,-1.1580704812976086,2.0117005459836506,0.24960247427296925,-0.11144613526539454,0.25,-0.23429721409146634
74.0,-2.4764890880282002,-1.1348830881141712,2.003201409705555,0.2496497909344787,-0.07446601234467336,0.25,-0.2381839088383877
74.1,-2.4871151840515138,-1.1115938491670905,1.995245366236713,0.2512085114995326,-0.07976749777046058,0.25,-0.23652676908090303
74.2,-2.4975298504528514,-1.088261187355163,1.9873191319378951,0.2553856435014312,-0.0777903227085477,0.25,-0.23652676908090303
74.3,-2.507926761162263,-1.064637862214303,1.9776465628843232,0.2561858524165032,-0.09697103358744505,0.25,-0.23376372079232438
74.4,-2.518106880797807,-1.0407736515468757,1.9672815353123125,0.2597880683334458,-0.10780410938612991,0.25,-0.23376372079232438
74.5,-2.528213878164169,-1.0166694655901958,1.956534641064925,0.25987757123744587,-0.0984787280728271,0.25,-0.23647367374859418
74.6,-2.5378102085767376,-0.9928714662086222,1.9469319639038314,0.2376769534408,-0.09299583226563658,0.25,-0.24288545199920772
74.7,-2.547062103008503,-0.9690366651094835,1.9386546166354615,0.2348107188796729,-0.08605308866520142,0.25,-0.24288545199920772
74.8,-2.5560533694330525,-0.9456489107373657,1.9298390991818621,0.23931786774175492,-0.1044101544203803,0.25,-0.23963346312637634
74.9,-2.564820978353096,-0.9223139053327545,1.9188481407108748,0.2550739096945815,-0.1075671258387808,0.25,-0.24694959298254932
75.0,-2.5732215497464086,-0.8987559818020668,1.9079910204472106,0.23675231969133378,-0.07600975701593243,0.25,-0.24694959298254932
75.1,-2.578759218248912,-0.8830629024711629,1.9018016569313019,0.25751047796721865,-0.09983834407490018,0.25,-0.24466329512550722
75.2,-2.5869726839633693,-0.8590300912075217,1.8917615534825782,0.2507992063469457,-0.07133718394387667,0.25,-0.24466329512550722
75.3,-2.594965872729659,-0.8347226863989914,1.884318892583829,0.2549256391736555,-0.07717489115257498,0.25,-0.22748064290324793
75.4,-2.602887654469345,-0.8096507575982234,1.8778353698547543,0.26065525850407656,-0.054252543700366467,0.25,-0.22748064290324793
75.5,-2.6106996562067395,-0.7844693270231462,1.8712439276021322,0.2632681406419583,-0.0805619333947085,0.25,-0.2287442932216984
75.6,-2.61831394089263,-0.7594431608610008,1.862063733574759,0.2541618817608269,-0.09957609183541018,0.25,-0.2287442932216984
75.7,-2.6256926388951927,-0.7344849139832699,1.8513040889255268,0.24440814779954828,-0.11738491936615154,0.25,-0.2309745710943094
75.8,-2.632795446726764,-0.7097848522993432,1.8397160405739603,0.25858839863138705,-0.09280334026256783,0.25,-0.2359517107828691
75.9,-2.6394797919911634,-0.6859324754312627,1.8329540484696516,0.25061744096373406,-0.06130161945250666,0.25,-0.2359517107828691
76.0,-2.6459315228817544,-0.6620865770824086,1.8256016166962803,0.2373388254829183,-0.07699184539691173,0.25,-0.23315556407172772
76.1,-2.6521593124191467,-0.6379623271503454,1.8170839651673425,0.23859524232727167,-0.09368039549912348,0.25,-0.23315556407172772
76.2,-2.6582232136675907,-0.6138404845714867,1.8070422291673174,0.24732289275358152,-0.12318872824546248,0.25,-0.24884051056961817
76.3,-2.6640051851433837,-0.5895696504922134,1.7950709566102383,0.2488747140706844,-0.1283671190802795,0.25,-0.2431132915594094
76.4,-2.6694662640056386,-0.564506635481629,1.783896775764201,0.26308440256289484,-0.05876552316150681,0.25,-0.2431132915594094
76.5,-2.6749084393793714,-0.5383460211666418,1.7787308222858766,0.266785772453564,-0.04709391317735989,0.25,-0.2443458951896847
76.6,-2.6802460017024785,-0.511935855461996,1.7743748928307665,0.26709367485882995,-0.036165823000802684,0.25,-0.24879892343365262
76.7,-2.6837223900028295,-0.4943842898005617,1.7712236954274316,0.2668338354324305,-0.044927303533880504,0.25,-0.24879892343365262
76.8,-2.6889163968648364,-0.4681436150790659,1.7657553019648469,0.2549477204075995,-0.061283858570596525,0.25,-0.2569836649160496
76.9,-2.69395081680084,-0.4424977422987253,1.757711220213322,0.2542657762565768,-0.11969967189576178,0.25,-0.2569836649160496
77.0,-2.698741194844961,-0.417494534598622,1.7447192426037597,0.24994753170138087,-0.13516404585305952,0.25,-0.2751462233169444
77.1,-2.702882891290188,-0.3928948785026651,1.729944422493679,0.23226861853361627,-0.11857939838162689,0.25,-0.2751462233169444
77.2,-2.706765072040789,-0.36866019335267947,1.7217301568208514,0.2327807808824291,-0.049859877739281216,0.25,-0.2659275036707259
77.3,-2.710533594654443,-0.3448006803498426,1.7167374022650403,0.2358562051544476,-0.06632746543302023,0.25,-0.2674291052627832
77.4,-2.714179950217385,-0.32107389946464776,1.7119507935761074,0.24700693166232807,-0.04895100998639687,0.25,-0.2674291052627832
77.5,-2.7177011965375106,-0.2961187070678513,1.7060578561074489,0.23499941666384877,-0.07217623154067414,0.25,-0.2736861051440418
77.6,-2.721185201057709,-0.2705786664420562,1.695257995263047,0.2625079486029628,-0.14133052354080008,0.25,-0.2736861051440418
77.7,-2.724290844200328,-0.2445974212889861,1.6838362821069155,0.26495899654568467,-0.09617307676223057,0.25,-0.27584112019172347
77.8,-2.727156170112337,-0.2179530185542357,1.6772650753643543,0.25583991371705683,-0.05208537669556763,0.25,-0.27435346676995137
77.9,-2.7298871936181794,-0.1911678181951045,1.6726939784753725,0.25497160856784806,-0.05312570133102613,0.25,-0.27435346676995137
78.0,-2.7325894542188194,-0.1657129410978486,1.6629887304688669,0.2521827548980162,-0.13597607253524252,0.25,-0.2746056323743101
78.1,-2.7347838065071324,-0.14028598694174915,1.6492719971582916,0.24518623148184357,-0.14048651295397369,0.25,-0.2746056323743101
78.2,-2.736765914092401,-0.11486487932956263,1.6337212235778016,0.2570542288120335,-0.1594968148073559,0.25,-0.294025153210549
78.3,-2.738265659910458,-0.08989992652681228,1.6197584849272753,0.25051869277942634,-0.09108221995303176,0.25,-0.2697977851284267
78.4,-2.7390038317840246,-0.0732751249988401,1.6138831472264097,0.23635794397800403,-0.07817469923997075,0.25,-0.2697977851284267
78.5,-2.74005274940463,-0.048173093709745166,1.6048212566859015,0.2658739123489488,-0.09385701709627413,0.25,-0.26567129236207243
78.6,-2.7408357677329755,-0.022734870117177022,1.5924476097798879,0.258822088742825,-0.14838915909512548,0.25,-0.26303482953925056
78.7,-2.7412411957059115,0.0027232143098705874,1.5791312831894297,0.2627029160919793,-0.12049432604571175,0.25,-0.26303482953925056
78.8,-2.741324595257656,0.02836750493718039,1.5715860042775576,0.24475323451723308,-0.08534008229461411,0.25,-0.27348638201272735
78.9,-2.7413549131627977,0.05440769550206981,1.5600541501589131,0.24493727127098638,-0.10677518541822277,0.25,-0.27348638201272735
79.0,-2.741036174279081,0.08011291532444136,1.548771384537504,0.2577559298173298,-0.11822982911275684,0.25,-0.2669786563327019
79.1,-2.7407868492961818,0.10558730207582755,1.5366601237380686,0.242600679252972,-0.12013308976120714,0.25,-0.27481514569242715
79.2,-2.7402476245599448,0.13111066815550315,1.5238393765416307,0.2589590057886993,-0.13074215445438006,0.25,-0.27481514569242715
79.3,-2.7390650245045434,0.15661831370276996,1.5106689285234323,0.2575749475434927,-0.13023809071624196,0.25,-0.26480033445568035
79.4,-2.7372655540691766,0.1820384943909033,1.4974635867353834,0.2501749939087243,-0.14363999350241827,0.25,-0.26480033445568035
79.5,-2.7352811125073417,0.2073968873807299,1.483701680873698,0.237985570301346,-0.11356902251835127,0.25,-0.2531073709960781
79.6,-2.7330090123212143,0.23275519497192915,1.4754509972486707,0.2578788993145019,-0.08072725419203637,0.25,-0.24084985906585504
79.7,-2.7305579740652184,0.2581186373661365,1.4690086420316604,0.2636817842779542,-0.0552594286313185,0.25,-0.24084985906585504
79.8,-2.7280047123316806,0.28338487332450696,1.4654462634337555,0.24001406289556748,-0.07023784707055304,0.25,-0.23522883767413894
79.9,-2.7252384646550905,0.3087021239779798,1.4559972774099912,0.2602224068205787,-0.10444111446635441,0.25,-0.2556222660708842
80.0,-2.7232151872744366,0.3256452589305557,1.4484848526446776,0.24950946933155346,-0.1278462928262271,0.25,-0.2556222660708842
80.1,-2.7199561583092806,0.3505194789478236,1.43426178227156,0.24448298050221046,-0.1333243590383806,0.25,-0.26070368465414495
80.2,-2.716430965597236,0.37570418082516416,1.4228652953339116,0.24665473843301292,-0.11776062086604165,0.25,-0.26070368465414495
80.3,-2.713004130069781,0.4008498921709376,1.4099050129108954,0.25703241343738636,-0.11739244529124629,0.25,-0.2552457522133349
80.4,-2.7090421769096813,0.4260639649741485,1.398164265187623,0.2592921455830392,-0.11216810832592407,0.25,-0.2552457522133349
80.5,-2.704773719580965,0.45113371502696203,1.3866151166178506,0.25096333857522296,-0.10052735778301428,0.25,-0.23511485124550696
80.6,-2.699928750513811,0.47673421177827124,1.378015313390497,0.24178621516438617,-0.07378122025226194,0.25,-0.2315482092770732
80.7,-2.694865234585177,0.5023577041332131,1.368497060134292,0.24421864517295838,-0.09788832899681162,0.25,-0.2315482092770732
80.8,-2.689662926451474,0.5273844054755672,1.3595770804264804,0.25334103913852557,-0.07805921453100777,0.25,-0.22546054864186724
80.9,-2.6842131895243635,0.5523562487906366,1.3518820978621753,0.23794812129158516,-0.06993895448972112,0.25,-0.2307885331728632
81.0,-2.6786818387653626,0.5770828512299734,1.345684005595818,0.23643688266767518,-0.054266439042484904,0.25,-0.2307885331728632
81.1,-2.6730228449597973,0.601113941882834,1.338600984080258,0.24081904126431253,-0.062017749633876615,0.25,-0.2280083838459576
81.2,-2.667199603342553,0.6248224788823951,1.3326561681922937,0.23703964038670422,-0.05864526737313381,0.25,-0.2280083838459576
81.3,-2.661204579008803,0.6489124245575493,1.3254980964713172,0.24523984172480837,-0.09338342561153085,0.25,-0.23236461709213527
81.4,-2.654945154091456,0.6736580821597442,1.3147552369055815,0.2535204488223693,-0.11309868093364828,0.25,-0.24067326193413416
81.5,-2.64888545132637,0.6982281141577581,1.3027387455348036,0.24580146307318768,-0.12042130950001825,0.25,-0.23994286984091068
81.6,-2.6421815487646105,0.723139468487167,1.2920966035888013,0.25688700219363236,-0.07087029720428951,0.25,-0.23994286984091068
81.7,-2.637450460872996,0.7401958610530504,1.2875934159686302,0.2525066766970685,-0.06256128019754138,0.25,-0.23994286984091068
81.8,-2.6301780519941924,0.7658119315678635,1.2811965119094495,0.2643596917311119,-0.06919102464466069,0.25,-0.25190152638716734
81.9,-2.6227588653432554,0.7915242852469122,1.2744691748611605,0.25729633762419646,-0.0679936955829831,0.25,-0.24373286830990368
82.0,-2.6152790008433167,0.8165461683814375,1.267037466269233,0.25440065707096693,-0.09328473483454403,0.25,-0.24373286830990368
82.1,-2.6080526690764283,0.8406435221751948,1.2560349115574192,0.249081678035361,-0.11212353692490323,0.25,-0.246552388013752
82.2,-2.6002243341866262,0.864249403162007,1.244977814660998,0.23673080414806155,-0.11865184940535065,0.25,-0.24858138516298411
82.3,-2.592080678904448,0.8878239787466674,1.231254455299005,0.23838852580038788,-0.13793078686320748,0.25,-0.24858138516298411
82.4,-2.5836290466644853,0.9113542077583302,1.217837858560432,0.2435418477063769,-0.10517642463175841,0.25,-0.24932283231015945
82.5,-2.5750326622634203,0.9346313573500958,1.207629166057474,0.24653582285763284,-0.10956828483769851,0.25,-0.24932283231015945
82.6,-2.566049609446981,0.958350889837694,1.1962712650581608,0.2479801196809297,-0.10526072929965323,0.25,-0.23353715512353926
82.7,-2.5566450411449657,0.9826004667851196,1.186451527488312,0.26035571984328654,-0.09059374485160882,0.25,-0.2476966306002244
82.8,-2.546802288843311,1.0070902631714804,1.1773507673074408,0.26085650893157136,-0.07135113468903545,0.25,-0.2476966306002244
82.9,-2.5368768407428153,1.031667409672202,1.1693374167281259,0.24964460315829928,-0.08803781410092477,0.25,-0.24148475705497285
83.0,-2.526713329159679,1.056148389435017,1.1616014983727054,0.26253988018126273,-0.06942126527122154,0.25,-0.24148475705497285
83.1,-2.5162853012609254,1.0802410207016302,1.1533592682608655,0.24593792172548176,-0.09512349491924903,0.25,-0.22897645035416428
83.2,-2.5059681379337713,1.1032960297639363,1.1432180185010892,0.24933201299111782,-0.11081179794705551,0.25,-0.2280468366199519
83.3,-2.4990970173141513,1.1184509567191152,1.1358413264167329,0.2509647646605725,-0.09939195788483529,0.25,-0.2280468366199519
83.4,-2.4886029806925474,1.1410738134520404,1.1259280107174023,0.2489735786382545,-0.0916296026050795,0.25,-0.22785606378935672
83.5,-2.477804693109772,1.163530953782903,1.1176602780309977,0.23882046573836266,-0.08966323213421051,0.25,-0.22785606378935672
83.6,-2.4668312292885455,1.1857868102034925,1.109208018487604,0.2531596183541265,-0.08397436228770658,0.25,-0.2284029544168126
83.7,-2.455505188347295,1.2081320473876007,1.0990170962866832,0.25033623424512985,-0.1082932316318852,0.25,-0.22850369920595895
83.8,-2.4436590446792965,1.2310662800274152,1.0870039652856605,0.2513350525277519,-0.13391764964442707,0.25,-0.22850369920595895
83.9,-2.4317697923454666,1.2539608192909395,1.0752646773058072,0.25000135625202086,-0.1117371180745466,0.25,-0.2251352381367571
84.0,-2.419627228968995,1.276687281714724,1.0642530124153136,0.24654818447820312,-0.10481702467688005,0.25,-0.2251352381367571
84.1,-2.406961256346695,1.2994545541649842,1.0549104218069711,0.25864897911226276,-0.08766202112358915,0.25,-0.22604178047066
84.2,-2.39421901103846,1.3219837034965318,1.0460771618893048,0.2561482896222976,-0.07906447448267989,0.25,-0.22002578152271912
84.3,-2.3813440567930675,1.3439908359339998,1.0380195387737259,0.2466951873147587,-0.07830602141299581,0.25,-0.22002578152271912
84.4,-2.3683568790232323,1.3658294158970943,1.0296457556177656,0.25594356850144306,-0.09359227003346848,0.25,-0.2243364529831552
84.5,-2.3558030624702693,1.3873079541210074,1.0196191365965757,0.2443533644252032,-0.10678225189731941,0.25,-0.22393749446016542
84.6,-2.3427463469188745,1.408604450919059,1.0099536719279938,0.2398118397681692,-0.08191168624934532,0.25,-0.22393749446016542
84.7,-2.3294922975514365,1.4297517254139003,1.0012088486309758,0.25412540474992334,-0.09458154283945473,0.25,-0.2246426302954217
84.8,-2.315674932511677,1.4511705207285872,0.9912742221380206,0.23909322627789892,-0.10581091313163249,0.25,-0.21664500026018352
84.9,-2.3017259294270414,1.4725466537424234,0.9834711806300812,0.25726127862853854,-0.08160320037816982,0.25,-0.21664500026018352
85.0,-2.2921080196113923,1.4869131107377873,0.9778746429787532,0.26200862642147915,-0.10354537869779935,0.25,-0.22020871194479955
85.1,-2.277482509201293,1.5083068328877456,0.966683541430151,0.25213485792217927,-0.1046445655525206,0.25,-0.22020871194479955
85.2,-2.262633064471759,1.5295648939753468,0.9561639778530613,0.2586730904962334,-0.09990138711313064,0.25,-0.22046016239171978
85.3,-2.247888144577215,1.5503909128275504,0.9469881678874658,0.2512721422549161,-0.08490974142114033,0.25,-0.22046016239171978
85.4,-2.2329208328801196,1.5710370167113323,0.9382974503100792,0.24936029659809925,-0.08389077800446929,0.25,-0.23029783271793733
85.5,-2.217788155284199,1.5916357189011594,0.9292731169295707,0.2555930699233877,-0.08712553858054557,0.25,-0.21773823731834624
85.6,-2.202456061052025,1.6120572584120494,0.9206771057030961,0.24870723745400444,-0.0817127903741213,0.25,-0.21773823731834624
85.7,-2.1873584878931496,1.6320441843905598,0.9116003849285398,0.24709020588380273,-0.09785857949516302,0.25,-0.21380516029736493
85.8,-2.1720614938974157,1.6519499061064347,0.902178519497399,0.2430507048598745,-0.08622445872005874,0.25,-0.21380516029736493
85.9,-2.156127280709628,1.6719129608896304,0.8920729456567641,0.24052332847961308,-0.09302596469483869,0.25,-0.21034603520689626
86.0,-2.1400982244694435,1.6917743421796276,0.8823907631015342,0.2586405697391017,-0.092149263616685,0.25,-0.210163819514561
86.1,-2.123832070889468,1.7114387721951303,0.8724000559688895,0.23986079196082963,-0.07861829369059821,0.25,-0.210163819514561
86.2,-2.107377690869815,1.7310295279079138,0.8646193940338576,0.2623515576902185,-0.09285525040684037,0.25,-0.2110032983960552
86.3,-2.0905224178311856,1.7505823475125555,0.8555260778647752,0.25078077416753913,-0.09145047671291351,0.25,-0.2110032983960552
86.4,-2.0737388754794375,1.7697946685278183,0.8464281072880089,0.25169897766233856,-0.08790653935197991,0.25,-0.20737378006049573
86.5,-2.056791760534658,1.7888774015892415,0.8377993659082442,0.2560023866116683,-0.08103789174889711,0.25,-0.20696211237460582
86.6,-2.045403033430292,1.8015093682876426,0.8319404723219729,0.2540393127295959,-0.09181002563390318,0.25,-0.20696211237460582
86.7,-2.0281640025678924,1.8203456419415274,0.8235351145001389,0.25052862947367804,-0.08242279980088137,0.25,-0.21502378807103134
86.8,-2.0107302612514384,1.8389913261337,0.8148773612660416,0.25463090629296237,-0.08746651608289648,0.25,-0.21502378807103134
86.9,-1.9930381244339554,1.8576843309717788,0.8050951162871982,0.23970960896929924,-0.10369643612304717,0.25,-0.2131376190671209
87.0,-1.9753191034016884,1.8760303472271793,0.7971087031979982,0.2515615908659751,-0.07955933343204351,0.25,-0.21506799181141245
87.1,-1.9574281456271965,1.8942445681461904,0.7873004312202642,0.25812887100379545,-0.11515965783358327,0.25,-0.21506799181141245
87.2,-1.939412035712176,1.912239008335345,0.7771232091440935,0.24008169673717802,-0.0957945907883908,0.25,-0.21647833455546645
87.3,-1.9210969469030788,1.930140924290856,0.7664545630076903,0.23954166149680517,-0.06428633398680675,0.25,-0.21647833455546645
87.4,-1.903033292542586,1.9474819460593222,0.7573475997994896,0.2557558770033028,-0.09394086819997571,0.25,-0.21253815799969894
87.5,-1.8845876413311111,1.9648351304665843,0.7481349836997854,0.2527394221026926,-0.08616540593549848,0.25,-0.22359233786627614
87.6,-1.8659223127555182,1.982138901283793,0.7388401368304719,0.24839880136381254,-0.0906932913356043,0.25,-0.22359233786627614
87.7,-1.847061381241268,1.9992658450302565,0.7296978770952619,0.255840108986912,-0.09167356340339444,0.25,-0.22174043646924954
87.8,-1.8279953585937647,2.01624324962383,0.7206562946137784,0.2524828757954385,-0.08366703913191427,0.25,-0.22174043646924954
87.9,-1.808551165865941,2.0331729115500456,0.7113508092724923,0.2603614811449341,-0.1001135103595845,0.25,-0.22294404765585402
88.0,-1.7888083356038453,2.0502744066004537,0.7012487577343272,0.25763737137125575,-0.09915030095560376,0.25,-0.22088279889809614
88.1,-1.768937967170454,2.0671426623495908,0.6912537026978853,0.2436973912412268,-0.10103945528363963,0.25,-0.22144162411193505
88.2,-1.7493734730627573,2.0833256103885573,0.6812766283271096,0.24386215475884399,-0.09670689377319279,0.25,-0.22144162411193505
88.3,-1.7363535244760737,2.094012942751262,0.6746844072834219,0.24737845307003153,-0.09828530720010634,0.25,-0.22144162411193505
88.4,-1.716471482783498,2.109809141341025,0.6648316193355928,0.2482598113371925,-0.09019792528042311,0.25,-0.21620015661137287
88.5,-1.6967645611332602,2.1251600825001677,0.6552704237233351,0.24442581971421926,-0.09799155091715,0.25,-0.21800784449909139
88.6,-1.6768682914845467,2.1403073404941626,0.6443922512104255,0.2487314414494202,-0.1057596295774086,0.25,-0.21800784449909139
88.7,-1.6566066636415229,2.1554358596317487,0.634279523191916,0.2505656772149133,-0.08745630229749059,0.25,-0.2147485983603995
88.8,-1.6361394887198037,2.170503107796933,0.6258592439370327,0.24918300308052438,-0.07975215911282871,0.25,-0.2121782572302151
88.9,-1.6154954493396805,2.185368903593277,0.6178911900859752,0.250088319483952,-0.0870418851849814,0.25,-0.2121782572302151
89.0,-1.5943955442436288,2.2002491317307866,0.6093346980109614,0.25780956523356724,-0.08590886912201816,0.25,-0.20704665779539586
89.1,-1.5730452801750634,2.215120290667556,0.6003315271799033,0.2470081034147469,-0.08651659337963584,0.25,-0.20704665779539586
89.2,-1.5515956065380723,2.2297857217166417,0.5908662382217877,0.24772251322223915,-0.11336637142415237,0.25,-0.3076143569277842
89.3,-1.529870135726348,2.2441450021700793,0.5778779385917598,0.232856266432688,-0.13107910553067495,0.25,-0.3127399819385597
89.4,-1.5084781862280638,2.257990947676075,0.5620603943713932,0.2559941005813968,-0.1454048521418004,0.25,-0.3127399819385597
89.5,-1.487197461168781,2.2711846220006406,0.550033649649089,0.2426027112896637,-0.0899863809814214,0.25,-0.2220738528604334
89.6,-1.465944079419216,2.2842428887941053,0.5407754093367317,0.239135076982246,-0.08209093221849177,0.25,-0.2220738528604334
89.7,-1.4444042902892946,2.297099909547635,0.5317647437027903,0.2468791735506578,-0.09248072980731406,0.25,-0.1953007062688824
89.8,-1.4227718011530255,2.3097844133102705,0.5234914674231339,0.24434934404239833,-0.07453626035848152,0.25,-0.19327456256022374
89.9,-1.4082720813064844,2.318157071928271,0.517222667938218,0.24691809404852258,-0.10937965197089852,0.25,-0.19327456256022374
90.0,-1.3860414899790794,2.330689194248687,0.5092959169553182,0.2525293665585252,-0.0582023759365607,0.25,-0.16220483808914646
90.1,-1.363127470190948,2.3431946683814275,0.5036944566853389,0.2465286042183351,-0.055887896580676895,0.25,-0.16220483808914646
90.2,-1.3403132295943785,2.3556355753333897,0.49759707759256383,0.2481218736568875,-0.06949153834356775,0.25,-0.18160665342671478
90.3,-1.317483277100298,2.3680027301516926,0.49083579554237206,0.2557594147797688,-0.07436052513585957,0.25,-0.18178930629642306
90.4,-1.2945649811195477,2.3801805539486134,0.4834203115564334,0.2510165374903162,-0.07673090380244552,0.25,-0.18178930629642306
90.5,-1.2717190212640521,2.392173851369567,0.47506148721942526,0.24979491242545676,-0.08159972832296597,0.25,-0.1813887945923201
90.6,-1.2494786146502348,2.4036892477813114,0.4682378342067707,0.240608542821462,-0.05728271511688862,0.25,-0.1972111777807583
90.7,-1.227606822746285,2.4150675281793546,0.4618520644301553,0.24074802592583563,-0.0613874710271174,0.25,-0.1972111777807583
90.8,-1.205443310915464,2.4262373352496933,0.45533777968998046,0.2397977654313238,-0.06440053115581078,0.25,-0.18542958911368418
90.9,-1.1829403464621855,2.437209563810362,0.4465352573155843,0.2533150004349283,-0.08032071452104189,0.25,-0.18542958911368418
91.0,-1.1602834416865953,2.4479952590191605,0.43840076936824846,0.25473735010763165,-0.06865991063341055,0.25,-0.1781541836847088
91.1,-1.137205213063787,2.458758671661647,0.4310005517117076,0.2526187520433336,-0.06406298248313919,0.25,-0.19244010191682126
91.2,-1.1132943912784217,2.4694725636198593,0.42463982423377905,0.2526755973908476,-0.06037057730491286,0.25,-0.19244010191682126
91.3,-1.089241826936494,2.4800244824492523,0.4186879816528691,0.25265814830806393,-0.05995162658906965,0.25,-0.19028161622463663
91.4,-1.0651362857666697,2.4904905628483114,0.41285734049786976,0.2537452769198444,-0.058510468671490554,0.25,-0.19067339031321567
91.5,-1.0410381280054801,2.5008574733107114,0.4068326686482244,0.25146019371040323,-0.07164022699871926,0.25,-0.19067339031321567
91.6,-1.0253520740373503,2.507665192406109,0.4019280285889818,0.2565998371960608,-0.08405594541745591,0.25,-0.19190261947643666
91.7,-1.0018260955685627,2.5175575716255043,0.39292896885828343,0.2477575834438285,-0.08920991524331734,0.25,-0.19190261947643666
91.8,-0.9785060059346601,2.5272303627006827,0.3848674715016656,0.24152238680767263,-0.06325162159526092,0.25,-0.19634203639148298
91.9,-0.955543835444488,2.536637748237499,0.378581689577444,0.240389904312517,-0.06188689724026402,0.25,-0.19634203639148298
92.0,-0.9324119372841009,2.5459098906293143,0.3723485884720821,0.25263216579522324,-0.058874957656994596,0.25,-0.19454613798219683
92.1,-0.9093259393656705,2.555058512123639,0.36620582946043395,0.24283571244185437,-0.06921256682947108,0.25,-0.19858246648634875
92.2,-0.8855391475610117,2.5640812638706283,0.3587937966926355,0.26158988502775,-0.07775394410964921,0.25,-0.19858246648634875
92.3,-0.8615112489394638,2.5729834730901366,0.3494067654934146,0.24508897573200897,-0.0947438623422126,0.25,-0.22131276023929686
92.4,-0.8368985969203766,2.5817503036660723,0.3407953780234798,0.2619024003779597,-0.06327711258153212,0.25,-0.22131276023929686
92.5,-0.8118870688486025,2.590324057049091,0.33455227429493717,0.2606521904246232,-0.06205200507294046,0.25,-0.22799202310387684
92.6,-0.7867403746549123,2.5987374301731325,0.3284060258224439,0.2509573724790322,-0.07153016756296446,0.25,-0.2265217325136806
92.7,-0.7625190156916049,2.6069586759727916,0.31801210541460095,0.2565313611128417,-0.1088233292366582,0.25,-0.2265217325136806
92.8,-0.7382098921482859,2.6149459045319117,0.30730292813936166,0.24426023214331655,-0.10131990057615275,0.25,-0.23350420880584827
92.9,-0.7138649253498733,2.622636830142437,0.29609854914388534,0.2457782143800664,-0.11581513356923223,0.25,-0.23350420880584827
93.0,-0.6898872759224076,2.6299258588455205,0.28607377862939176,0.23650557456612253,-0.06883237475592308,0.25,-0.23542223502921464
93.1,-0.6664111301118391,2.636999583974852,0.279935922338157,0.2375095446833544,-0.05845226530329721,0.25,-0.23736970067244323
93.2,-0.6504748088317648,2.6416676022937233,0.2755696041059039,0.25598242614002104,-0.06367015555239301,0.25,-0.23736970067244323
93.3,-0.625902682694764,2.6486053627608332,0.2683826424666186,0.24504842627247747,-0.07114906166695957,0.25,-0.23415833859825352
93.4,-0.6012861519297129,2.6553520957752053,0.2615543984608222,0.2636555412448312,-0.05758528481121409,0.25,-0.23415833859825352
93.5,-0.5766689666213403,2.6618895809413354,0.2523286322774458,0.24981246020577727,-0.11343248640580456,0.25,-0.2346652214183046
93.6,-0.5513938290513877,2.668208957003958,0.24019030145333703,0.262831609215941,-0.07706154898065964,0.25,-0.2346652214183046
93.7,-0.5257250764728797,2.6742979698991802,0.23380276518337342,0.25606836720291726,-0.07312896971656052,0.25,-0.23095332233063673
93.8,-0.500961473427702,2.6802278805955724,0.22559956534684247,0.25049447941525993,-0.09817465492124625,0.25,-0.22575890734469
93.9,-0.47609442300428395,2.6858577741153145,0.2148207472065266,0.2533278386364268,-0.10783672896513342,0.25,-0.22575890734469
94.0,-0.4511698502329116,2.691216453825926,0.20396557750214142,0.24794934737461316,-0.09956709779162812,0.25,-0.2228665235696029
94.1,-0.4262101374558526,2.6963180302561414,0.1930831221996077,0.24914027662170307,-0.11270988593343476,0.25,-0.2228665235696029
94.2,-0.4014997776021243,2.701128429868396,0.18344670130615914,0.24829045504872566,-0.055529834628278235,0.25,-0.21363669650051426
94.3,-0.37637453748452454,2.7057575954595463,0.1787152028073926,0.2395102908667798,-0.04357810193307051,0.25,-0.21082377753921028
94.4,-0.3514093250567677,2.71027793176942,0.1740883369632045,0.24878916689354297,-0.04440906567235183,0.25,-0.21082377753921028
94.5,-0.32632075729066445,2.7146776095110923,0.1698607397682106,0.2501520089477249,-0.04273196675042825,0.25,-0.20831659442337014
94.6,-0.30113606472692306,2.7189870992217395,0.16477822009697876,0.24942799903558915,-0.07363915745271313,0.25,-0.208115667735001
94.7,-0.2760450095556102,2.7230926311660477,0.15706880019847047,0.2520377114181294,-0.0624415544850988,0.25,-0.208115667735001
94.8,-0.2510623786239926,2.7269823616622273,0.14799559533937268,0.24825341420577962,-0.09859586423650536,0.25,-0.21058873629405594
94.9,-0.2342533252738853,2.729530422947704,0.14240593230835516,0.24833213745173738,-0.0700722021768684,0.25,-0.21058873629405594
95.0,-0.20902463830932722,2.733133170721002,0.13561785271130794,0.24445794648977617,-0.05812137331458638,0.25,-0.20441812718865632
95.1,-0.18374685513991484,2.7365919536019327,0.12807234783054566,0.2549793071022512,-0.08962294359978693,0.25,-0.18890091680986368
95.2,-0.15847164386202395,2.7399301877971363,0.12003666712168513,0.25422644942027056,-0.08008338956761665,0.25,-0.18890091680986368
95.3,-0.13292556889461968,2.7429390385083985,0.111928910290254,0.24876040993830864,-0.07176374614935829,0.25,-0.18143898735675745
95.4,-0.10717722044417459,2.74577112810347,0.10466294891891906,0.25479179098886356,-0.08167909495142216,0.25,-0.18143898735675745
95.5,-0.0817506451701722,2.748402996470166,0.09837502586693135,0.25032193717059176,-0.03268043861365129,0.25,-0.16318274958625778
95.6,-0.05644355522003917,2.7509003200963065,0.09519685511878898,0.24652964422349088,-0.02879071036599318,0.25,-0.14825788031601406
95.7,-0.031036600312483193,2.753309145589343,0.09229193373217144,0.25036542720094856,-0.02450284228695092,0.25,-0.14825788031601406
95.8,-0.00587393679667907,2.7556343898030895,0.08888289393337828,0.2497364178154336,-0.043165035513109073,0.25,-0.1481478145483063
95.9,0.019087568548926202,2.7578581991953457,0.08485020918331744,0.24670984758740022,-0.03964378362447256,0.25,-0.1481478145483063
96.0,0.04418436938923084,2.759978447722865,0.08043312104642314,0.25583910998668313,-0.042140680954952124,0.25,-0.14379848386902308
96.1,0.06963198277441107,2.7620435126570575,0.07608729555757521,0.2518948803848041,-0.041425898244320906,0.25,-0.13933880907648444
96.2,0.0950643518031836,2.7639774088751325,0.07185169838565002,0.24591402160940007,-0.04017806723612225,0.25,-0.13933880907648444
96.3,0.12053611481421228,2.765775389915969,0.06757710434533909,0.24317313730724707,-0.034479802761605345,0.25,-0.1319325136161769
96.4,0.14634296938054672,2.7674546997379936,0.06391302738031697,0.2475481081387367,-0.0367996357377136,0.25,-0.12291641619047762
96.5,0.17222906012708325,2.769082194477855,0.06015392549184632,0.24976402109520038,-0.03549431111221395,0.25,-0.12291641619047762
96.6,0.18947873168139545,2.7701511816514715,0.0577548760694468,0.25454714513730103,-0.037261790203613705,0.25,-0.11871648717045623
96.7,0.21499559743606567,2.7715921485815174,0.054937303492892456,0.25692075294452194,-0.021094169817205417,0.25,-0.11871648717045623
96.8,0.24038859855662706,2.7729554172074713,0.05262849500502475,0.25510401563379015,-0.02217090141827758,0.25,-0.11251746872355602
96.9,0.2656647840746751,2.7743100721165126,0.04992738045435914,0.24540636158936469,-0.032883515056805555,0.25,-0.11251746872355602
97.0,0.29082370950191866,2.7755584498570114,0.04640371407034592,0.25073478150330103,-0.03347204266955633,0.25,-0.10754889551717628
97.1,0.31597779884280874,2.7767497026635675,0.04322919519770266,0.25002951427008047,-0.028773880718027164,0.25,-0.1047008179680383
97.2,0.3413289808556253,2.7778257167363245,0.040153230339758914,0.25192961070487296,-0.029042976822067277,0.25,-0.1047008179680383
97.3,0.3668336831017498,2.778835550316567,0.037234901387806295,0.24886704347701005,-0.027577983861577293,0.25,-0.09750018957481743
97.4,0.3923096388849972,2.7797683181824326,0.034395628715947084,0.2539185167308143,-0.02837426294643053,0.25,-0.09750018957481743
97.5,0.4180263034867027,2.7806165166795576,0.03173374520379609,0.2525800343103408,-0.024065481730325744,0.25,-0.09142032135486472
97.6,0.4437741529073301,2.7813817363521545,0.029261616141016203,0.25551465407957336,-0.021585097849517815,0.25,-0.09142032135486472
97.7,0.46948836078890654,2.782083393912591,0.02688898564001764,0.2544966550475447,-0.023101449949812638,0.25,-0.08406286840121487
97.8,0.4950688424027707,2.782759724105585,0.024669864210854094,0.25031005793056904,-0.015522106559430858,0.25,-0.08102837119306573
97.9,0.5205804122830965,2.7833793963432027,0.022956184642025805,0.2513807449618846,-0.016304513692149244,0.25,-0.08102837119306573
98.0,0.545981210759826,2.783955063952078,0.021029234793232175,0.24818106917065852,-0.022926601361227015,0.25,-0.07485138854398037
98.1,0.5713287999154684,2.784498948067119,0.01879494681087598,0.2454144748378099,-0.019391209968633284,0.25,-0.071390012603601
98.2,0.5882199958719789,2.784833137748742,0.017340033899915005,0.2499197556824982,-0.0201876221505209,0.25,-0.071390012603601
98.3,0.6135582409452698,2.7852942855710414,0.015327997011332998,0.24749741739700143,-0.02183856445221053,0.25,-0.071390012603601
98.4,0.6390550328064181,2.7856639342600866,0.013385220629458227,0.24734350671859,-0.017847594341571484,0.25,-0.06584617316583066
98.5,0.6645651974618673,2.7859879455021646,0.01154507639224573,0.25310205926182,-0.017115555918558883,0.25,-0.060729612528210325
98.6,0.6901498152540639,2.7862794829029824,0.009906648765486104,0.25223350106165027,-0.014547301004953038,0.25,-0.060729612528210325
98.7,0.7157880441559465,2.786518648758689,0.008289623802604706,0.25317314737306423,-0.018471947272845447,0.25,-0.05795725394169897
98.8,0.7414442194607993,2.7866998010467916,0.006619196519182246,0.25358411837964295,-0.018309333018130466,0.25,-0.05795725394169897
98.9,0.7670654157765675,2.786832981891735,0.00488153152850734,0.25265754029945137,-0.014886249155647173,0.25,-0.053899250180654
99.0,0.7926079099667273,2.786938729372958,0.0036633604653484443,0.2507054226092438,-0.010769506799354707,0.25,-0.050890118186129596
99.1,0.8180849567961311,2.78700915824655,0.0025430582667632707,0.24612644374691792,-0.01078698726462011,0.25,-0.050890118186129596
99.2,0.8434648621629434,2.7870599604821176,0.0013459367514111616,0.24678413528281073,-0.012414427385329496,0.25,-0.049547183322825025
99.3,0.8688579466009853,2.787094833194186,-0.00014769218413757443,0.24876608790051716,-0.013023524796789594,0.25,-0.049547183322825025
99.4,0.8942560631625351,2.7870941640364486,-0.001441189188563716,0.24777585852752035,-0.011574489784683098,0.25,-0.04461256876968351
99.5,0.9197177541545342,2.7870681528082883,-0.0025848596804195156,0.2501918229938028,-0.011524043102950096,0.25,-0.038999112489413394
99.6,0.9452009459246355,2.7870070483039,-0.0035563279247534238,0.2500640450734933,-0.009108154808069679,0.25,-0.038999112489413394
99.7,0.9707414802443368,2.7869167246291457,-0.004443394193428293,0.24843183924699028,-0.010492455474835806,0.25,-0.038170919965309136
99.8,0.9963319604150109,2.786790154879544,-0.005450617575840627,0.25214098695670956,-0.010018747608617797,0.25,-0.03557402515455637
99.9,1.0133922961805273,2.786695969898425,-0.006187352054953588,0.2501319235929709,-0.01077641370277301,0.25,-0.03557402515455637
100.0,1.0389874542725281,2.7865182025598947,-0.007188923838577049,0.2514525817134718,-0.010473629719724134,0.25,-0.03557402515455637
100.1,1.0645579409171007,2.7863281815484657,-0.008129284974881539,0.24865230738547942,-0.00643914567402968,0.25,-0.03215464422933132
100.2,1.0900524017363133,2.786113294766619,-0.008776846275884861,0.24922309233865558,-0.008264176584863735,0.25,-0.03215464422933132
100.3,1.1155037783768489,2.7858752947476915,-0.00950314209352133,0.24900084114649726,-0.006765537834454647,0.25,-0.02766193295056385
100.4,1.1409419961654086,2.7856229635535286,-0.010290558734905118,0.24925388849945992,-0.007882010392915303,0.25,-0.026275282599216084
100.5,1.16638725004262,2.785362511887338,-0.011135784275638659,0.2484070689992873,-0.008087316135824462,0.25,-0.026275282599216084
100.6,1.1918407051432118,2.7850732447192157,-0.011933745104037746,0.24903818761311133,-0.005498058526299818,0.25,-0.024177836456449255
100.7,1.2173446393295417,2.7847658872300065,-0.012471283308749966,0.2499473140650536,-0.005892683589058342,0.25,-0.024177836456449255
100.8,1.242863126817341,2.7844446752563448,-0.013006123037900394,0.2501420030345498,-0.005692299675300038,0.25,-0.02080642640043102
100.9,1.2684222823297753,2.784112679378512,-0.013558463479942377,0.249563944313533,-0.004977696291018877,0.25,-0.02080642640043102
101.0,1.293976457446012,2.7837638510045286,-0.014125434957288225,0.2501899189480516,-0.005492954057697184,0.25,-0.018755940569662198
101.1,1.319525919119272,2.7833967286343166,-0.014675555514051445,0.2503937553993885,-0.005739001638865878,0.25,-0.017721354017124463
101.2,1.3450593868043907,2.7830160747313477,-0.015169170248890931,0.25043284958643025,-0.003960894369843258,0.25,-0.017721354017124463
101.3,1.3705787268539018,2.782618058296272,-0.015487811124110566,0.24931177611647398,-0.0036884971154600224,0.25,-0.014918048553579607
101.4,1.3960640705413603,2.7822124700410114,-0.01581468101040663,0.2506953733444837,-0.003307155219960441,0.25,-0.01151839094839869
101.5,1.4130468658196178,2.7819397292164467,-0.016050538135319405,0.24994838648976528,-0.003179954498956881,0.25,-0.01151839094839869
101.6,1.4385285086283026,2.7815253948812244,-0.016490400858431217,0.24972920295227954,-0.0052635989120739905,0.25,-0.009935667872746072
101.7,1.4640030247042302,2.7811029374972858,-0.01690232512717128,0.24963010314752898,-0.003150357058691422,0.25,-0.009935667872746072
101.8,1.4895004625862531,2.7806650439636553,-0.017121472416799306,0.24954438646691496,-0.0018721583874204031,0.25,-0.008315140082161908
101.9,1.5150025104027613,2.7802270105922093,-0.017184919536883694,0.25041696478241454,0.0005907014278014065,0.25,-0.008315140082161908
102.0,1.5405191540264989,2.779789575486077,-0.017314827499015112,0.2500402651466061,-0.0013080897292033536,0.25,-0.005942979046990411
102.1,1.5660384849308657,2.779347263488462,-0.01748510889297016,0.2504222671437747,-0.0006556471818837355,0.25,-0.0052429774540230095
102.2,1.5915549724201001,2.778900420666987,-0.017687912043553317,0.2497640555828436,-0.0018153017450803907,0.25,-0.0052429774540230095
102.3,1.617073677127003,2.7784479305562675,-0.017935808411965598,0.2503560134163421,-0.003212755173255032,0.25,-0.004412072411616194
102.4,1.6425783693706335,2.77798733680905,-0.018001733351388043,0.2500551043632078,0.00013683591681116168,0.25,-0.004412072411616194
102.5,1.6680795187081618,2.7775245264743824,-0.018043909304495,0.2500892903220006,-0.000866706898880428,0.25,-0.003926793869188804
102.6,1.6935797530854362,2.7770616369325416,-0.018144943976643887,0.2499589993426341,-0.0019668776411063426,0.25,-0.003926793869188804
102.7,1.7190782813132508,2.7765985861383906,-0.018265748477098803,0.2500917237193026,-0.0006245623932860341,0.25,-0.0019648627581100534
102.8,1.7445770357212684,2.776134880080187,-0.01832058677719146,0.2499193141036627,-0.0005529124442457455,0.25,-0.0026478882085885364
102.9,1.770075228135275,2.775667282284902,-0.01837750060154395,0.2503632283270619,0.001382417938695003,0.25,-0.0026478882085885364
103.0,1.7955774002529052,2.7751966264246013,-0.018269655385502487,0.24995057709035085,0.0018292203341612684,0.25,0.0012109411105715902
103.1,1.8210761736127319,2.774733410619076,-0.018167226638820103,0.24992814925279297,0.00011167756403066857,0.25,0.0010375532610766482
103.2,1.8380791711570335,2.7744251314218187,-0.01815676634275358,0.2500644401594415,-0.0002030783734392102,0.25,0.0010375532610766482
103.3,1.863586710944946,2.7739641126722963,-0.01818142805264947,0.25021468979666855,-0.0007938862386820238,0.25,0.0010375532610766482
103.4,1.8890938088637097,2.773498673660109,-0.018228329178482574,0.24974997723022013,-0.0005865429100902597,0.25,0.0021516512229449404
103.5,1.9145960763538266,2.7730350646260833,-0.01825696258372925,0.25019224846393373,0.001518949926082881,0.25,0.003931680979494864
103.6,1.9400971933591713,2.7725715011335863,-0.018038447522750932,0.2503561732950998,0.0028088732726220707,0.25,0.003931680979494864
103.7,1.965607510179825,2.772112571738192,-0.01789863579819776,0.25008936396998777,0.0015939096612068032,0.25,0.005707214951770612
103.8,1.9911230027910147,2.771654152562689,-0.017782173634590306,0.24990420846643058,0.0003627999202961431,0.25,0.005707214951770612
103.9,2.016635061784516,2.7711984092775754,-0.01773767368748856,0.2497739678162212,-0.00048012102650431255,0.25,0.004998735071647449
104.0,2.0421409179608725,2.7707455912949848,-0.017691107520114078,0.25027929443625707,0.0012520379731699295,0.25,0.004991976954305281
104.1,2.0676427364422025,2.7702960403515573,-0.017377254637648085,0.24977727774878478,0.006729121539775955,0.25,0.004991976954305281
104.2,2.0931377910837776,2.7698587186836794,-0.017041755510697705,0.24998501468311546,0.0020420714955256903,0.25,0.005485845953146156
104.3,2.1186305810878734,2.76942683379788,-0.01688596622520275,0.2496092464704199,0.001708529185877485,0.25,0.005485845953146156
104.4,2.144134162044325,2.7690004408904674,-0.016802828025434507,0.2502486847081093,0.0003815167732067343,0.25,0.006517104819429106
104.5,2.169636226727713,2.7685766897569284,-0.016726842378437058,0.25037571911463324,0.0012219594886808622,0.25,0.007158503299109381
104.6,2.195133573266205,2.7681529539736887,-0.016591836818671064,0.2503645020216528,0.0027174848813595856,0.25,0.007158503299109381
104.7,2.2206352533319813,2.767731675470573,-0.016304022215741308,0.2503850015042249,0.0025340208742392367,0.25,0.007534122246065668
104.8,2.237646137331662,2.7674541950735048,-0.016135220042239117,0.2504839579600666,0.0013969133268113248,0.25,0.007534122246065668
104.9,2.2631580012174775,2.767043457982034,-0.01596208112052659,0.2500297998410821,0.0017227331941980521,0.25,0.00809285249600997
105.0,2.288670967235951,2.766635816876708,-0.01581146415652781,0.2502568418704299,0.001050384692711102,0.25,0.008664752314016953
105.1,2.3141822280936397,2.7662286555926516,-0.01569911859298051,0.24952624966455256,0.0011102944333463973,0.25,0.008664752314016953
105.2,2.33968705629354,2.7658301398461638,-0.015484011630721096,0.2497650423392935,0.004289526989429288,0.25,0.008116812363658113
105.3,2.365188527615648,2.7654431903161756,-0.01477094675598693,0.24994172493753208,0.00465596485303702,0.25,0.008116812363658113
105.4,2.3906763254543106,2.765069112934893,-0.014491809044229016,0.25050879278060695,0.00250786614558187,0.25,0.009052697734672892
105.5,2.416169144566698,2.7647044847742195,-0.01433156211023865,0.2499336318099311,0.0008680602301167506,0.25,0.008703298635056183
105.6,2.4416650263670983,2.7643463649142235,-0.014177580951023354,0.24958902097439378,0.001616321884529298,0.25,0.008703298635056183
105.7,2.467160070186924,2.763987884483852,-0.01405367875764674,0.25037510264728724,0.0018272651353945341,0.25,0.008859455022316429
105.8,2.4926529389079524,2.76363269349425,-0.013839261183970164,0.24962137406710075,0.00254487142630009,0.25,0.008859455022316429
105.9,2.5181690867478506,2.763282534521085,-0.013564622450885732,0.2505536828240298,0.0019875943361634296,0.25,0.01020789340654605
106.0,2.5436909960145795,2.7629364351809294,-0.01331820769280656,0.25037862755675966,0.0017000898571838312,0.25,0.009644680688984652
106.1,2.569218831233748,2.7625942338314355,-0.01316560759053399,0.250238532682148,0.0012274033612658208,0.25,0.009644680688984652
106.2,2.5947396453050002,2.762253965044248,-0.013011610914131003,0.2500071875279938,0.0012444096663932883,0.25,0.010120008853816052
106.3,2.6202499712337763,2.76192295829107,-0.01270162571980896,0.25012885869109097,0.005279247669021795,0.25,0.011034816136462159
106.4,2.637253077564112,2.7617094166608447,-0.012343533687342345,0.250167708398727,0.006659052043324724,0.25,0.011034816136462159
106.5,2.6627396220996693,2.7613998212076156,-0.011995373650873657,0.25011646385563147,0.0026201838011854117,0.25,0.010836288823109282
106.6,2.688231522039674,2.761104393603119,-0.011720477090417956,0.2496693474807578,0.00232348632967949,0.25,0.010836288823109282
