t,x,y,yaw,v,w,v_cmd,w_cmd
0.0,-1.05176801,3.07845984,0.34704928,0.24744776,-0.09016638,0.25,-0.22161155
0.1,-1.02820162,3.0869876,0.33713012,0.24195367,-0.10512411,0.25,-0.22161155
0.2,-1.0045134,3.09554766,0.32666757,0.24543544,-0.10036762,0.25,-0.22181695
0.3,-0.98053657,3.10359918,0.3155451,0.24706229,-0.08062149,0.25,-0.22181695
0.4,-0.95636137,3.11147903,0.30827398,0.25952818,-0.07350736,0.25,-0.22893789
0.5,-0.93201201,3.11920664,0.30104903,0.24254369,-0.06836262,0.25,-0.22532666
0.6,-0.90717799,3.1268401,0.29144569,0.25972835,-0.11055532,0.25,-0.22532666
0.7,-0.8823391,3.13424098,0.27951385,0.25140463,-0.11652421,0.25,-0.22599591
0.8,-0.86583374,3.13898099,0.27235631,0.25956352,-0.09076138,0.25,-0.22599591
0.9,-0.84102889,3.14582977,0.26166884,0.24718404,-0.09342329,0.25,-0.22368517
1.0,-0.81639579,3.15235613,0.2535482,0.26402458,-0.06871636,0.25,-0.22368517
1.1,-0.79164707,3.1587239,0.246724,0.24744841,-0.07122947,0.25,-0.21856844
1.2,-0.76739185,3.16479224,0.23885368,0.23818584,-0.07672832,0.25,-0.21583301
1.3,-0.74300838,3.17068314,0.22971311,0.24381606,-0.1038396,0.25,-0.21583301
1.4,-0.71841946,3.17648965,0.22029253,0.24448695,-0.07559026,0.25,-0.21533884
1.5,-0.69347233,3.1820208,0.21362043,0.25636817,-0.06736276,0.25,-0.21533884
1.6,-0.66845995,3.18742749,0.2071195,0.25389468,-0.07536856,0.25,-0.21123078
1.7,-0.64326671,3.19268365,0.1994167,0.25616056,-0.07294773,0.25,-0.2052003
1.8,-0.61757164,3.19778974,0.1930587,0.26115627,-0.07695044,0.25,-0.2052003
1.9,-0.59212735,3.20264113,0.18456666,0.25965283,-0.08260774,0.25,-0.20726155
2.0,-0.56697335,3.20730784,0.17489807,0.24037731,-0.07138674,0.25,-0.20726155
2.1,-0.54203478,3.21176393,0.16946416,0.25953834,-0.06463829,0.25,-0.208574
2.2,-0.51698522,3.21597019,0.15997107,0.24570348,-0.10596611,0.25,-0.20940223
2.3,-0.49213365,3.22001776,0.15041624,0.24773529,-0.06735074,0.25,-0.20940223
2.4,-0.47578317,3.22254529,0.14648144,0.24620954,-0.05332995,0.25,-0.20356234
2.5,-0.45130527,3.22623137,0.14153105,0.24332508,-0.05612728,0.25,-0.20356234
2.6,-0.42612866,3.22987867,0.1348905,0.24941568,-0.06536661,0.25,-0.19148445
2.7,-0.40088192,3.23322769,0.12799244,0.2520111,-0.0732731,0.25,-0.19148445
2.8,-0.37533139,3.23629837,0.1192585,0.24396365,-0.09692324,0.25,-0.17982509
2.9,-0.34944205,3.23931777,0.11117813,0.2541213,-0.04734191,0.25,-0.17269705
3.0,-0.32346048,3.24218894,0.10713821,0.25579711,-0.035598,0.25,-0.17269705
3.1,-0.29778046,3.24493326,0.10249674,0.25118855,-0.06700564,0.25,-0.15544178
3.2,-0.27237602,3.2475612,0.09619322,0.24802681,-0.06223618,0.25,-0.15544178
3.3,-0.24704989,3.24997757,0.08959974,0.2513875,-0.06715016,0.25,-0.15367725
3.4,-0.2218521,3.25218704,0.08314875,0.24401183,-0.04210187,0.25,-0.14167892
3.5,-0.19681523,3.25425751,0.0795506,0.25045098,-0.03187044,0.25,-0.14167892
3.6,-0.17180917,3.25624816,0.07637685,0.25035921,-0.03317432,0.25,-0.1284372
3.7,-0.14648478,3.25816804,0.07253636,0.25704606,-0.03775316,0.25,-0.1284372
3.8,-0.12103773,3.25996953,0.06829901,0.24500683,-0.04478728,0.25,-0.12461674
3.9,-0.09554258,3.26169603,0.06403765,0.2526801,-0.03469217,0.25,-0.11935007
4.0,-0.07833544,3.2627951,0.06223761,0.25292482,-0.0245308,0.25,-0.11935007
4.1,-0.05253291,3.26439369,0.05952128,0.25371004,-0.02674007,0.25,-0.10975608
4.2,-0.02682067,3.2659451,0.05680173,0.24634936,-0.02667946,0.25,-0.10975608
4.3,-0.00132585,3.26738244,0.05336498,0.24906407,-0.03327834,0.25,-0.10865434
4.4,0.02421551,3.26872708,0.04960173,0.2464439,-0.03632672,0.25,-0.10400787
4.5,0.04967965,3.270044,0.04617165,0.24634685,-0.03468068,0.25,-0.10400787
4.6,0.07497792,3.27116807,0.04333969,0.25312409,-0.02463814,0.25,-0.09620359
4.7,0.10021948,3.27223662,0.04103796,0.25168037,-0.02162063,0.25,-0.09620359
4.8,0.12552247,3.27325511,0.03886444,0.25320593,-0.02792163,0.25,-0.09189933
4.9,0.15100967,3.27423337,0.03588456,0.25255949,-0.02799991,0.25,-0.08651341
5.0,0.17653341,3.27512517,0.03331238,0.24787386,-0.02393527,0.25,-0.08651341
5.1,0.20219597,3.27595748,0.03130141,0.2514192,-0.01921826,0.25,-0.08129889
5.2,0.22786259,3.27677504,0.02943451,0.24948303,-0.01902684,0.25,-0.08129889
5.3,0.25355244,3.27752985,0.0275856,0.25046997,-0.01689146,0.25,-0.07927637
5.4,0.27908206,3.27824153,0.02520475,0.24888441,-0.02539984,0.25,-0.07455064
5.5,0.30455532,3.2788353,0.02274636,0.25085155,-0.02647379,0.25,-0.07028974
5.6,0.32152218,3.2791921,0.02108208,0.25095795,-0.02334899,0.25,-0.07028974
5.7,0.34693504,3.27969486,0.01888197,0.24929474,-0.01785344,0.25,-0.07028974
5.8,0.37232246,3.28014864,0.01705874,0.25116391,-0.01630278,0.25,-0.06604863
5.9,0.39770692,3.28055128,0.01556763,0.25184613,-0.01361004,0.25,-0.06136603
6.0,0.42319948,3.28095104,0.01401601,0.2488325,-0.01751056,0.25,-0.06136603
6.1,0.44871292,3.28129229,0.01230394,0.2502527,-0.0113703,0.25,-0.05777205
6.2,0.47425731,3.28161057,0.01085236,0.2518295,-0.01326982,0.25,-0.05777205
6.3,0.49986368,3.28189426,0.00948467,0.24960615,-0.01226961,0.25,-0.05505234
6.4,0.52549056,3.28214879,0.00819984,0.25374018,-0.01146828,0.25,-0.0511731
6.5,0.55108192,3.28235055,0.00686622,0.25021799,-0.01599387,0.25,-0.0511731
6.6,0.57656807,3.28247883,0.00517221,0.24994166,-0.0141537,0.25,-0.0482054
6.7,0.60205852,3.28259726,0.00378056,0.24984247,-0.01560525,0.25,-0.0482054
6.8,0.62753532,3.28266835,0.00248055,0.24750034,-0.01162907,0.25,-0.04705323
6.9,0.65297246,3.2827106,0.00134123,0.24793893,-0.01143799,0.25,-0.04003947
7.0,0.67843053,3.28272797,0.00036041,0.24934663,-0.00901974,0.25,-0.0377087
7.1,0.70389521,3.28272636,-0.00066837,0.24897708,-0.01156294,0.25,-0.0377087
7.2,0.7294118,3.28270563,-0.00185159,0.25209811,-0.0087191,0.25,-0.03704327
7.3,0.74643277,3.28267012,-0.00254239,0.24877079,-0.0090793,0.25,-0.03704327
7.4,0.77198716,3.2826095,-0.0034458,0.25191496,-0.00900986,0.25,-0.03392762
7.5,0.79754446,3.2825293,-0.00424694,0.2520338,-0.00919938,0.25,-0.03392762
7.6,0.82309148,3.28242639,-0.00506089,0.25117078,-0.00781883,0.25,-0.03196114
7.7,0.8485942,3.28229069,-0.00609249,0.24909761,-0.01217051,0.25,-0.03196114
7.8,0.87409367,3.282117,-0.00701731,0.25031576,-0.00692283,0.25,-0.02965792
7.9,0.89958572,3.28192991,-0.00777973,0.25006521,-0.00648235,0.25,-0.02493942
8.0,0.92506785,3.28171816,-0.00831463,0.25001294,-0.00483623,0.25,-0.02493942
8.1,0.95055865,3.28148623,-0.00884124,0.24844785,-0.00611757,0.25,-0.0223783
8.2,0.97604951,3.28125155,-0.00938161,0.25000877,-0.00562846,0.25,-0.0223783
8.3,1.00155366,3.28101214,-0.00989164,0.25033914,-0.00449367,0.25,-0.02105125
8.4,1.02707593,3.2807631,-0.01039772,0.24919624,-0.00493868,0.25,-0.02033172
8.5,1.05260018,3.28049694,-0.01087387,0.25154575,-0.00355703,0.25,-0.02033172
8.6,1.07813669,3.28022709,-0.01131743,0.2505188,-0.00446369,0.25,-0.01781462
8.7,1.10365176,3.27994714,-0.01175781,0.25096881,-0.00416403,0.25,-0.01678184
8.8,1.12915819,3.27964351,-0.01246612,0.25011245,-0.00585266,0.25,-0.01678184
8.9,1.1461602,3.2794322,-0.01281816,0.25001478,-0.00552789,0.25,-0.01362912
9.0,1.17166294,3.27909792,-0.01346561,0.24955065,-0.00555779,0.25,-0.01362912
9.1,1.19716496,3.27874405,-0.01379326,0.25083246,-0.00257783,0.25,-0.01071892
9.2,1.22266477,3.27838477,-0.01400416,0.24997535,-0.00174935,0.25,-0.01071892
9.3,1.2481656,3.27801913,-0.01416861,0.25014713,-0.00199706,0.25,-0.00989309
9.4,1.27366841,3.2776563,-0.01443843,0.2500318,-0.00212204,0.25,-0.00789646
9.5,1.29917682,3.27728965,-0.01466579,0.25042909,-0.00245001,0.25,-0.00789646
9.6,1.32469356,3.27691544,-0.01487581,0.24997828,-0.0019408,0.25,-0.00648068
9.7,1.35020313,3.27653813,-0.01496526,0.24977534,-0.000288,0.25,-0.00648068
9.8,1.3757153,3.27615741,-0.01503078,0.25036726,-0.00087369,0.25,-0.00545352
9.9,1.40122107,3.27577671,-0.01518049,0.24982298,-0.00198991,0.25,-0.00545352
10.0,1.4267255,3.2753882,-0.01550879,0.25011693,-0.00167335,0.25,-0.00442877
10.1,1.45223013,3.27499019,-0.01564316,0.24988361,-0.00190556,0.25,-0.00307843
10.2,1.47773701,3.27458403,-0.01571824,0.25019025,0.00131488,0.25,-0.00211215
10.3,1.50324571,3.27418124,-0.01566833,0.25024241,9.506e-05,0.25,-0.00211215
10.4,1.52025225,3.2739118,-0.01561263,0.2499595,0.00071521,0.25,-0.00211215
10.5,1.54575419,3.27351223,-0.0157042,0.24993515,-0.00323933,0.25,-0.00134255
10.6,1.57126036,3.27311367,-0.01587873,0.25013171,-0.00067909,0.25,-0.0007115
10.7,1.59676728,3.27270834,-0.01596095,0.24996617,-0.00108062,0.25,-0.0007115
10.8,1.62227147,3.27229964,-0.0159243,0.25016278,0.00100726,0.25,0.00142518
10.9,1.64777076,3.27189402,-0.01577402,0.25008378,0.0012396,0.25,0.00142518
11.0,1.6732704,3.27149293,-0.01564729,0.25011222,0.00060082,0.25,0.00116419
11.1,1.69877227,3.27109532,-0.01577686,0.25032967,-0.00167745,0.25,0.00163674
11.2,1.72427717,3.2706906,-0.01601174,0.24986325,-0.00110608,0.25,0.00163674
11.3,1.7497854,3.27028243,-0.01610214,0.25038982,0.00050344,0.25,0.00274906
11.4,1.77530202,3.26987268,-0.01592144,0.25011604,0.0011169,0.25,0.00274906
11.5,1.80081831,3.26946428,-0.01571748,0.25042173,0.00188134,0.25,0.00277734
11.6,1.82632524,3.26906358,-0.01561999,0.25007742,1.717e-05,0.25,0.0035833
11.7,1.85182787,3.26866805,-0.01561569,0.24988614,-9.292e-05,0.25,0.0035833
11.8,1.87732904,3.26827171,-0.01563135,0.25002217,3.889e-05,0.25,0.00499039
11.9,1.89432861,3.26800532,-0.01555358,0.24992358,0.0021752,0.25,0.00499039
12.0,1.91981861,3.26761291,-0.01531658,0.24952516,0.0028636,0.25,0.00636359
12.1,1.94530652,3.26722732,-0.01505731,0.25001357,0.00192571,0.25,0.00709563
12.2,1.97080152,3.26684977,-0.01486134,0.25004328,0.00019674,0.25,0.00709563
12.3,1.99630854,3.2664711,-0.014852,0.25007121,7.081e-05,0.25,0.00663486
12.4,2.0218177,3.26609201,-0.0148458,0.25006683,7.395e-05,0.25,0.00663486
12.5,2.04733562,3.26571619,-0.0146437,0.25039067,0.00367991,0.25,0.00758473
12.6,2.07285848,3.26534351,-0.01428367,0.24996729,0.00387427,0.25,0.00801473
12.7,2.09837909,3.26498072,-0.01393836,0.25026401,0.00237903,0.25,0.00801473
12.8,2.12388023,3.2646247,-0.01380651,0.25046861,0.00131133,0.25,0.00826488
12.9,2.14939037,3.26427333,-0.01368761,0.25036374,0.00107075,0.25,0.00826488
13.0,2.1748873,3.26392415,-0.01354385,0.25038953,0.00238405,0.25,0.00769125
13.1,2.20037455,3.26358213,-0.01322573,0.25056399,0.00327641,0.25,0.00744263
13.2,2.22586108,3.26325207,-0.01289745,0.2498433,0.00313635,0.25,0.00744263
13.3,2.2513558,3.26292444,-0.01270601,0.24986894,0.00119614,0.25,0.00879297
13.4,2.27685358,3.26260201,-0.01260809,0.25050978,0.00150384,0.25,0.00825021
13.5,2.30236467,3.26227836,-0.01253799,0.25052765,3.735e-05,0.25,0.00825021
13.6,2.31937711,3.26206608,-0.01242403,0.25027709,0.00355661,0.25,0.00804105
13.7,2.34490026,3.26175091,-0.01209891,0.25012603,0.00368057,0.25,0.00804105
13.8,2.37042085,3.26144543,-0.011748,0.25066155,0.00421389,0.25,0.00969962
13.9,2.39593109,3.26115063,-0.01147516,0.25059006,0.0018549,0.25,0.00969962
14.0,2.42143461,3.26086123,-0.01133761,0.24946927,0.00102332,0.25,0.00928487
14.1,2.44694111,3.26057345,-0.01118202,0.25000652,0.00163136,0.25,0.00956279
14.2,2.47242797,3.26028989,-0.01088358,0.24967502,0.00392464,0.25,0.00956279
14.3,2.49790983,3.26001927,-0.01050081,0.24982731,0.00388104,0.25,0.00902603
14.4,2.52339233,3.25975825,-0.01016079,0.24967394,0.00242681,0.25,0.00902603
14.5,2.54890022,3.25950147,-0.0101146,0.25006747,0.00021002,0.25,0.0100039
14.6,2.57440855,3.25924369,-0.01003971,0.25024787,0.00199557,0.25,0.0100039
14.7,2.5999233,3.25899234,-0.00982372,0.25046225,0.00319224,0.25,0.00938297
14.8,2.6254499,3.25874217,-0.00941598,0.25058387,0.00424801,0.25,0.00883597
14.9,2.65097409,3.25850417,-0.0090641,0.25067601,0.00270125,0.25,0.00883597
15.0,2.67648906,3.25827632,-0.00884073,0.25003847,0.00046094,0.25,0.00834467
15.1,2.7019979,3.2580503,-0.00881973,0.2495935,0.00119717,0.25,0.00829417
15.2,2.71900184,3.25790311,-0.00875797,0.25027211,-0.00030033,0.25,0.00829417
15.3,2.74450357,3.25768022,-0.00857275,0.24952942,0.00355936,0.25,0.00829417
15.4,2.76998747,3.25746844,-0.00824241,0.24968642,0.00253498,0.25,0.00779447
15.5,2.79547204,3.25726495,-0.00791948,0.24967832,0.00343348,0.25,0.0073984
15.6,2.82096958,3.25706763,-0.00780741,0.25052368,-0.00203322,0.25,0.0073984
15.7,2.84647236,3.25686904,-0.00781886,0.25020696,0.00134662,0.25,0.00781099
15.8,2.87198231,3.2566703,-0.00784816,0.24985749,0.002144,0.25,0.00781099
15.9,2.89750508,3.25647031,-0.00760204,0.25010779,0.00444468,0.25,0.00800506
16.0,2.923027,3.25628525,-0.00726431,0.24968524,0.00421229,0.25,0.00811068
16.1,2.94854924,3.25609998,-0.00689669,0.25046934,0.00260998,0.25,0.00811068
16.2,2.97405788,3.2559259,-0.00685724,0.25052714,0.0008607,0.25,0.0084709
16.3,2.99956646,3.25575468,-0.00672364,0.25061237,0.00155544,0.25,0.0084709
16.4,3.02506664,3.25558432,-0.00653888,0.25037974,0.00335325,0.25,0.00742737
16.5,3.05055572,3.25542009,-0.00626229,0.25056989,0.00304959,0.25,0.00751264
16.6,3.07604855,3.25526352,-0.00597058,0.25024718,0.00280822,0.25,0.00695635
16.7,3.10154823,3.25511313,-0.00576143,0.25003301,0.00098075,0.25,0.00695635
16.8,3.12705718,3.2549666,-0.00582387,0.24987163,-0.00111502,0.25,0.00608806
16.9,3.14406385,3.25486637,-0.00591144,0.24974969,-0.00095498,0.25,0.00608806
17.0,3.16958091,3.25471486,-0.00582267,0.2498687,0.00242872,0.25,0.00409023
17.1,3.19510056,3.25456635,-0.00561188,0.25039796,0.0017816,0.25,0.00409023
17.2,3.22061941,3.2544242,-0.00540082,0.24984031,0.00196803,0.25,0.00382571
17.3,3.2461271,3.25428666,-0.00538265,0.2501202,-0.00028024,0.25,0.00382571
17.4,3.27163444,3.25415067,-0.00541847,0.25009705,-0.00208779,0.25,0.00267571
17.5,3.29714435,3.2540126,-0.00545285,0.25013679,0.00033486,0.25,0.00191699
17.6,3.32264515,3.25387532,-0.00530075,0.24988632,0.0010199,0.25,0.00191699
17.7,3.34814663,3.25373966,-0.0051607,0.25019358,0.00174659,0.25,-0.00051591
17.8,3.3736516,3.25360974,-0.00509979,0.24996545,-0.00052383,0.25,-0.00051591
17.9,3.39915725,3.25347915,-0.00526532,0.24996885,-0.00195915,0.25,-0.00153792
18.0,3.42466724,3.25334071,-0.00556451,0.2505531,-0.00087247,0.25,-0.00175809
18.1,3.45017628,3.25319328,-0.00563574,0.25022145,0.00064684,0.25,-0.00175809
18.2,3.47569253,3.25304693,-0.00553817,0.24984644,0.00069977,0.25,-0.00693333
18.3,3.50119679,3.25289975,-0.00563039,0.25032563,-0.00064923,0.25,-0.01093714
18.4,3.52669516,3.25275152,-0.00593732,0.2506558,-0.00717006,0.25,-0.01093714
18.5,3.54369575,3.25264851,-0.00624906,0.24943249,-0.0039657,0.25,-0.01093714
18.6,3.56920703,3.25248673,-0.00674676,0.25000772,-0.00531831,0.25,-0.01174329
18.7,3.59472118,3.25231095,-0.00703404,0.24956153,-0.00136232,0.25,-0.0151356
18.8,3.6202545,3.25213736,-0.00732142,0.25084439,-0.00337681,0.25,-0.0151356
18.9,3.64578341,3.25194813,-0.00762757,0.25084411,-0.00262861,0.25,-0.01541873
19.0,3.67129662,3.25175293,-0.00807224,0.25004094,-0.00386485,0.25,-0.01541873
19.1,3.69679959,3.25154097,-0.00863577,0.25022105,-0.00800178,0.25,-0.01782578
19.2,3.72230568,3.25131086,-0.00921674,0.25003275,-0.00486004,0.25,-0.02043335
19.3,3.74779832,3.25106338,-0.00967095,0.24965594,-0.004172,0.25,-0.02043335
19.4,3.77329261,3.25079719,-0.01013396,0.25071405,-0.00479928,0.25,-0.01864543
19.5,3.79879309,3.25053031,-0.01055303,0.25113491,-0.00476026,0.25,-0.01864543
19.6,3.82429924,3.25025921,-0.01105008,0.24885901,-0.005067,0.25,-0.01990898
19.7,3.84981413,3.24997801,-0.01167819,0.24884059,-0.00763094,0.25,-0.02095152
19.8,3.87534993,3.24967664,-0.01215087,0.25164125,-0.00295134,0.25,-0.02095152
19.9,3.90088594,3.24937234,-0.01258044,0.25041402,-0.00433706,0.25,-0.00548968
20.0,3.92639799,3.24905411,-0.01268611,0.2503195,-0.00052317,0.25,-0.00981774
20.1,3.95190433,3.24873013,-0.01293958,0.25010785,-0.00279532,0.25,-0.00981774
20.2,3.96890503,3.24850989,-0.01314866,0.24991633,-0.00263413,0.25,-0.01442459
20.3,3.99441274,3.24817121,-0.01363198,0.25094024,-0.00467612,0.25,-0.01442459
20.4,4.0199129,3.24781774,-0.01404713,0.25014659,-0.00332472,0.25,-0.01575004
20.5,4.0454147,3.24744665,-0.01436185,0.24966257,-0.00284104,0.25,-0.01575004
20.6,4.07090897,3.24706895,-0.01469402,0.25036546,-0.00327186,0.25,-0.01696917
20.7,4.09641064,3.24669748,-0.01508435,0.25131868,-0.00464741,0.25,-0.03451129
20.8,4.1219174,3.24631355,-0.01606174,0.25217918,-0.01126437,0.25,-0.03451129
20.9,4.14742092,3.24588813,-0.0170906,0.24852979,-0.0069091,0.25,-0.03617938
21.0,4.17298962,3.24545518,-0.0178049,0.24834238,-0.00869169,0.25,-0.03617938
21.1,4.19854439,3.24499939,-0.0186423,0.25098918,-0.00896506,0.25,-0.03679392
21.2,4.22409643,3.24452583,-0.01951207,0.248242,-0.01208099,0.25,-0.03679392
21.3,4.24959601,3.24402281,-0.02068754,0.25007577,-0.01170703,0.25,-0.0449037
21.4,4.27510378,3.24350619,-0.02193522,0.25044328,-0.01519309,0.25,-0.04477192
21.5,4.30057377,3.24292521,-0.02316767,0.249963,-0.01045064,0.25,-0.04541084
21.6,4.32601492,3.24231376,-0.02425921,0.24981952,-0.01057293,0.25,-0.04541084
21.7,4.34297338,3.24188933,-0.02498453,0.24927252,-0.01093698,0.25,-0.04630626
21.8,4.36845755,3.24123386,-0.02607342,0.25333835,-0.01141818,0.25,-0.04630626
21.9,4.39396023,3.24055825,-0.02744763,0.25145979,-0.01284324,0.25,-0.04517918
22.0,4.41946279,3.23984225,-0.02881405,0.25137593,-0.01145938,0.25,-0.04517918
22.1,4.44502678,3.23909709,-0.02985657,0.25346701,-0.0078905,0.25,-0.04674896
22.2,4.47062028,3.23834235,-0.03090172,0.2523183,-0.01125942,0.25,-0.05102501
22.3,4.49619502,3.2375529,-0.03207513,0.25245147,-0.01155748,0.25,-0.05102501
22.4,4.52166436,3.23672546,-0.03370569,0.25052122,-0.01756791,0.25,-0.05623065
22.5,4.54714501,3.23585034,-0.03552373,0.24757182,-0.01574229,0.25,-0.05623065
22.6,4.57267336,3.23497074,-0.03727433,0.24967815,-0.01464941,0.25,-0.05742739
22.7,4.59808005,3.23399158,-0.03868189,0.25147955,-0.01375066,0.25,-0.06031697
22.8,4.62347821,3.23298689,-0.04024599,0.24836666,-0.01329828,0.25,-0.06031697
22.9,4.64897332,3.23195036,-0.04173309,0.25329708,-0.01908845,0.25,-0.06537386
23.0,4.67449237,3.23088109,-0.04354522,0.24754664,-0.01508795,0.25,-0.06925641
23.1,4.69999871,3.22975191,-0.04539557,0.24902068,-0.01788791,0.25,-0.06925641
23.2,4.72560328,3.22857974,-0.04700886,0.25099403,-0.01375986,0.25,-0.07362128
23.3,4.74271291,3.22777992,-0.04798383,0.254171,-0.01683366,0.25,-0.07362128
23.4,4.76826215,3.22655607,-0.04974166,0.25006464,-0.02201733,0.25,-0.07842272
23.5,4.79359706,3.2253053,-0.05196705,0.24521903,-0.01830691,0.25,-0.07842272
23.6,4.81906895,3.22396649,-0.05452205,0.25054278,-0.02154236,0.25,-0.07853364
23.7,4.84451714,3.22256113,-0.05706466,0.25004868,-0.02378085,0.25,-0.08685497
23.8,4.86984355,3.22109572,-0.05956039,0.24435398,-0.02227255,0.25,-0.08685497
23.9,4.89519493,3.21952359,-0.06187532,0.24895583,-0.02006315,0.25,-0.09690813
24.0,4.92061996,3.21790251,-0.06442252,0.25107571,-0.03013686,0.25,-0.09690813
24.1,4.94629265,3.2162448,-0.06746242,0.2554072,-0.02586016,0.25,-0.10237901
24.2,4.97177336,3.21452583,-0.07020216,0.25096485,-0.02336294,0.25,-0.11109419
24.3,4.99734921,3.21272989,-0.0731724,0.25706069,-0.02373888,0.25,-0.11109419
24.4,5.02308047,3.21088421,-0.07573392,0.25196311,-0.03075899,0.25,-0.11682448
24.5,5.04828836,3.20893902,-0.07936793,0.2503761,-0.03199217,0.25,-0.11682448
24.6,5.0734138,3.20692909,-0.08278246,0.24956565,-0.04938329,0.25,-0.12515107
24.7,5.09880326,3.20481765,-0.08734084,0.24942874,-0.03978168,0.25,-0.13194454
24.8,5.12421637,3.20252917,-0.09163714,0.25392656,-0.0461128,0.25,-0.13194454
24.9,5.14932738,3.20018948,-0.09550294,0.24917316,-0.03035741,0.25,-0.13513354
25.0,5.16609505,3.19860476,-0.09808123,0.25518602,-0.04392285,0.25,-0.13513354
25.1,5.19167376,3.1960664,-0.1021021,0.25045701,-0.03880282,0.25,-0.13949139
25.2,5.21740039,3.19341306,-0.10614586,0.25663705,-0.05399732,0.25,-0.14490945
25.3,5.24278086,3.19070385,-0.11029603,0.25595127,-0.02433143,0.25,-0.14490945
25.4,5.26812179,3.18791862,-0.11321312,0.25810133,-0.02913871,0.25,-0.14849232
25.5,5.2936534,3.18500279,-0.11746723,0.24307571,-0.0458505,0.25,-0.14849232
25.6,5.31851186,3.18197487,-0.12210927,0.24081177,-0.04608203,0.25,-0.15170945
25.7,5.34342,3.17889906,-0.12667831,0.24562019,-0.05433585,0.25,-0.15743082
25.8,5.36857205,3.17568905,-0.13234406,0.24760015,-0.05228021,0.25,-0.15743082
25.9,5.39381584,3.17235469,-0.13782108,0.2546584,-0.05814722,0.25,-0.16132687
26.0,5.41897544,3.16890232,-0.14365199,0.25116935,-0.05947249,0.25,-0.16132687
26.1,5.4444164,3.16519132,-0.14943616,0.25697967,-0.04997925,0.25,-0.16278892
26.2,5.47009848,3.16128718,-0.1540156,0.25567633,-0.04228421,0.25,-0.1694822
26.3,5.49590282,3.15733758,-0.15831825,0.24665548,-0.05322741,0.25,-0.170024
26.4,5.52111281,3.15328066,-0.16305809,0.24934315,-0.03419238,0.25,-0.170024
26.5,5.54616263,3.14920722,-0.16613968,0.25178882,-0.02757993,0.25,-0.17094407
26.6,5.56280199,3.14642151,-0.1684008,0.24491371,-0.04242899,0.25,-0.17094407
26.7,5.58730894,3.14216288,-0.17282103,0.24094952,-0.04364631,0.25,-0.17793326
26.8,5.61183009,3.137796,-0.17781088,0.2454596,-0.04554513,0.25,-0.17793326
26.9,5.63654087,3.13328639,-0.18420927,0.25229878,-0.08375763,0.25,-0.18526945
27.0,5.66154251,3.12894149,-0.19261303,0.247698,-0.07773527,0.25,-0.18526945
27.1,5.68649471,3.12437133,-0.2009902,0.25099532,-0.08013338,0.25,-0.18423874
27.2,5.71171705,3.11923493,-0.20791031,0.25612341,-0.04829234,0.25,-0.19395697
27.3,5.73754905,3.11387296,-0.21276104,0.25283912,-0.05309848,0.25,-0.19395697
27.4,5.76323156,3.10836203,-0.21797382,0.25866236,-0.04654101,0.25,-0.19124173
27.5,5.78836472,3.10283824,-0.22293076,0.249693,-0.04986818,0.25,-0.19124173
27.6,5.81310871,3.09728955,-0.22813312,0.25137203,-0.0574579,0.25,-0.19786927
27.7,5.83781493,3.09158702,-0.23469524,0.24098429,-0.06601226,0.25,-0.19786927
27.8,5.86169774,3.0856971,-0.24003995,0.24103598,-0.05549448,0.25,-0.20285809
27.9,5.87770926,3.08168072,-0.24376938,0.23940986,-0.06132534,0.25,-0.20285809
28.0,5.90213605,3.07550762,-0.25180295,0.25442841,-0.0767158,0.25,-0.20875683
28.1,5.92675548,3.06916303,-0.26051544,0.25300678,-0.09735172,0.25,-0.20875683
28.2,5.95134874,3.06279774,-0.27053644,0.25117411,-0.10577904,0.25,-0.21112988
28.3,5.97596357,3.05596252,-0.27967274,0.25114475,-0.07748552,0.25,-0.21181093
28.4,6.00134298,3.04875015,-0.28611711,0.25896847,-0.05364533,0.25,-0.21181093
28.5,6.02645462,3.04136572,-0.29238345,0.23960035,-0.07753817,0.25,-0.21202003
28.6,6.05097811,3.03388524,-0.30296712,0.24024017,-0.10305575,0.25,-0.21202003
28.7,6.07529563,3.02607179,-0.31236913,0.25576893,-0.08683374,0.25,-0.21441796
28.8,6.09951263,3.01826453,-0.32127673,0.24283768,-0.09362061,0.25,-0.21441796
28.9,6.1233677,3.01021648,-0.33245418,0.23845215,-0.09769025,0.25,-0.21537986
29.0,6.14704727,3.00194112,-0.34331174,0.25166035,-0.1142691,0.25,-0.21571972
29.1,6.170871,2.99330055,-0.35486138,0.247386,-0.10222252,0.25,-0.21218065
29.2,6.19474718,2.98454836,-0.36507976,0.24974907,-0.1001435,0.25,-0.21218065
29.3,6.21863747,2.97547752,-0.37326915,0.24914425,-0.07172605,0.25,-0.20771382
29.4,6.23468593,2.9692516,-0.37796149,0.2532712,-0.07247709,0.25,-0.20771382
29.5,6.25874877,2.95970641,-0.38679278,0.26321933,-0.08891178,0.25,-0.20029759
29.6,6.2827859,2.94991135,-0.39572526,0.26132435,-0.08286677,0.25,-0.20029759
29.7,6.30660693,2.93992025,-0.40348603,0.25724999,-0.06857339,0.25,-0.20508882
29.8,6.33009119,2.92989529,-0.41169946,0.24304236,-0.11506421,0.25,-0.20508882
29.9,6.35333068,2.9195098,-0.42328781,0.24060531,-0.09500821,0.25,-0.20635037
30.0,6.37631901,2.90902707,-0.43400354,0.24436701,-0.10952502,0.25,-0.20799033
30.1,6.39908531,2.89848344,-0.44346933,0.2463831,-0.08954124,0.25,-0.20799033
30.2,6.42170826,2.88778498,-0.45264564,0.24846528,-0.08858683,0.25,-0.20552813
30.3,6.44448666,2.87674016,-0.46116493,0.24715981,-0.08117007,0.25,-0.20552813
30.4,6.46761425,2.86531104,-0.4687935,0.2508278,-0.07386887,0.25,-0.20702625
30.5,6.49067512,2.85370327,-0.47671881,0.26113355,-0.07880464,0.25,-0.20717536
30.6,6.51371222,2.84177,-0.48550352,0.25972584,-0.08668261,0.25,-0.20717536
30.7,6.53660444,2.82965173,-0.49480289,0.26041959,-0.08111273,0.25,-0.20801537
30.8,6.55935439,2.81731495,-0.50389873,0.25279459,-0.09761984,0.25,-0.20908227
30.9,6.57437032,2.809133,-0.50997102,0.24761358,-0.07859333,0.25,-0.20908227
31.0,6.59649544,2.79666146,-0.51781767,0.23860015,-0.0769859,0.25,-0.20659898
31.1,6.6184797,2.78408318,-0.52615639,0.24007198,-0.0899287,0.25,-0.20659898
31.2,6.64020768,2.77153284,-0.53557413,0.25256416,-0.09418888,0.25,-0.20782869
31.3,6.66180033,2.75892354,-0.54498755,0.24342399,-0.09447041,0.25,-0.20782869
31.4,6.68324592,2.74611611,-0.55443466,0.24087236,-0.08453925,0.25,-0.20427932
31.5,6.7049077,2.7326069,-0.56280521,0.24745909,-0.08267005,0.25,-0.2033412
31.6,6.72683348,2.71891566,-0.57107946,0.26140663,-0.08094807,0.25,-0.2033412
31.7,6.74872741,2.70496425,-0.57969338,0.25502681,-0.10118135,0.25,-0.2023854
31.8,6.77034439,2.69055187,-0.58904016,0.25035781,-0.07897996,0.25,-0.2023854
31.9,6.791823,2.67604085,-0.5967922,0.25688552,-0.08607004,0.25,-0.20236764
32.0,6.81305597,2.66155428,-0.60552335,0.25240788,-0.07977371,0.25,-0.20236764
32.1,6.83397515,2.64700221,-0.61360194,0.2455401,-0.08195812,0.25,-0.20162413
32.2,6.8546791,2.63225701,-0.62176696,0.25088782,-0.08763565,0.25,-0.19947214
32.3,6.87507184,2.61750073,-0.63076418,0.24060262,-0.086386,0.25,-0.19947214
32.4,6.89538416,2.60301372,-0.63949388,0.24001797,-0.08278434,0.25,-0.19883806
32.5,6.9088485,2.59314142,-0.64529516,0.24784328,-0.09024129,0.25,-0.19883806
32.6,6.92931744,2.57761391,-0.65398952,0.2554789,-0.08481068,0.25,-0.19361662
32.7,6.94958911,2.56203997,-0.66270826,0.25603181,-0.08520725,0.25,-0.19222366
32.8,6.96992178,2.54617515,-0.67108259,0.24017954,-0.05507667,0.25,-0.19222366
32.9,6.99009534,2.52983814,-0.67848536,0.24749154,-0.08186389,0.25,-0.19014033
33.0,7.01010722,2.5137556,-0.68692911,0.25854862,-0.08492111,0.25,-0.19014033
33.1,7.02953941,2.49765786,-0.69488881,0.24567432,-0.07646138,0.25,-0.19267503
33.2,7.04902726,2.48135848,-0.70285893,0.24670343,-0.08397008,0.25,-0.19190144
33.3,7.06843092,2.46481931,-0.71077944,0.24896647,-0.07751752,0.25,-0.19190144
33.4,7.08746595,2.4483817,-0.71973554,0.24435104,-0.07943511,0.25,-0.19440471
33.5,7.10645212,2.432092,-0.72801123,0.24656639,-0.08037572,0.25,-0.19440471
33.6,7.12545052,2.41501911,-0.73639464,0.25601798,-0.07953979,0.25,-0.19089626
33.7,7.1447844,2.39762996,-0.74454581,0.249666,-0.08617709,0.25,-0.19084841
33.8,7.16347707,2.38034754,-0.75336856,0.25355255,-0.0865565,0.25,-0.19084841
33.9,7.18213505,2.36275022,-0.76207285,0.25682546,-0.07654419,0.25,-0.19039148
34.0,7.20067352,2.34493002,-0.77018439,0.24573244,-0.08078209,0.25,-0.19011377
34.1,7.21272257,2.33322191,-0.77563564,0.24517137,-0.08275934,0.25,-0.19011377
34.2,7.23068184,2.31549647,-0.78391692,0.25241604,-0.08196194,0.25,-0.18970052
34.3,7.24860596,2.29765076,-0.79186066,0.25041861,-0.07413156,0.25,-0.18970052
34.4,7.26647918,2.27962319,-0.7994646,0.24924372,-0.07438239,0.25,-0.18816224
34.5,7.28421383,2.26154147,-0.80702485,0.24903388,-0.07438042,0.25,-0.18816224
34.6,7.30181876,2.24293344,-0.81531677,0.25792772,-0.07765543,0.25,-0.18672259
34.7,7.31965763,2.22406708,-0.82381466,0.25730273,-0.08576602,0.25,-0.18522428
34.8,7.33712068,2.20507794,-0.83236654,0.24268435,-0.09451336,0.25,-0.18522428
34.9,7.35425774,2.18620264,-0.84015499,0.25913465,-0.07012202,0.25,-0.18455249
35.0,7.37122814,2.16741947,-0.84783553,0.24599493,-0.07798479,0.25,-0.18455249
35.1,7.38797149,2.14858163,-0.85590085,0.25226343,-0.08061293,0.25,-0.18195051
35.2,7.40435208,2.12951109,-0.86424357,0.24522475,-0.0884169,0.25,-0.18360683
35.3,7.4206937,2.11027688,-0.8727805,0.24783739,-0.08273729,0.25,-0.18360683
35.4,7.43698736,2.09086748,-0.88043063,0.24798763,-0.06787685,0.25,-0.18166624
35.5,7.45319412,2.07118922,-0.88733763,0.25504811,-0.06708917,0.25,-0.17103215
35.6,7.46391755,2.05806751,-0.89180019,0.25438838,-0.06237449,0.25,-0.17103215
35.7,7.47997592,2.03807468,-0.89879989,0.24807993,-0.08622289,0.25,-0.16887323
35.8,7.49612716,2.01780995,-0.90700217,0.257869,-0.0779208,0.25,-0.16887323
35.9,7.51213384,1.99740946,-0.91495616,0.25502282,-0.07946589,0.25,-0.1746285
36.0,7.52765719,1.97708892,-0.92250787,0.24956432,-0.06744737,0.25,-0.1746285
36.1,7.543,1.95681586,-0.92951584,0.24856071,-0.06805607,0.25,-0.17713436
36.2,7.55820248,1.936626,-0.93661031,0.24904921,-0.07030465,0.25,-0.17713436
36.3,7.57303564,1.91629434,-0.94439852,0.24419059,-0.07964479,0.25,-0.17679154
36.4,7.58769919,1.89582342,-0.95318781,0.25373067,-0.09186218,0.25,-0.18007918
36.5,7.60230431,1.87517621,-0.96166033,0.24861288,-0.06920834,0.25,-0.18007918
36.6,7.6168581,1.85429053,-0.96818604,0.24855169,-0.06586961,0.25,-0.17961488
36.7,7.63130454,1.83334246,-0.97464681,0.25394061,-0.06232633,0.25,-0.17961488
36.8,7.64560711,1.81212128,-0.98123573,0.25044134,-0.06983807,0.25,-0.17919453
36.9,7.66015307,1.79057452,-0.98927424,0.25581637,-0.08445616,0.25,-0.18031963
37.0,7.67449771,1.76888077,-0.99732048,0.25148262,-0.08182838,0.25,-0.18031963
37.1,7.68831855,1.74730333,-1.00554127,0.25548784,-0.06637023,0.25,-0.18208776
37.2,7.70194462,1.72595528,-1.01235164,0.24364125,-0.06875848,0.25,-0.18183402
37.3,7.71097097,1.71163231,-1.01706682,0.25194701,-0.08048822,0.25,-0.18183402
37.4,7.7243173,1.68992399,-1.02512957,0.24899499,-0.07772881,0.25,-0.18253521
37.5,7.73729075,1.66843664,-1.03325477,0.24485715,-0.08434127,0.25,-0.18253521
37.6,7.75018432,1.64670914,-1.04176455,0.25496955,-0.07759959,0.25,-0.18313303
37.7,7.76302612,1.62478816,-1.04839139,0.25083681,-0.06070541,0.25,-0.18313303
37.8,7.77572828,1.60267292,-1.05474621,0.24736003,-0.06925839,0.25,-0.18288162
37.9,7.78834845,1.58040464,-1.06297172,0.24126902,-0.07614782,0.25,-0.18219633
38.0,7.80083778,1.55760446,-1.07017507,0.25757853,-0.06029605,0.25,-0.18219633
38.1,7.81318958,1.53455317,-1.0765918,0.26044743,-0.07067479,0.25,-0.18335258
38.2,7.82531883,1.51194827,-1.0843349,0.25029933,-0.06315341,0.25,-0.18335258
38.3,7.83723838,1.48948038,-1.0909924,0.25207459,-0.06970924,0.25,-0.18119493
38.4,7.84899504,1.46690598,-1.09896371,0.25340379,-0.08597367,0.25,-0.18261706
38.5,7.8604534,1.44432976,-1.10829812,0.25136999,-0.08715251,0.25,-0.18261706
38.6,7.87170979,1.42200672,-1.11460898,0.24151394,-0.05741416,0.25,-0.17777978
38.7,7.88281965,1.39967649,-1.12027067,0.24568612,-0.05808918,0.25,-0.17756315
38.8,7.89395876,1.37672168,-1.12645936,0.25333086,-0.0683275,0.25,-0.17756315
38.9,7.90135016,1.36136018,-1.13174985,0.24427005,-0.08384731,0.25,-0.1853414
39.0,7.91229854,1.33824589,-1.1405331,0.25618143,-0.09039912,0.25,-0.1853414
39.1,7.92307127,1.31471815,-1.14879672,0.25330915,-0.06070806,0.25,-0.18503237
39.2,7.93355392,1.29071509,-1.15428327,0.24275742,-0.04895065,0.25,-0.18503237
39.3,7.94394257,1.2666484,-1.15962277,0.25146099,-0.0554434,0.25,-0.1828337
39.4,7.95408629,1.24313811,-1.16701251,0.2526864,-0.08387296,0.25,-0.1828337
39.5,7.96406846,1.21971074,-1.17556968,0.24799447,-0.0850951,0.25,-0.18796954
39.6,7.97376679,1.19622244,-1.18460277,0.24648956,-0.08762887,0.25,-0.19177866
39.7,7.98323132,1.17304085,-1.19140884,0.24893547,-0.05391346,0.25,-0.19177866
39.8,7.99254106,1.1498432,-1.19709394,0.24615394,-0.05586513,0.25,-0.18993985
39.9,8.00173799,1.12663972,-1.20259974,0.25053336,-0.06120208,0.25,-0.19326602
40.0,8.01110494,1.10282636,-1.21087897,0.25193821,-0.09234108,0.25,-0.19326602
40.1,8.02027298,1.07891947,-1.22030997,0.25854574,-0.09318783,0.25,-0.19568015
40.2,8.02907867,1.05450032,-1.2273014,0.24661313,-0.0571936,0.25,-0.19758402
40.3,8.03773411,1.02972331,-1.23261111,0.25826841,-0.05030207,0.25,-0.19758402
40.4,8.04624751,1.00492351,-1.23809442,0.2497473,-0.05685721,0.25,-0.1974944
40.5,8.05190065,0.98862681,-1.24249871,0.25094087,-0.08711876,0.25,-0.1974944
40.6,8.06013492,0.96442794,-1.25159617,0.25452177,-0.08324604,0.25,-0.19936539
40.7,8.06806085,0.94029011,-1.260471,0.25046541,-0.08802241,0.25,-0.19936539
40.8,8.07579137,0.91629902,-1.26884446,0.26085064,-0.05898361,0.25,-0.2000039
40.9,8.08326417,0.89247462,-1.27488945,0.24081139,-0.05493972,0.25,-0.20037609
41.0,8.09062737,0.86893909,-1.28030017,0.23988932,-0.0479085,0.25,-0.20037609
41.1,8.09786318,0.84463632,-1.28674402,0.24168723,-0.07323271,0.25,-0.20235182
41.2,8.1049453,0.8199322,-1.29522844,0.24476165,-0.0840115,0.25,-0.20235182
41.3,8.11192988,0.79502012,-1.30292417,0.26165155,-0.07562641,0.25,-0.2062319
41.4,8.118751,0.76972309,-1.30879772,0.26267256,-0.05812427,0.25,-0.20856159
41.5,8.12538525,0.74433282,-1.31429607,0.25775618,-0.05388045,0.25,-0.20856159
41.6,8.13174452,0.7198082,-1.3221228,0.25514818,-0.09299649,0.25,-0.20833947
41.7,8.13797448,0.69515326,-1.332219,0.25115371,-0.10065647,0.25,-0.20833947
41.8,8.14394269,0.67041712,-1.34191011,0.24720709,-0.09970628,0.25,-0.20478179
41.9,8.14956086,0.64580725,-1.35058688,0.25887577,-0.06991944,0.25,-0.20642054
42.0,8.15504574,0.62150225,-1.35690797,0.25005139,-0.05014143,0.25,-0.20872925
42.1,8.16036125,0.59664594,-1.36271731,0.25898386,-0.0760919,0.25,-0.20872925
42.2,8.16381619,0.57978813,-1.36805804,0.24176396,-0.08822507,0.25,-0.20872925
42.3,8.1689156,0.55466946,-1.3771566,0.25684811,-0.05143756,0.25,-0.21066369
42.4,8.17381434,0.529369,-1.38390604,0.26369579,-0.05585556,0.25,-0.21250145
42.5,8.17859018,0.50346823,-1.38869132,0.24397478,-0.05736449,0.25,-0.21250145
42.6,8.1831564,0.4787814,-1.39584503,0.23946464,-0.08388118,0.25,-0.21785013
42.7,8.18747064,0.45410966,-1.40533513,0.24699403,-0.10092629,0.25,-0.21785013
42.8,8.19168171,0.42902241,-1.41613656,0.25050021,-0.07504261,0.25,-0.22061458
42.9,8.19556508,0.40374136,-1.42317156,0.25864935,-0.06069694,0.25,-0.22120596
43.0,8.1992839,0.37888953,-1.4292894,0.23703173,-0.04830337,0.25,-0.22120596
43.1,8.20278209,0.35357605,-1.43543688,0.25587084,-0.07596291,0.25,-0.22237384
43.2,8.20612898,0.3280683,-1.44491838,0.24291388,-0.09603935,0.25,-0.22237384
43.3,8.20926568,0.30247679,-1.45555569,0.25214622,-0.11520524,0.25,-0.22547299
43.4,8.21224641,0.27704514,-1.46678619,0.25178464,-0.09074915,0.25,-0.22547299
43.5,8.21480884,0.251689,-1.47524898,0.23613165,-0.07563692,0.25,-0.22416054
43.6,8.21710326,0.22614109,-1.48378905,0.24244851,-0.10045781,0.25,-0.22290438
43.7,8.21928093,0.20122144,-1.49301758,0.24296581,-0.0788988,0.25,-0.22366942
43.8,8.22066517,0.18452439,-1.498351,0.24020901,-0.079205,0.25,-0.22366942
43.9,8.22247861,0.1594912,-1.50625424,0.25215554,-0.082243,0.25,-0.2215196
44.0,8.22428437,0.13408669,-1.51382131,0.24913474,-0.07204453,0.25,-0.2215196
44.1,8.22590593,0.10863096,-1.52108797,0.24869324,-0.070813,0.25,-0.22277773
44.2,8.22711143,0.08287193,-1.52915552,0.25363945,-0.08612882,0.25,-0.22277773
44.3,8.22829273,0.05679131,-1.53797199,0.26389494,-0.07780915,0.25,-0.22651657
44.4,8.22906582,0.03103005,-1.54847028,0.24081343,-0.12783934,0.25,-0.22114164
44.5,8.22952649,0.00541345,-1.56062453,0.26219506,-0.10213399,0.25,-0.22114164
44.6,8.22966424,-0.02018247,-1.56935523,0.26390639,-0.07157949,0.25,-0.22183746
44.7,8.22970952,-0.04552789,-1.57441911,0.26555608,-0.022184,0.25,-0.22183746
44.8,8.22959681,-0.0705619,-1.57980677,0.24459865,-0.07351779,0.25,-0.2116398
44.9,8.22937108,-0.09561719,-1.58710108,0.24597758,-0.06469529,0.25,-0.21851526
45.0,8.22891613,-0.12098953,-1.59592478,0.24798174,-0.08362469,0.25,-0.21851526
45.1,8.22851619,-0.14642273,-1.60425287,0.2503464,-0.08562932,0.25,-0.22195475
45.2,8.22785257,-0.17186019,-1.61317317,0.24454404,-0.09350434,0.25,-0.22292611
45.3,8.22665022,-0.19766138,-1.62143401,0.24923579,-0.08214415,0.25,-0.22292611
45.4,8.22523417,-0.22374903,-1.62970275,0.2400003,-0.08418867,0.25,-0.2242788
45.5,8.22420712,-0.24100869,-1.63593761,0.26254334,-0.1019541,0.25,-0.2242788
45.6,8.22250475,-0.26660485,-1.64773133,0.24271428,-0.0940853,0.25,-0.22699441
45.7,8.22049397,-0.29188554,-1.65501288,0.26162249,-0.04635069,0.25,-0.22699441
45.8,8.21834654,-0.31738729,-1.66222852,0.23836464,-0.11231023,0.25,-0.22441879
45.9,8.21597348,-0.34240958,-1.6741963,0.25462046,-0.10850151,0.25,-0.22441879
46.0,8.21334927,-0.36726128,-1.68492058,0.23984232,-0.103202,0.25,-0.22691486
46.1,8.21051892,-0.39233625,-1.69402431,0.2587431,-0.0848392,0.25,-0.22359369
46.2,8.20760641,-0.41752508,-1.70356421,0.25091777,-0.09449281,0.25,-0.22359369
46.3,8.2041451,-0.44291138,-1.71183826,0.26071215,-0.06970984,0.25,-0.22190782
46.4,8.20051797,-0.46847937,-1.71958392,0.2642371,-0.08408837,0.25,-0.22190782
46.5,8.19664146,-0.49425375,-1.72898981,0.2493037,-0.09068434,0.25,-0.22130801
46.6,8.19259594,-0.52012676,-1.73728298,0.25160202,-0.07411866,0.25,-0.2226667
46.7,8.18843563,-0.54573976,-1.74329083,0.25117785,-0.05859412,0.25,-0.2226667
46.8,8.18398391,-0.57078184,-1.75015823,0.25188529,-0.07596748,0.25,-0.21847512
46.9,8.17947566,-0.59579276,-1.75873932,0.25575331,-0.09520863,0.25,-0.22231096
47.0,8.17467522,-0.62046663,-1.76970242,0.2423869,-0.10420715,0.25,-0.22231096
47.1,8.17149992,-0.63676799,-1.77632538,0.24181444,-0.09050784,0.25,-0.22231096
47.2,8.16641368,-0.66122356,-1.78590442,0.23561128,-0.0809529,0.25,-0.22234983
47.3,8.16096071,-0.68592139,-1.79383742,0.25499268,-0.07422511,0.25,-0.21876228
47.4,8.15525623,-0.71090809,-1.80076275,0.24302531,-0.07066461,0.25,-0.21876228
47.5,8.14928283,-0.73606741,-1.80916355,0.26063608,-0.09477243,0.25,-0.2152696
47.6,8.14313685,-0.7614226,-1.81629435,0.26209585,-0.06341037,0.25,-0.2152696
47.7,8.13684756,-0.78685657,-1.82308706,0.25413012,-0.07237885,0.25,-0.21500707
47.8,8.1304043,-0.81203201,-1.83117431,0.26257197,-0.08181376,0.25,-0.21500707
47.9,8.12378506,-0.83677737,-1.83946621,0.25436398,-0.07455341,0.25,-0.21060875
48.0,8.11699615,-0.86123532,-1.84714559,0.2501774,-0.09207373,0.25,-0.2122691
48.1,8.11001543,-0.88550253,-1.85785217,0.25544085,-0.1132342,0.25,-0.2122691
48.2,8.10306093,-0.90946536,-1.86743818,0.24918909,-0.09240571,0.25,-0.21346954
48.3,8.09600923,-0.93338681,-1.87726963,0.24911197,-0.10462223,0.25,-0.21346954
48.4,8.08831313,-0.95732935,-1.88642474,0.25386758,-0.06055391,0.25,-0.20991362
48.5,8.08035379,-0.98159811,-1.89261601,0.25427058,-0.07146559,0.25,-0.20943488
48.6,8.07206406,-1.00611889,-1.90058261,0.24991466,-0.0956823,0.25,-0.21023935
48.7,8.06651414,-1.02247732,-1.90562057,0.26197297,-0.05962826,0.25,-0.21023935
48.8,8.05794718,-1.04712508,-1.91351083,0.25349653,-0.09402959,0.25,-0.21023935
48.9,8.0492736,-1.07149991,-1.92330217,0.25631132,-0.09944432,0.25,-0.2105727
49.0,8.04044811,-1.09532135,-1.93168188,0.25242356,-0.08297172,0.25,-0.21015992
49.1,8.03139148,-1.11926093,-1.93924025,0.25479052,-0.07068323,0.25,-0.21015992
49.2,8.02216927,-1.14295891,-1.94662829,0.24181279,-0.07381339,0.25,-0.20884975
49.3,8.01314055,-1.16629686,-1.95562187,0.24673137,-0.10300693,0.25,-0.20884975
49.4,8.00364873,-1.18952153,-1.96571101,0.24039384,-0.09609591,0.25,-0.20916764
49.5,7.99390202,-1.21306316,-1.97465256,0.25518813,-0.06421435,0.25,-0.20717223
49.6,7.98370784,-1.23708297,-1.9815329,0.25357774,-0.08171103,0.25,-0.20717223
49.7,7.97342,-1.26055707,-1.99008429,0.26355883,-0.06274491,0.25,-0.20380728
49.8,7.96296768,-1.28416185,-1.99997144,0.25673449,-0.09559498,0.25,-0.20520279
49.9,7.95230831,-1.30766208,-2.00898231,0.24927725,-0.08101303,0.25,-0.20520279
50.0,7.9414983,-1.33022072,-2.01614302,0.23869096,-0.06890143,0.25,-0.2015666
50.1,7.93053471,-1.35273364,-2.02381469,0.25332991,-0.0904708,0.25,-0.19951328
50.2,7.9231883,-1.36799033,-2.02982886,0.250113,-0.09374831,0.25,-0.19951328
50.3,7.91206579,-1.39079308,-2.0390314,0.24821439,-0.07872906,0.25,-0.19940466
50.4,7.90070949,-1.41321644,-2.04742098,0.24792526,-0.09268962,0.25,-0.19940466
50.5,7.8890999,-1.43558173,-2.05680225,0.23888232,-0.08573125,0.25,-0.19628865
50.6,7.87700811,-1.45847605,-2.06464755,0.25892685,-0.06509119,0.25,-0.19628865
50.7,7.86478044,-1.48120898,-2.07206318,0.25794998,-0.08161253,0.25,-0.1878873
50.8,7.852704,-1.50357509,-2.08015748,0.25038449,-0.08888793,0.25,-0.19275261
50.9,7.84053775,-1.5257707,-2.08952938,0.25307221,-0.09770504,0.25,-0.19275261
51.0,7.82788404,-1.54782838,-2.09787724,0.24381603,-0.06780142,0.25,-0.18105089
51.1,7.815092,-1.56937409,-2.10458473,0.25165695,-0.06343819,0.25,-0.18105089
51.2,7.80219016,-1.59083669,-2.11111139,0.24898856,-0.0724592,0.25,-0.18165306
51.3,7.78916057,-1.6126318,-2.11898677,0.25162859,-0.08432856,0.25,-0.18165306
51.4,7.77595509,-1.6343409,-2.12758329,0.24845085,-0.08563659,0.25,-0.18516321
51.5,7.76246936,-1.65609329,-2.13593302,0.25364561,-0.06449649,0.25,-0.18402267
51.6,7.74861488,-1.67813591,-2.14273959,0.24731852,-0.06717626,0.25,-0.18527183
51.7,7.73459156,-1.7002164,-2.14972889,0.25088387,-0.07124425,0.25,-0.18527183
51.8,7.72060153,-1.72171091,-2.1581059,0.24766918,-0.09441475,0.25,-0.18522444
51.9,7.71141307,-1.73585,-2.16456191,0.25179728,-0.09531422,0.25,-0.18522444
52.0,7.69734331,-1.75693917,-2.1735463,0.24659299,-0.09330308,0.25,-0.18349274
52.1,7.68303418,-1.7777641,-2.18222947,0.24431097,-0.07240331,0.25,-0.18349274
52.2,7.66847449,-1.79820828,-2.18926821,0.24722727,-0.06943306,0.25,-0.18196259
52.3,7.65377245,-1.81858745,-2.19638308,0.2451472,-0.06902174,0.25,-0.18196259
52.4,7.63886708,-1.83920048,-2.20395412,0.24975729,-0.08265891,0.25,-0.1806376
52.5,7.62374254,-1.85973217,-2.2120994,0.25000292,-0.08089665,0.25,-0.18192131
52.6,7.60862174,-1.88012082,-2.22029618,0.24861349,-0.082889,0.25,-0.18192131
52.7,7.59299271,-1.90065931,-2.22790217,0.25838416,-0.07059187,0.25,-0.17946523
52.8,7.57711801,-1.92139722,-2.23495707,0.25685675,-0.07135822,0.25,-0.17946523
52.9,7.56117613,-1.94169015,-2.24285021,0.2531711,-0.10234898,0.25,-0.17961851
53.0,7.54527839,-1.96159729,-2.25140686,0.25960525,-0.07317855,0.25,-0.17832524
53.1,7.52920243,-1.98140616,-2.25910941,0.24886025,-0.08125939,0.25,-0.17832524
53.2,7.51303493,-2.0010098,-2.26700138,0.24462766,-0.07087842,0.25,-0.17642098
53.3,7.49677876,-2.02006431,-2.2741312,0.25181793,-0.07256032,0.25,-0.17647931
53.4,7.48039758,-2.03912231,-2.2811068,0.25247882,-0.06722572,0.25,-0.17647931
53.5,7.469385,-2.05194856,-2.28593947,0.24660192,-0.07451284,0.25,-0.17371664
53.6,7.45280855,-2.07117114,-2.29353268,0.24729755,-0.07403084,0.25,-0.17371664
53.7,7.4359668,-2.09027365,-2.30117755,0.24891868,-0.07312356,0.25,-0.17599677
53.8,7.41885228,-2.10935354,-2.30883033,0.2570804,-0.07745365,0.25,-0.1747578
53.9,7.40144227,-2.12866585,-2.31623511,0.25894523,-0.06940218,0.25,-0.1747578
54.0,7.38390302,-2.14793476,-2.32362508,0.25200154,-0.07355654,0.25,-0.16568511
54.1,7.36639702,-2.16652845,-2.33120367,0.24463873,-0.07623214,0.25,-0.16568511
54.2,7.3489322,-2.18497259,-2.33913045,0.25348825,-0.0731167,0.25,-0.16916219
54.3,7.33119879,-2.20324008,-2.34635987,0.24754911,-0.06795476,0.25,-0.17316608
54.4,7.31336049,-2.22123939,-2.35422154,0.24907701,-0.09637499,0.25,-0.17316608
54.5,7.29555594,-2.23898539,-2.36167914,0.24844207,-0.07616856,0.25,-0.17169293
54.6,7.27755823,-2.25689192,-2.36892738,0.24810402,-0.07143823,0.25,-0.17169293
54.7,7.25926987,-2.27467386,-2.37622104,0.24466664,-0.07460144,0.25,-0.17215572
54.8,7.24078469,-2.29240418,-2.38382162,0.24610884,-0.0746801,0.25,-0.17579234
54.9,7.22217622,-2.31019103,-2.39162575,0.25540319,-0.07321142,0.25,-0.17492342
55.0,7.20304921,-2.32773697,-2.39981735,0.25431288,-0.07017402,0.25,-0.17492342
55.1,7.19021131,-2.33937109,-2.4047277,0.26125069,-0.06152918,0.25,-0.17492342
55.2,7.17122557,-2.35654774,-2.41219904,0.24213861,-0.07796823,0.25,-0.17449795
55.3,7.15217512,-2.37353853,-2.41995444,0.25450425,-0.07143613,0.25,-0.17492093
55.4,7.13297876,-2.39029464,-2.42730267,0.25186553,-0.07317235,0.25,-0.17492093
55.5,7.11377379,-2.40683117,-2.434996,0.25062673,-0.07397416,0.25,-0.17419313
55.6,7.09472424,-2.42318731,-2.44215496,0.24885287,-0.07109053,0.25,-0.17419313
55.7,7.07557893,-2.43939564,-2.44925769,0.24101984,-0.06938259,0.25,-0.17298714
55.8,7.05605878,-2.45562556,-2.45623977,0.25285363,-0.076936,0.25,-0.17298714
55.9,7.0362651,-2.47185008,-2.46433049,0.24746134,-0.0774869,0.25,-0.17393723
56.0,7.01628518,-2.48797771,-2.47232208,0.24587391,-0.0761303,0.25,-0.17393723
56.1,6.99594439,-2.50396953,-2.47917342,0.25695415,-0.0555004,0.25,-0.17363984
56.2,6.97536275,-2.51978176,-2.48577665,0.25536242,-0.06567549,0.25,-0.17218919
56.3,6.95475999,-2.5354315,-2.49270914,0.25016691,-0.07106734,0.25,-0.17218919
56.4,6.93441839,-2.55081146,-2.50021633,0.25288684,-0.07247413,0.25,-0.17404603
56.5,6.91394294,-2.56592061,-2.50778976,0.2464736,-0.07180572,0.25,-0.17417576
56.6,6.89342065,-2.58081751,-2.51522444,0.24589412,-0.06708776,0.25,-0.17417576
56.7,6.87993228,-2.59071207,-2.51978728,0.24635516,-0.06793462,0.25,-0.17417576
56.8,6.85974918,-2.60542386,-2.52659048,0.24461688,-0.06572873,0.25,-0.1757087
56.9,6.83937333,-2.61996635,-2.53358505,0.24827629,-0.07837922,0.25,-0.1757087
57.0,6.81839842,-2.63476535,-2.54148246,0.2503049,-0.07560948,0.25,-0.16911282
57.1,6.7972921,-2.64934732,-2.549416,0.24882345,-0.07842398,0.25,-0.16833773
57.2,6.77586245,-2.6636898,-2.55683537,0.2562997,-0.06340126,0.25,-0.16833773
57.3,6.75401943,-2.67786328,-2.56313078,0.25701094,-0.06249616,0.25,-0.16743734
57.4,6.73231471,-2.69188568,-2.56948604,0.25360961,-0.0609618,0.25,-0.16743734
57.5,6.71068867,-2.70574341,-2.57630685,0.24735958,-0.07153337,0.25,-0.16784349
57.6,6.68909712,-2.71941936,-2.58368891,0.2478105,-0.07100751,0.25,-0.16784349
57.7,6.66746685,-2.73280617,-2.59120766,0.25466148,-0.08262078,0.25,-0.16889954
57.8,6.64611275,-2.74593298,-2.59787472,0.24722605,-0.06164711,0.25,-0.17378482
57.9,6.62493713,-2.75902728,-2.60416011,0.24125619,-0.06138495,0.25,-0.17378482
58.0,6.60338214,-2.77203216,-2.61040905,0.2565975,-0.0650566,0.25,-0.17324866
58.1,6.58128455,-2.78494771,-2.61779899,0.25917031,-0.07553308,0.25,-0.17503854
58.2,6.55909388,-2.79780663,-2.62556509,0.24450612,-0.06872703,0.25,-0.17503854
58.3,6.53656929,-2.81056627,-2.63259175,0.24395166,-0.06114896,0.25,-0.17649916
58.4,6.52136585,-2.81891302,-2.63675068,0.25239032,-0.06161501,0.25,-0.17649916
58.5,6.49874924,-2.83133496,-2.64326272,0.2481103,-0.07189096,0.25,-0.17849594
58.6,6.47656334,-2.84339901,-2.65104706,0.24430256,-0.08292504,0.25,-0.17849594
58.7,6.45405518,-2.85536161,-2.65962221,0.25538688,-0.08579068,0.25,-0.1808309
58.8,6.43144687,-2.86712184,-2.66788411,0.24967192,-0.07917541,0.25,-0.18277775
58.9,6.40916144,-2.87862187,-2.67466498,0.24311496,-0.06095123,0.25,-0.18277775
59.0,6.3869047,-2.88993763,-2.68092566,0.2436471,-0.06108907,0.25,-0.1816558
59.1,6.36410326,-2.90118163,-2.68773872,0.25174198,-0.07416046,0.25,-0.1816558
59.2,6.34101377,-2.91238745,-2.69576384,0.25096625,-0.09096602,0.25,-0.18008246
59.3,6.3179392,-2.92338133,-2.70379222,0.25328676,-0.06789235,0.25,-0.17627078
59.4,6.29436426,-2.93424012,-2.7105708,0.25335509,-0.05422897,0.25,-0.17627078
59.5,6.27073861,-2.94494837,-2.71636118,0.24613365,-0.0720968,0.25,-0.17624901
59.6,6.24775336,-2.95545325,-2.72396727,0.24688428,-0.07804472,0.25,-0.17569815
59.7,6.22465455,-2.9656538,-2.73211745,0.25358201,-0.0751882,0.25,-0.17569815
59.8,6.20135885,-2.97577895,-2.7385203,0.25134778,-0.0556071,0.25,-0.18089463
59.9,6.18564233,-2.98244706,-2.74258936,0.24930184,-0.06194978,0.25,-0.18089463
60.0,6.1625156,-2.99232171,-2.74882691,0.24365973,-0.05246968,0.25,-0.17377085
60.1,6.13934049,-3.00201014,-2.75440376,0.2606896,-0.05820727,0.25,-0.17377085
60.2,6.11551347,-3.01170082,-2.76185024,0.24702194,-0.08596824,0.25,-0.17777507
60.3,6.09158426,-3.02117773,-2.77025757,0.24343832,-0.07863094,0.25,-0.17950894
60.4,6.06769821,-3.03041579,-2.77821295,0.24734318,-0.05651746,0.25,-0.17950894
60.5,6.04390767,-3.03945521,-2.78381275,0.25365963,-0.05496926,0.25,-0.18237356
60.6,6.02002682,-3.04839073,-2.79032739,0.24297502,-0.07620149,0.25,-0.18237356
60.7,5.99638799,-3.0569976,-2.79869347,0.24631212,-0.09433852,0.25,-0.18775206
60.8,5.97257426,-3.06528999,-2.80791104,0.24591804,-0.09223738,0.25,-0.19335452
60.9,5.94864713,-3.07358663,-2.81602086,0.25131183,-0.06136183,0.25,-0.19335452
61.0,5.92442363,-3.08168826,-2.82218553,0.24976869,-0.06357444,0.25,-0.19071893
61.1,5.90014703,-3.08965979,-2.82827606,0.24878518,-0.06527286,0.25,-0.19071893
61.2,5.87549011,-3.09756093,-2.8355601,0.24952185,-0.07843218,0.25,-0.19219555
61.3,5.85066395,-3.1053434,-2.84358851,0.25378882,-0.07432458,0.25,-0.19922791
61.4,5.82602057,-3.11287523,-2.85223043,0.24433551,-0.11218471,0.25,-0.19922791
61.5,5.80145028,-3.12012047,-2.86168724,0.25701483,-0.06053864,0.25,-0.20060018
61.6,5.78510949,-3.12479833,-2.86549682,0.24758129,-0.05402751,0.25,-0.20060018
61.7,5.76096556,-3.13169377,-2.87102708,0.24611427,-0.06039073,0.25,-0.2058063
61.8,5.73690361,-3.13835499,-2.87931836,0.25187285,-0.09095406,0.25,-0.20619685
61.9,5.71263647,-3.14496635,-2.88801384,0.24849397,-0.08916445,0.25,-0.20619685
62.0,5.6882003,-3.15131247,-2.89674389,0.24998188,-0.07861606,0.25,-0.20898666
62.1,5.66343464,-3.15746906,-2.90333489,0.25645393,-0.06172332,0.25,-0.20898666
62.2,5.63854981,-3.1634595,-2.90949314,0.2552808,-0.06049296,0.25,-0.20891554
62.3,5.61345096,-3.16934279,-2.91694715,0.26037319,-0.0800207,0.25,-0.20730228
62.4,5.58795908,-3.1751819,-2.9250742,0.2513762,-0.08651143,0.25,-0.20730228
62.5,5.56270402,-3.18064176,-2.93374111,0.24527232,-0.09993935,0.25,-0.20346124
62.6,5.53772538,-3.18586805,-2.94129272,0.25454897,-0.04788096,0.25,-0.20346124
62.7,5.51291179,-3.19089634,-2.94618162,0.24719492,-0.05442884,0.25,-0.20584354
62.8,5.487922,-3.19579673,-2.95199979,0.24116776,-0.07360875,0.25,-0.20144913
62.9,5.46322366,-3.20047868,-2.96095092,0.24021873,-0.0895213,0.25,-0.20144913
63.0,5.43839817,-3.20492535,-2.97089031,0.2445716,-0.10403543,0.25,-0.20880351
63.1,5.4133044,-3.20918984,-2.98068576,0.24843092,-0.07608009,0.25,-0.20386287
63.2,5.38816175,-3.21327259,-2.98701806,0.25068541,-0.06176265,0.25,-0.20386287
63.3,5.3713719,-3.21590374,-2.99082136,0.25410739,-0.04910845,0.25,-0.19913498
63.4,5.34603978,-3.21965963,-2.99724102,0.26162297,-0.07380769,0.25,-0.19913498
63.5,5.32031598,-3.22337768,-3.00344765,0.24925845,-0.06289034,0.25,-0.19048626
63.6,5.29449187,-3.22693006,-3.00978182,0.25936175,-0.07132555,0.25,-0.19048626
63.7,5.26913079,-3.2302526,-3.0179595,0.24663402,-0.05592982,0.25,-0.18362191
63.8,5.24396882,-3.23337085,-3.02251197,0.25327906,-0.05570423,0.25,-0.17326587
63.9,5.21871306,-3.23641069,-3.02887075,0.24494618,-0.07161562,0.25,-0.17326587
64.0,5.19349954,-3.23922563,-3.03732093,0.25217351,-0.08706843,0.25,-0.16107816
64.1,5.16854611,-3.24178498,-3.0426301,0.25235182,-0.03822906,0.25,-0.16107816
64.2,5.14350088,-3.24426809,-3.04667619,0.25585803,-0.04830226,0.25,-0.14504074
64.3,5.11812259,-3.24667181,-3.05103536,0.24777388,-0.03278931,0.25,-0.14504074
64.4,5.09273869,-3.24893236,-3.05500736,0.25620174,-0.03802633,0.25,-0.14078233
64.5,5.06719356,-3.25109006,-3.05994125,0.25594536,-0.05953507,0.25,-0.13378015
64.6,5.04143291,-3.25319005,-3.06447569,0.25342646,-0.03478052,0.25,-0.12519873
64.7,5.01561523,-3.25516948,-3.06758141,0.25161881,-0.02896103,0.25,-0.12519873
64.8,4.998478,-3.25642093,-3.06942375,0.24527649,-0.0251299,0.25,-0.12519873
64.9,4.9730555,-3.25825547,-3.0730716,0.25120634,-0.04241532,0.25,-0.12089813
65.0,4.94758541,-3.25998417,-3.07726249,0.24790518,-0.03879278,0.25,-0.11704307
65.1,4.92219109,-3.26157686,-3.08145681,0.25392075,-0.03956758,0.25,-0.11704307
65.2,4.89691141,-3.26306349,-3.08513844,0.24968166,-0.03270258,0.25,-0.10797921
65.3,4.87168291,-3.26445361,-3.08800712,0.24363728,-0.0240908,0.25,-0.10797921
65.4,4.84630859,-3.26576244,-3.09060385,0.24578612,-0.03335402,0.25,-0.10419192
65.5,4.82080543,-3.26704446,-3.09403848,0.247829,-0.03533532,0.25,-0.09891102
65.6,4.79531089,-3.26821907,-3.09762746,0.2503585,-0.03723856,0.25,-0.09891102
65.7,4.76969662,-3.26933644,-3.10122759,0.2493254,-0.02953033,0.25,-0.09116046
65.8,4.74398262,-3.27038961,-3.10347692,0.24532697,-0.02349859,0.25,-0.09116046
65.9,4.71830153,-3.27135373,-3.10571488,0.25001259,-0.02089209,0.25,-0.08211836
66.0,4.69278727,-3.27224606,-3.10837032,0.25018225,-0.02494311,0.25,-0.08211836
66.1,4.6672478,-3.27314873,-3.11098125,0.250321,-0.02526971,0.25,-0.08091235
66.2,4.64182123,-3.27388334,-3.11359204,0.24675067,-0.02921594,0.25,-0.07464596
66.3,4.61647016,-3.27456223,-3.11560939,0.24736171,-0.0170399,0.25,-0.07464596
66.4,4.59954341,-3.27498353,-3.1169265,0.25285091,-0.01828925,0.25,-0.06960848
66.5,4.57416314,-3.27557599,-3.1187971,0.24888838,-0.01756769,0.25,-0.06960848
66.6,4.54867228,-3.27614222,-3.12093821,0.25153126,-0.01983408,0.25,-0.0629476
66.7,4.5231489,-3.2766611,-3.12283525,0.24646002,-0.01927432,0.25,-0.06273212
66.8,4.4976231,-3.27710675,-3.12466595,0.2491399,-0.01130779,0.25,-0.06273212
66.9,4.47195477,-3.27754402,-3.12598327,0.25353958,-0.01264016,0.25,-0.05781848
67.0,4.44632927,-3.27795751,-3.12735945,0.25126642,-0.01495777,0.25,-0.05781848
67.1,4.42073579,-3.27831585,-3.12888025,0.24994018,-0.01688936,0.25,-0.05402504
67.2,4.39523609,-3.27862527,-3.13029398,0.25006884,-0.0118915,0.25,-0.05402504
67.3,4.3697516,-3.27889416,-3.13173058,0.24956158,-0.01693047,0.25,-0.05095394
67.4,4.34431523,-3.27913001,-3.13328856,0.24877672,-0.01143123,0.25,-0.05095394
67.5,4.31884481,-3.27930233,-3.13449673,0.2489802,-0.01224262,0.25,-0.04841453
67.6,4.29340428,-3.27945277,-3.13562877,0.25122426,-0.01126089,0.25,-0.04570755
67.7,4.26790799,-3.27960276,-3.13689105,0.25103604,-0.01519767,0.25,-0.04570755
67.8,4.24240096,-3.27971188,-3.13823418,0.25253647,-0.01138258,0.25,-0.04054405
67.9,4.21687026,-3.27977687,-3.13936611,0.24763843,-0.00695114,0.25,-0.03699123
68.0,4.1998123,-3.2798209,-3.13991548,0.25257508,-0.00648661,0.25,-0.03699123
68.1,4.17423428,-3.27987009,-3.14066885,0.25254239,-0.00812512,0.25,-0.03699123
68.2,4.14867244,-3.27990338,-3.14155581,0.25149226,-0.0095716,0.25,-0.03661124
68.3,4.12316775,-3.27992216,3.14039274,0.25009921,-0.0124697,0.25,-0.03525812
68.4,4.09765488,-3.27989523,3.13946447,0.25043842,-0.00790896,0.25,-0.03525812
68.5,4.07216018,-3.27983615,3.13837378,0.25140475,-0.00633248,0.25,-0.03151803
68.6,4.04669794,-3.27973568,3.13768196,0.2485917,-0.00619838,0.25,-0.03151803
68.7,4.02122913,-3.27961843,3.13698443,0.24946472,-0.00646199,0.25,-0.02627628
68.8,3.99572375,-3.27948931,3.13638672,0.24886929,-0.00614564,0.25,-0.02542268
68.9,3.97022567,-3.27934834,3.13566431,0.25026219,-0.00511417,0.25,-0.02542268
69.0,3.94471277,-3.27919001,3.13490399,0.2503548,-0.00576621,0.25,-0.02356955
69.1,3.91918494,-3.27902234,3.13442352,0.24974245,-0.00534315,0.25,-0.02356955
69.2,3.89364762,-3.27884148,3.1339424,0.24930231,-0.00574758,0.25,-0.02307673
69.3,3.8681172,-3.27864908,3.13339305,0.24925913,-0.00558342,0.25,-0.02071779
69.4,3.84261125,-3.27843463,3.13253893,0.25012109,-0.00831625,0.25,-0.02071779
69.5,3.8171063,-3.27819806,3.13201877,0.24957765,-0.0048676,0.25,-0.01955392
69.6,3.80010782,-3.2780344,3.13166654,0.25064282,-0.00716723,0.25,-0.01955392
69.7,3.77461356,-3.2777681,3.13120366,0.2503855,-0.0038933,0.25,-0.01483493
69.8,3.74910739,-3.27748839,3.13088289,0.25007448,-0.00267655,0.25,-0.0141767
69.9,3.72361298,-3.27720582,3.13059474,0.25007707,-0.00344118,0.25,-0.0141767
70.0,3.69810866,-3.27692402,3.13012408,0.25014218,-0.00517545,0.25,-0.01177819
70.1,3.67259993,-3.27663037,3.12959381,0.25063996,-0.00368166,0.25,-0.01177819
70.2,3.64708365,-3.27632337,3.12921663,0.25071619,-0.00115755,0.25,-0.01034384
70.3,3.62156151,-3.27600964,3.12903891,0.25002218,-0.00187425,0.25,-0.00894404
70.4,3.59605043,-3.27569125,3.12888132,0.24967445,-0.00184596,0.25,-0.00894404
70.5,3.57054163,-3.27536786,3.12863849,0.25038663,-0.00563186,0.25,-0.00845748
70.6,3.54503721,-3.27503018,3.12790782,0.24990032,-0.0066075,0.25,-0.00845748
70.7,3.51953208,-3.27467625,3.12736797,0.24988056,-0.00402989,0.25,-0.00676358
70.8,3.49402874,-3.27430785,3.12718027,0.24967972,-0.00087328,0.25,-0.00497218
70.9,3.46852139,-3.27393561,3.1271339,0.25046958,5.342e-05,0.25,-0.00497218
71.0,3.44301816,-3.27356261,3.12709208,0.24967327,-0.00047046,0.25,-0.00281927
71.1,3.41751679,-3.27318812,3.126884,0.24984671,-0.00136547,0.25,-0.00166909
71.2,3.40051271,-3.27293724,3.12674102,0.25020464,-0.00332544,0.25,-0.00166909
71.3,3.37500509,-3.2725558,3.12656953,0.24990733,-1.395e-05,0.25,-0.00167585
71.4,3.34949816,-3.27217257,3.12663931,0.25007576,0.001026,0.25,-0.00167585
71.5,3.32399067,-3.27179069,3.12664585,0.25020742,-7.755e-05,0.25,-9.386e-05
71.6,3.29848925,-3.27141085,3.12672432,0.25017054,-0.00049505,0.25,-9.386e-05
71.7,3.27298504,-3.27103081,3.12660998,0.25025267,-0.00077194,0.25,0.00125111
71.8,3.2474798,-3.27064764,3.12645264,0.25023725,-0.00246385,0.25,0.00123644
71.9,3.22197093,-3.27026063,3.12642962,0.2501163,0.00084886,0.25,0.00123644
72.0,3.19645634,-3.2698747,3.1265916,0.25024465,0.00183063,0.25,0.00278392
72.1,3.17094451,-3.26949355,3.1267759,0.24995526,0.00247577,0.25,0.00278392
72.2,3.14543781,-3.26911691,3.12681947,0.24999682,-0.00191792,0.25,0.0033006
72.3,3.11993023,-3.26873881,3.1267873,0.25015394,0.00016493,0.25,0.0033006
72.4,3.09442374,-3.26836533,3.12680832,0.24992589,0.00051663,0.25,0.00243855
72.5,3.06892259,-3.26799014,3.12693117,0.24990634,0.00193203,0.25,0.00331975
72.6,3.0434264,-3.26761599,3.12713667,0.25006356,0.00180804,0.25,0.0049896
72.7,3.0179318,-3.26724978,3.12734106,0.24997551,0.00193588,0.25,0.0049896
72.8,3.00093128,-3.26700802,3.12734925,0.24974094,0.00048643,0.25,0.00474647
72.9,2.97542816,-3.26664663,3.12721754,0.24988119,-0.00234519,0.25,0.00474647
73.0,2.94992435,-3.26627745,3.12707264,0.25017483,0.00011427,0.25,0.00586782
73.1,2.9244079,-3.26590901,3.12730198,0.25047125,0.00243012,0.25,0.00586782
73.2,2.89888386,-3.26554205,3.12760157,0.25051615,0.00217405,0.25,0.00696818
73.3,2.87336711,-3.26518765,3.12786829,0.25011986,0.00085982,0.25,0.00696818
73.4,2.84785909,-3.26483844,3.127917,0.24968607,0.00131569,0.25,0.00733562
73.5,2.82234771,-3.26449187,3.12801502,0.25022334,0.00118249,0.25,0.00792646
73.6,2.7968495,-3.26414684,3.1281771,0.24969669,0.00283806,0.25,0.00792646
73.7,2.77136318,-3.26380815,3.12852944,0.2502285,0.0036487,0.25,0.00791841
73.8,2.74587928,-3.26348454,3.12884438,0.24965853,0.00367298,0.25,0.00791841
73.9,2.72038511,-3.26316751,3.1290074,0.2504588,-0.00044227,0.25,0.00743377
74.0,2.69488007,-3.26284594,3.12901742,0.25014088,0.00024733,0.25,0.00743377
74.1,2.66937091,-3.2625267,3.12904898,0.25033754,0.00141881,0.25,0.00704615
74.2,2.643849,-3.26220326,3.1293141,0.25051943,0.00394294,0.25,0.00925118
74.3,2.61832678,-3.26189542,3.12969402,0.25031801,0.00353044,0.25,0.00925118
74.4,2.60131496,-3.26169599,3.12992685,0.25077805,0.00358022,0.25,0.00855552
74.5,2.57580104,-3.26140022,3.13014548,0.24984317,0.00126091,0.25,0.00855552
74.6,2.55029275,-3.26111158,3.13028318,0.2500761,0.00147656,0.25,0.00853592
74.7,2.52478206,-3.26082408,3.13041839,0.24954064,0.00243645,0.25,0.00853592
74.8,2.4992919,-3.26054261,3.1307123,0.24968445,0.00285369,0.25,0.0091025
74.9,2.47380626,-3.260269,3.13106847,0.24990564,0.00362083,0.25,0.0091025
75.0,2.44832171,-3.26000805,3.1313968,0.25003284,0.00202619,0.25,0.01002513
75.1,2.42281814,-3.2597493,3.13155654,0.24996199,0.00079439,0.25,0.00920858
75.2,2.39730686,-3.25949256,3.13161275,0.25015899,0.00228421,0.25,0.00920858
75.3,2.37179238,-3.25923957,3.13178777,0.24980392,0.00371257,0.25,0.0084032
75.4,2.34626918,-3.25899453,3.13216763,0.25059092,0.00380852,0.25,0.0084032
75.5,2.32074938,-3.25876352,3.13249544,0.25046055,0.00305946,0.25,0.00895045
75.6,2.29523573,-3.25853352,3.13264636,0.24984699,-0.0004041,0.25,0.00895045
75.7,2.26973164,-3.25830475,3.13275649,0.2495836,0.00128855,0.25,0.00888856
75.8,2.24422299,-3.25808067,3.13289267,0.24985485,0.00164293,0.25,0.00718496
75.9,2.21873188,-3.25786098,3.13315229,0.2497281,0.0036485,0.25,0.00718496
76.0,2.19324519,-3.25765148,3.13346703,0.24959503,0.00344416,0.25,0.00834066
76.1,2.17625483,-3.25751722,3.13365718,0.24986049,0.00233405,0.25,0.00834066
76.2,2.15075088,-3.25731749,3.13375101,0.25006048,4.443e-05,0.25,0.0074884
76.3,2.12523997,-3.25711736,3.13375907,0.25009655,1.9e-06,0.25,0.00790368
76.4,2.09972696,-3.25691786,3.13377181,0.25081774,0.00072791,0.25,0.00790368
76.5,2.07420441,-3.25672173,3.13402764,0.25040034,0.00292974,0.25,0.00787682
76.6,2.0486768,-3.2565287,3.13435975,0.25059592,0.0036732,0.25,0.00787682
76.7,2.02315883,-3.25634638,3.13466967,0.25051692,0.00134849,0.25,0.00828837
76.8,1.99765521,-3.25617364,3.1347832,0.25016491,0.00091842,0.25,0.00742987
76.9,1.97214603,-3.25600214,3.13490012,0.2499873,0.0010839,0.25,0.00742987
77.0,1.94664053,-3.25582804,3.13504105,0.24991988,0.00253362,0.25,0.00736484
77.1,1.92114796,-3.25565871,3.13531903,0.24967215,0.00350587,0.25,0.00736484
77.2,1.89566129,-3.25550522,3.13560572,0.25001883,0.00239015,0.25,0.00729533
77.3,1.87015991,-3.25535528,3.13567156,0.24957426,-0.00144889,0.25,0.0062295
77.4,1.84464982,-3.2552042,3.13567139,0.25043021,-0.00049723,0.25,0.0062295
77.5,1.8191368,-3.25505345,3.13566821,0.25011623,3.994e-05,0.25,0.00399949
77.6,1.79361929,-3.25490207,3.13584514,0.25007941,0.00205307,0.25,0.00454646
77.7,1.77660581,-3.2548047,3.13602986,0.24991123,0.0027083,0.25,0.00454646
77.8,1.75108886,-3.25466331,3.13624929,0.25043763,0.00229972,0.25,0.00454646
77.9,1.72557799,-3.25452861,3.13632092,0.25005537,5.502e-05,0.25,0.00300851
78.0,1.70007086,-3.25439539,3.13631339,0.24997241,-0.00034822,0.25,0.00132692
78.1,1.67456061,-3.25426268,3.13627836,0.24987615,0.00080723,0.25,0.00132692
78.2,1.64905623,-3.25412773,3.13640534,0.24990209,0.00065552,0.25,-0.00094395
78.3,1.62355018,-3.25399867,3.13647833,0.25016916,0.00082585,0.25,-0.00094395
78.4,1.59804686,-3.25387067,3.13647578,0.24985738,-0.00226156,0.25,-0.00050163
78.5,1.57254159,-3.25373871,3.1362261,0.2498646,-0.00523217,0.25,-0.00050163
78.6,1.54703234,-3.25359967,3.13599013,0.24995129,-0.00156837,0.25,-0.00569173
78.7,1.52152577,-3.25345575,3.13575416,0.24972137,-0.00051977,0.25,-0.00569173
78.8,1.49601344,-3.25329938,3.13563849,0.24996846,-0.00074747,0.25,-0.00867165
78.9,1.47050666,-3.25314047,3.13552018,0.25001436,-0.00095195,0.25,-0.01244463
79.0,1.44500473,-3.25298318,3.13514214,0.24998149,-0.00516306,0.25,-0.01368112
79.1,1.41949905,-3.25281468,3.13471706,0.24917698,-0.00529068,0.25,-0.01368112
79.2,1.40248765,-3.25270001,3.13438543,0.24963073,-0.0042651,0.25,-0.01368112
79.3,1.37696363,-3.25251659,3.13403725,0.24933589,-0.00240477,0.25,-0.01430861
79.4,1.35143426,-3.25232759,3.13375385,0.25100492,-0.00209223,0.25,-0.01628516
79.5,1.32590781,-3.25213284,3.1334225,0.25061573,-0.00369461,0.25,-0.01628516
79.6,1.30039841,-3.25192009,3.13298397,0.25010199,-0.00410759,0.25,-0.01750293
79.7,1.27489396,-3.25169568,3.13241852,0.25008596,-0.00424698,0.25,-0.01750293
79.8,1.24939934,-3.25145931,3.13196052,0.25079925,-0.00489014,0.25,-0.02052392
79.9,1.22390757,-3.25120207,3.13150193,0.25024095,-0.00408619,0.25,-0.02145228
80.0,1.19841165,-3.2509285,3.13100421,0.24991129,-0.00588877,0.25,-0.02145228
80.1,1.17292298,-3.25064812,3.13049,0.24982699,-0.00514396,0.25,-0.02125789
80.2,1.1474153,-3.2503627,3.12990335,0.24993216,-0.00523553,0.25,-0.02125789
80.3,1.12189663,-3.25007381,3.12938209,0.25132403,-0.00542279,0.25,-0.02247586
80.4,1.09635478,-3.24976035,3.12885692,0.25062616,-0.00422652,0.25,-0.00682464
80.5,1.07084253,-3.24944029,3.12874513,0.24960201,-0.00011832,0.25,-0.00682464
80.6,1.04532723,-3.24911438,3.12866147,0.25008687,-0.00130141,0.25,-0.01362749
80.7,1.02832328,-3.2488922,3.12840206,0.25011649,-0.00346685,0.25,-0.01362749
80.8,1.00282127,-3.24855019,3.1280059,0.25004829,-0.00362112,0.25,-0.0148605
80.9,0.9773199,-3.24819747,3.12760555,0.25019285,-0.0055443,0.25,-0.01662255
81.0,0.95181284,-3.24782481,3.12712254,0.25040912,-0.00487783,0.25,-0.01662255
81.1,0.92631694,-3.24744136,3.12676259,0.25099553,-0.00351675,0.25,-0.01912097
81.2,0.90082129,-3.24704832,3.12633471,0.25003656,-0.00600431,0.25,-0.01912097
81.3,0.87531798,-3.24665349,3.12571621,0.24928346,-0.01226864,0.25,-0.03311598
81.4,0.84981633,-3.24624094,3.12475772,0.24929325,-0.01047994,0.25,-0.03828461
81.5,0.8242896,-3.24580654,3.12371503,0.2524246,-0.00932901,0.25,-0.03828461
81.6,0.79873511,-3.24536088,3.12286356,0.25114099,-0.00867016,0.25,-0.03990461
81.7,0.7731692,-3.24489007,3.12198878,0.24846157,-0.00952748,0.25,-0.03990461
81.8,0.74762062,-3.24439527,3.12096523,0.25005656,-0.01131631,0.25,-0.04236971
81.9,0.72213316,-3.24386198,3.11995755,0.25012612,-0.00970737,0.25,-0.04556642
82.0,0.69664726,-3.24330087,3.11889148,0.24984531,-0.01333688,0.25,-0.04556642
82.1,0.67118982,-3.24268788,3.11760278,0.25042847,-0.01010681,0.25,-0.04559082
82.2,0.64575423,-3.242054,3.11660034,0.25100019,-0.01025008,0.25,-0.04721277
82.3,0.62031084,-3.24138468,3.11553943,0.24881447,-0.01018976,0.25,-0.04721277
82.4,0.60331778,-3.24094014,3.11471345,0.24986398,-0.01233522,0.25,-0.04556324
82.5,0.57781052,-3.24024987,3.11341243,0.24899126,-0.01356294,0.25,-0.04556324
82.6,0.55228578,-3.23953117,3.11203985,0.2505746,-0.01098767,0.25,-0.04856482
82.7,0.52672749,-3.23877743,3.11085686,0.25069074,-0.0109889,0.25,-0.04856482
82.8,0.50112334,-3.23799734,3.10970399,0.24949283,-0.00979901,0.25,-0.05261056
82.9,0.47555697,-3.23719549,3.10846455,0.25071216,-0.01514197,0.25,-0.05261056
83.0,0.45005612,-3.23633922,3.10689724,0.24897781,-0.0159052,0.25,-0.05706581
83.1,0.42458408,-3.23542117,3.10508484,0.2497986,-0.01932677,0.25,-0.06044185
83.2,0.39912258,-3.23447524,3.10324005,0.24888479,-0.01472533,0.25,-0.06044185
83.3,0.37372245,-3.23347753,3.10177955,0.25030413,-0.01534342,0.25,-0.06685233
83.4,0.34834119,-3.23243268,3.1002456,0.25315335,-0.0154001,0.25,-0.06685233
83.5,0.32293971,-3.23136549,3.09868566,0.2533364,-0.01656261,0.25,-0.06785408
83.6,0.29746346,-3.23025856,3.09674219,0.25007329,-0.02320749,0.25,-0.07314232
83.7,0.27193296,-3.22909085,3.09442197,0.25397058,-0.02380261,0.25,-0.07314232
83.8,0.24634376,-3.22787992,3.09223642,0.25014535,-0.0169549,0.25,-0.07950988
83.9,0.22922865,-3.22702822,3.09109426,0.25054943,-0.0148642,0.25,-0.07950988
84.0,0.2036386,-3.22576088,3.08931206,0.24813912,-0.0186213,0.25,-0.07793305
84.1,0.17817616,-3.22440339,3.08699868,0.25105976,-0.02589192,0.25,-0.07793305
84.2,0.15269196,-3.22301675,3.08429185,0.25114346,-0.02977893,0.25,-0.08445293
84.3,0.12723822,-3.22155578,3.08141346,0.24563579,-0.02795352,0.25,-0.08445293
84.4,0.10190116,-3.21999588,3.07863223,0.24557554,-0.0272466,0.25,-0.09405502
84.5,0.07662673,-3.21838908,3.07599807,0.25031484,-0.02280772,0.25,-0.10137385
84.6,0.05126126,-3.21668417,3.07331267,0.25002424,-0.03060514,0.25,-0.10137385
84.7,0.02578248,-3.21487976,3.07010371,0.25281211,-0.03711024,0.25,-0.11128449
84.8,0.00032406,-3.21303455,3.06627016,0.2544403,-0.0306422,0.25,-0.11128449
84.9,-0.02523531,-3.21109857,3.06279577,0.24843157,-0.03172067,0.25,-0.11525608
85.0,-0.05095063,-3.20908941,3.05995354,0.25362979,-0.03142055,0.25,-0.12213749
85.1,-0.07646226,-3.20701003,3.05665132,0.24729604,-0.03505603,0.25,-0.12213749
85.2,-0.10151695,-3.20485055,3.05318107,0.24285628,-0.03759406,0.25,-0.13103021
85.3,-0.12688438,-3.20257294,3.0488484,0.25302271,-0.04170165,0.25,-0.13103021
85.4,-0.15226092,-3.20018824,3.04402269,0.24619042,-0.05074697,0.25,-0.1316598
85.5,-0.17738289,-3.19772858,3.04010581,0.25410501,-0.04267296,0.25,-0.13856882
85.6,-0.20238241,-3.19515104,3.03622467,0.24365676,-0.03905895,0.25,-0.13856882
85.7,-0.21920477,-3.19334709,3.03294369,0.25463792,-0.05669762,0.25,-0.14358922
85.8,-0.24502577,-3.19051551,3.02870122,0.25339643,-0.03896938,0.25,-0.14358922
85.9,-0.2705329,-3.18762268,3.02428707,0.24480988,-0.04272768,0.25,-0.14592167
86.0,-0.29606259,-3.18463795,3.01874377,0.25738949,-0.04797472,0.25,-0.14592167
86.1,-0.32174793,-3.18146822,3.01442326,0.25631216,-0.05374715,0.25,-0.14995223
86.2,-0.34681613,-3.17825502,3.00928781,0.24750522,-0.04258048,0.25,-0.15270516
86.3,-0.37158004,-3.17486779,3.00516609,0.24978063,-0.04237858,0.25,-0.15270516
86.4,-0.39670703,-3.17137506,2.99947895,0.24591073,-0.06064248,0.25,-0.15825155
86.5,-0.42192076,-3.16777542,2.99317754,0.25591923,-0.06080839,0.25,-0.15825155
86.6,-0.44686036,-3.16400465,2.98760369,0.24470614,-0.04891174,0.25,-0.15872627
86.7,-0.47177606,-3.16008822,2.98237635,0.24901358,-0.0528582,0.25,-0.16478217
86.8,-0.49728047,-3.15593804,2.97718066,0.25661159,-0.04438246,0.25,-0.16478217
86.9,-0.52289459,-3.15167709,2.97237184,0.24773891,-0.07092414,0.25,-0.16658826
87.0,-0.5480966,-3.14731605,2.96662367,0.24776434,-0.04495524,0.25,-0.1637949
87.1,-0.57322077,-3.14284223,2.96170658,0.25519262,-0.04456186,0.25,-0.1637949
87.2,-0.59855522,-3.13824985,2.95670218,0.25003812,-0.05578181,0.25,-0.17042259
87.3,-0.62313424,-3.13358658,2.95167811,0.24939839,-0.04967572,0.25,-0.17455472
87.4,-0.63945906,-3.13040588,2.9484844,0.24311043,-0.0469757,0.25,-0.17455472
87.5,-0.66395333,-3.12554681,2.94339001,0.25209958,-0.06868483,0.25,-0.17593196
87.6,-0.68890091,-3.12061975,2.9356868,0.24579365,-0.07810856,0.25,-0.17593196
87.7,-0.7138448,-3.11542796,2.92840849,0.25011657,-0.07261594,0.25,-0.18484262
87.8,-0.73905685,-3.1098892,2.92174637,0.25794704,-0.05092226,0.25,-0.18484262
87.9,-0.76464126,-3.10419656,2.91684277,0.26087723,-0.04717956,0.25,-0.18649642
88.0,-0.79023037,-3.09839237,2.91198019,0.25503206,-0.06855104,0.25,-0.18777726
88.1,-0.81508524,-3.09259839,2.90325436,0.25124959,-0.07275402,0.25,-0.18777726
88.2,-0.83977744,-3.08672804,2.89692496,0.25046206,-0.05570103,0.25,-0.19451899
88.3,-0.864304,-3.08060147,2.89066292,0.24322577,-0.06061774,0.25,-0.19451899
88.4,-0.8882894,-3.07431995,2.88505612,0.24380529,-0.05297974,0.25,-0.19476291
88.5,-0.91217245,-3.06783821,2.87963939,0.24830333,-0.05345687,0.25,-0.19476291
88.6,-0.93652773,-3.061247,2.8726489,0.24846664,-0.08842045,0.25,-0.19943122
88.7,-0.96103717,-3.054814,2.86327169,0.25169576,-0.09443147,0.25,-0.2018448
88.8,-0.9854956,-3.04820934,2.85373561,0.24803105,-0.09342222,0.25,-0.2018448
88.9,-1.00197677,-3.04347562,2.84814565,0.25944492,-0.05727636,0.25,-0.20351972
89.0,-1.02729279,-3.03595238,2.8425753,0.26231913,-0.05344959,0.25,-0.20351972
89.1,-1.05225632,-3.0282201,2.83620498,0.25909453,-0.08539449,0.25,-0.20410702
89.2,-1.07666681,-3.02048148,2.82396218,0.25630002,-0.12404,0.25,-0.20928033
89.3,-1.10093945,-3.0124093,2.81414484,0.26375023,-0.06375191,0.25,-0.20928033
89.4,-1.12505076,-3.00414203,2.80561691,0.24668112,-0.08977813,0.25,-0.20738716
89.5,-1.14866313,-2.99580004,2.79792452,0.23829801,-0.06360379,0.25,-0.20738716
89.6,-1.1719411,-2.98729715,2.79135159,0.24091331,-0.06344278,0.25,-0.20702363
89.7,-1.19548062,-2.97857084,2.78382331,0.24939119,-0.07534614,0.25,-0.20553252
89.8,-1.21935407,-2.96967812,2.77434025,0.25143484,-0.09769316,0.25,-0.20553252
89.9,-1.24311872,-2.96072544,2.76466551,0.24467065,-0.09017492,0.25,-0.20751193
90.0,-1.26693036,-2.9512936,2.75726996,0.25273338,-0.06839317,0.25,-0.20751193
90.1,-1.29124116,-2.94156747,2.74995404,0.26187953,-0.06131873,0.25,-0.20259426
90.2,-1.31568183,-2.931697,2.74359935,0.25786258,-0.06069462,0.25,-0.20377775
90.3,-1.33925616,-2.92198745,2.73545615,0.25486957,-0.09164633,0.25,-0.21048973
90.4,-1.36261876,-2.91219813,2.72603388,0.2460487,-0.09122637,0.25,-0.21048973
90.5,-1.38580656,-2.90184067,2.71719291,0.25543389,-0.09479168,0.25,-0.21152769
90.6,-1.40109721,-2.89494782,2.70991385,0.23920882,-0.10614969,0.25,-0.21152769
90.7,-1.42385047,-2.88440138,2.70013084,0.24636116,-0.08832972,0.25,-0.21624928
90.8,-1.44655623,-2.87363034,2.69140849,0.24596266,-0.09545978,0.25,-0.21624928
90.9,-1.46943899,-2.86285179,2.68106581,0.24974547,-0.10104476,0.25,-0.21304288
91.0,-1.49233116,-2.85147167,2.67249034,0.25521501,-0.08046325,0.25,-0.21304288
91.1,-1.5154108,-2.83986707,2.66457817,0.25080358,-0.07633371,0.25,-0.21137411
91.2,-1.53847607,-2.82795458,2.65607864,0.26082798,-0.09002585,0.25,-0.21137411
91.3,-1.56133776,-2.81580108,2.64630345,0.25386945,-0.09601395,0.25,-0.2121322
91.4,-1.58401686,-2.80358959,2.63778934,0.26190381,-0.07847172,0.25,-0.2121322
91.5,-1.60630129,-2.79130647,2.62940566,0.25065883,-0.10058969,0.25,-0.2128433
91.6,-1.62839239,-2.77872796,2.61922337,0.24114899,-0.09320467,0.25,-0.21326669
91.7,-1.65020762,-2.76612297,2.60909005,0.25187017,-0.10505246,0.25,-0.21326669
91.8,-1.67187256,-2.75352306,2.59926961,0.24774287,-0.09717439,0.25,-0.21281332
91.9,-1.6934122,-2.74079139,2.58929929,0.24145107,-0.09551602,0.25,-0.21004114
92.0,-1.714948,-2.72742558,2.58016562,0.25624108,-0.08733574,0.25,-0.21004114
92.1,-1.72948017,-2.71833461,2.57425563,0.25465663,-0.08369304,0.25,-0.20906352
92.2,-1.75141735,-2.70456675,2.56567322,0.24986958,-0.0860409,0.25,-0.20906352
92.3,-1.77313099,-2.69055311,2.55717907,0.25356882,-0.08274963,0.25,-0.20699472
92.4,-1.79464965,-2.67603651,2.54808838,0.25927844,-0.09136816,0.25,-0.20699472
92.5,-1.81605093,-2.66135706,2.53891725,0.25871707,-0.09003367,0.25,-0.2052745
92.6,-1.83716335,-2.64677098,2.53023258,0.25429013,-0.08476634,0.25,-0.2052745
92.7,-1.85800079,-2.63210856,2.52176552,0.25191335,-0.08134764,0.25,-0.20360117
92.8,-1.87852194,-2.61731679,2.51159618,0.25094899,-0.09599891,0.25,-0.20360117
92.9,-1.89884059,-2.60267561,2.50285127,0.24310597,-0.08654607,0.25,-0.20199433
93.0,-1.91903264,-2.58789528,2.49385373,0.2526928,-0.08959059,0.25,-0.19286736
93.1,-1.93911805,-2.5728642,2.48531673,0.24690619,-0.0802866,0.25,-0.19286736
93.2,-1.9593319,-2.55723303,2.47664347,0.25420432,-0.08379031,0.25,-0.19703468
93.3,-1.97974445,-2.54140605,2.46804881,0.24938722,-0.08659601,0.25,-0.19703468
93.4,-1.99997489,-2.52526757,2.45968076,0.26003704,-0.08229371,0.25,-0.1942864
93.5,-2.01998083,-2.50875594,2.45141021,0.24943695,-0.08175386,0.25,-0.19825043
93.6,-2.03982274,-2.49224956,2.44257462,0.25263109,-0.08240149,0.25,-0.19825043
93.7,-2.05276513,-2.48139876,2.43693426,0.24221978,-0.08334262,0.25,-0.19511242
93.8,-2.07214712,-2.46485325,2.42871848,0.25449481,-0.07959311,0.25,-0.19511242
93.9,-2.09139054,-2.44813914,2.42057829,0.24503148,-0.07887458,0.25,-0.19596012
94.0,-2.11033161,-2.4316195,2.41234197,0.24035474,-0.08197767,0.25,-0.19507972
94.1,-2.12909016,-2.41507341,2.40442646,0.24226889,-0.07265338,0.25,-0.19507972
94.2,-2.14780662,-2.39812051,2.39624715,0.25162645,-0.08149537,0.25,-0.19439812
94.3,-2.16687682,-2.38051767,2.38797832,0.2599622,-0.07891745,0.25,-0.19439812
94.4,-2.18552413,-2.36288052,2.37899323,0.25887256,-0.05974343,0.25,-0.19523705
94.5,-2.2041721,-2.34495259,2.37080882,0.24909656,-0.08114783,0.25,-0.19391524
94.6,-2.22263023,-2.32672047,2.36277137,0.25163803,-0.07480583,0.25,-0.19391524
94.7,-2.24068999,-2.30891973,2.35433612,0.24177355,-0.08811588,0.25,-0.19221349
94.8,-2.25844025,-2.29099452,2.34510909,0.24504456,-0.09183659,0.25,-0.19156869
94.9,-2.2762092,-2.27284365,2.33680088,0.24918575,-0.07406483,0.25,-0.19156869
95.0,-2.2938416,-2.25444376,2.32896668,0.25216727,-0.07857097,0.25,-0.18801504
95.1,-2.31116837,-2.23631105,2.32139239,0.24836723,-0.0752529,0.25,-0.18795339
95.2,-2.32264946,-2.2241416,2.31626968,0.24607332,-0.07744405,0.25,-0.18795339
95.3,-2.34006519,-2.20517286,2.30791034,0.2566966,-0.08564838,0.25,-0.18690207
95.4,-2.35724621,-2.18595472,2.29985812,0.24991671,-0.09163626,0.25,-0.18690207
95.5,-2.37423636,-2.16682618,2.28738708,0.25762343,-0.10724028,0.25,-0.18666314
95.6,-2.39099287,-2.14753784,2.27890332,0.24929909,-0.0727433,0.25,-0.18666314
95.7,-2.40763135,-2.12802662,2.27191221,0.25119965,-0.07198588,0.25,-0.18047567
95.8,-2.42383505,-2.10869407,2.26375622,0.24108418,-0.08243535,0.25,-0.17824126
95.9,-2.43996298,-2.08922968,2.25570786,0.2490196,-0.07993919,0.25,-0.17824126
96.0,-2.45604259,-2.06959952,2.24807568,0.24805641,-0.06844766,0.25,-0.176207
96.1,-2.47201362,-2.04981243,2.24144103,0.24847001,-0.06393067,0.25,-0.176207
96.2,-2.48781101,-2.02979804,2.23514287,0.24947242,-0.05921275,0.25,-0.16452651
96.3,-2.50372349,-2.00944056,2.22792469,0.25884175,-0.06997091,0.25,-0.17440136
96.4,-2.51962756,-1.98895574,2.22015672,0.25598486,-0.07482907,0.25,-0.17440136
96.5,-2.5352226,-1.96842165,2.21202229,0.25701333,-0.08060754,0.25,-0.17249185
96.6,-2.54537554,-1.95482101,2.2072483,0.24562962,-0.06728679,0.25,-0.17249185
96.7,-2.56049731,-1.93435159,2.20035598,0.24891442,-0.06782083,0.25,-0.17558586
96.8,-2.57544872,-1.91388447,2.19340035,0.24521839,-0.07193721,0.25,-0.17554131
96.9,-2.59016477,-1.89339458,2.18571962,0.24120403,-0.07266476,0.25,-0.17554131
97.0,-2.60471527,-1.872756,2.17771747,0.24951728,-0.08139534,0.25,-0.17860907
97.1,-2.61920017,-1.85194907,2.16981928,0.2493627,-0.06027828,0.25,-0.17860907
97.2,-2.63353832,-1.83088865,2.16349917,0.24918769,-0.06062477,0.25,-0.17661212
97.3,-2.64773678,-1.80970554,2.15728809,0.25201984,-0.0618062,0.25,-0.17825466
97.4,-2.66195411,-1.78826662,2.15026142,0.25495786,-0.07765145,0.25,-0.17825466
97.5,-2.67622672,-1.76658209,2.14216579,0.2569716,-0.07459358,0.25,-0.17927088
97.6,-2.69028041,-1.74483502,2.13403538,0.24139327,-0.08151144,0.25,-0.17927088
97.7,-2.70385492,-1.7231701,2.12659592,0.24648052,-0.06627076,0.25,-0.1836774
97.8,-2.71726418,-1.70162765,2.11979263,0.24802002,-0.06795761,0.25,-0.18231979
97.9,-2.73051997,-1.6798964,2.11282974,0.25386401,-0.0743038,0.25,-0.18231979
98.0,-2.74348465,-1.65828345,2.1044994,0.25329822,-0.0877008,0.25,-0.18229285
98.1,-2.75619244,-1.63648665,2.09516917,0.24448614,-0.08029839,0.25,-0.18281412
98.2,-2.76890308,-1.61457234,2.0873997,0.24996311,-0.0676897,0.25,-0.18281412
98.3,-2.77729394,-1.59980121,2.08322708,0.24739468,-0.05996291,0.25,-0.17890748
98.4,-2.78980141,-1.57757927,2.07724354,0.24496932,-0.05597177,0.25,-0.17890748
98.5,-2.80217709,-1.55521675,2.07037496,0.24648916,-0.08069851,0.25,-0.18007415
98.6,-2.81452588,-1.53251527,2.06243336,0.24757514,-0.07403567,0.25,-0.18007415
98.7,-2.82687135,-1.50967711,2.05382228,0.25980472,-0.08322855,0.25,-0.18299121
98.8,-2.838764,-1.48698611,2.04670657,0.24603508,-0.05998019,0.25,-0.18237366
98.9,-2.85040986,-1.46440417,2.0404632,0.24445006,-0.06094717,0.25,-0.18237366
99.0,-2.86191656,-1.44165029,2.03315442,0.25170551,-0.07775258,0.25,-0.17949027
99.1,-2.87322798,-1.418911,2.0246686,0.24610981,-0.0827956,0.25,-0.17949027
99.2,-2.88422019,-1.39625851,2.01575853,0.24222971,-0.06613309,0.25,-0.17641887
99.3,-2.89508799,-1.37349619,2.0094673,0.25350525,-0.05375638,0.25,-0.18036239
99.4,-2.90590977,-1.35039789,2.00365559,0.24524128,-0.05646322,0.25,-0.18036239
99.5,-2.91658605,-1.327194,1.99740096,0.24870762,-0.07228203,0.25,-0.17670549
99.6,-2.92717006,-1.30391042,1.98984141,0.25585692,-0.07515049,0.25,-0.18398547
99.7,-2.93763402,-1.28007466,1.98320782,0.26019737,-0.05486915,0.25,-0.18398547
99.8,-2.94790708,-1.25595215,1.97757839,0.25678025,-0.05492223,0.25,-0.18419085
99.9,-2.95465711,-1.24013847,1.97386891,0.24838213,-0.05589682,0.25,-0.18419085
100.0,-2.96460773,-1.21675317,1.96750591,0.24774099,-0.07841446,0.25,-0.18880535
100.1,-2.97438426,-1.19324136,1.95909908,0.24779122,-0.08082236,0.25,-0.18880535
100.2,-2.98390308,-1.16968562,1.95040228,0.24808138,-0.0865187,0.25,-0.1938604
100.3,-2.99316712,-1.14629308,1.94259861,0.24014634,-0.06673003,0.25,-0.1938604
100.4,-3.00231269,-1.12319709,1.9367687,0.23939946,-0.05466956,0.25,-0.19229913
100.5,-3.01141494,-1.09972395,1.93103274,0.25154636,-0.06365043,0.25,-0.19376512
100.6,-3.020521,-1.07588533,1.92284899,0.24376259,-0.08280879,0.25,-0.19376512
100.7,-3.02929963,-1.05180806,1.91403994,0.25212867,-0.08197618,0.25,-0.1970762
100.8,-3.03789311,-1.02740906,1.90678245,0.26242846,-0.05119069,0.25,-0.1970762
100.9,-3.04632751,-1.00245502,1.90161095,0.24630624,-0.05116758,0.25,-0.19768059
101.0,-3.05466278,-0.97763726,1.89642031,0.24999123,-0.0533141,0.25,-0.19768059
101.1,-3.06284253,-0.95325573,1.88891109,0.24915753,-0.08638527,0.25,-0.19817701
101.2,-3.07078578,-0.92907972,1.87957009,0.25074439,-0.09927273,0.25,-0.2036269
101.3,-3.07845207,-0.90493925,1.86928943,0.24488354,-0.09673614,0.25,-0.2036269
101.4,-3.08584271,-0.88105472,1.86234219,0.24004413,-0.05396672,0.25,-0.20334756
101.5,-3.0906735,-0.86521051,1.85871897,0.24069089,-0.05132977,0.25,-0.20334756
101.6,-3.09778451,-0.84149955,1.85341066,0.25253175,-0.05407986,0.25,-0.19976443
101.7,-3.10482693,-0.81707588,1.84629165,0.24904655,-0.08046108,0.25,-0.19976443
101.8,-3.11174514,-0.79222625,1.83779898,0.25365219,-0.0762454,0.25,-0.20496355
101.9,-3.11851305,-0.7671843,1.82989118,0.26209694,-0.05943231,0.25,-0.20496355
102.0,-3.12506873,-0.74167837,1.82491321,0.25320361,-0.04901144,0.25,-0.20418445
102.1,-3.13153009,-0.71621123,1.81989171,0.26069235,-0.04833792,0.25,-0.20155821
102.2,-3.13785902,-0.69104973,1.81416087,0.25165669,-0.07997543,0.25,-0.20155821
102.3,-3.14423676,-0.66620156,1.80520132,0.2528867,-0.08909122,0.25,-0.2042018
102.4,-3.15011044,-0.64157196,1.79515247,0.24184325,-0.10686999,0.25,-0.2042018
102.5,-3.15564835,-0.61713636,1.78687418,0.25087371,-0.05519869,0.25,-0.21097907
102.6,-3.16099941,-0.59290372,1.78151413,0.24160756,-0.04932033,0.25,-0.2112123
102.7,-3.16622678,-0.56830393,1.77516114,0.25976155,-0.08022769,0.25,-0.2112123
102.8,-3.17133583,-0.54306586,1.76483609,0.24408288,-0.11644885,0.25,-0.21162772
102.9,-3.17625086,-0.51787683,1.75417054,0.24857533,-0.08628116,0.25,-0.21696044
103.0,-3.17935319,-0.50087027,1.74878872,0.25747639,-0.08075875,0.25,-0.21696044
103.1,-3.18386126,-0.47495241,1.74290395,0.26247477,-0.04471949,0.25,-0.21863408
103.2,-3.18824177,-0.44967345,1.73767025,0.23566732,-0.05533109,0.25,-0.21863408
103.3,-3.19247176,-0.42507195,1.73052832,0.24388434,-0.08446879,0.25,-0.21954665
103.4,-3.19520953,-0.40848562,1.72477454,0.2424518,-0.07434192,0.25,-0.21954665
103.5,-3.20027579,-0.37495767,1.71341882,0.25128429,-0.0980119,0.25,-0.22531629
103.6,-3.20386189,-0.35011051,1.70396678,0.24863466,-0.0668535,0.25,-0.2264888
103.7,-3.20719827,-0.32560907,1.69863416,0.24114497,-0.04601882,0.25,-0.2264888
103.8,-3.21035612,-0.29974801,1.69244495,0.2601025,-0.07366436,0.25,-0.225925
103.9,-3.21354148,-0.27415978,1.68385038,0.24024045,-0.10710756,0.25,-0.225925
104.0,-3.21642385,-0.2487149,1.67481399,0.25169211,-0.05985436,0.25,-0.23093915
104.1,-3.21901656,-0.2231394,1.67056123,0.25208832,-0.03942979,0.25,-0.23051416
104.2,-3.22160253,-0.19720776,1.66593799,0.24502885,-0.06182703,0.25,-0.23051416
104.3,-3.22400582,-0.17242363,1.65871273,0.25029077,-0.07833491,0.25,-0.23334274
104.4,-3.22617038,-0.14753899,1.65002977,0.24745155,-0.10651855,0.25,-0.23964518
104.5,-3.22827125,-0.12224892,1.63909592,0.24871483,-0.09709504,0.25,-0.23964518
104.6,-3.22952579,-0.10528743,1.63306692,0.24833856,-0.0835859,0.25,-0.2376445
104.7,-3.23129116,-0.07986713,1.62454468,0.24944241,-0.08388045,0.25,-0.2376445
104.8,-3.23254666,-0.05429591,1.61521506,0.24713583,-0.11959519,0.25,-0.23637107
104.9,-3.233743,-0.02877708,1.60345064,0.25440598,-0.11215056,0.25,-0.23827395
105.0,-3.23450494,-0.00308122,1.59139404,0.26177162,-0.12570078,0.25,-0.23827395
105.1,-3.23479433,0.02259101,1.57819322,0.26347458,-0.10961106,0.25,-0.22542578
105.2,-3.23489579,0.04820414,1.56909833,0.24710708,-0.07131605,0.25,-0.22542578
105.3,-3.23475289,0.07369706,1.56093722,0.25357071,-0.05450499,0.25,-0.22626797
105.4,-3.23447351,0.09872109,1.55340459,0.23916145,-0.06962628,0.25,-0.22465588
105.5,-3.23404491,0.12375907,1.54601672,0.25127772,-0.08954286,0.25,-0.22465588
105.6,-3.23336629,0.14913791,1.5360299,0.24808082,-0.09120712,0.25,-0.2270417
105.7,-3.23268586,0.17458226,1.52689874,0.2498194,-0.08187683,0.25,-0.2270417
105.8,-3.23183565,0.20000561,1.51729216,0.24892531,-0.10024623,0.25,-0.22836289
105.9,-3.23044369,0.22576756,1.50785004,0.25534526,-0.07531839,0.25,-0.22929697
106.0,-3.22881311,0.25217438,1.50156817,0.24597177,-0.05990853,0.25,-0.22929697
106.1,-3.22702799,0.27791642,1.4929476,0.24413119,-0.12440883,0.25,-0.2307319
106.2,-3.22558557,0.2949776,1.48516546,0.24088461,-0.1048248,0.25,-0.2307319
106.3,-3.22326444,0.32045893,1.47565454,0.24040803,-0.09440303,0.25,-0.23342669
106.4,-3.22084015,0.34574327,1.46425558,0.25745825,-0.10312013,0.25,-0.2292161
106.5,-3.2180602,0.3708459,1.45293463,0.25562437,-0.11437325,0.25,-0.2292161
106.6,-3.21495835,0.39580845,1.4407699,0.25540316,-0.10731463,0.25,-0.22822632
106.7,-3.21154996,0.42099616,1.43059956,0.25728355,-0.09747124,0.25,-0.22822632
106.8,-3.20803156,0.44623314,1.42153971,0.24494148,-0.09683155,0.25,-0.22395583
106.9,-3.204414,0.47144014,1.41156902,0.25222619,-0.07394161,0.25,-0.22184803
107.0,-3.20030611,0.49687509,1.40587177,0.24587588,-0.05407182,0.25,-0.22184803
107.1,-3.19607121,0.52283763,1.39978396,0.26228035,-0.05172088,0.25,-0.21922843
107.2,-3.19164362,0.54870177,1.39336991,0.25658599,-0.08065795,0.25,-0.21922843
107.3,-3.18709674,0.57382943,1.38521707,0.26256049,-0.08136153,0.25,-0.22048295
107.4,-3.18227238,0.59894286,1.37677228,0.25505811,-0.10030616,0.25,-0.22386007
107.5,-3.17728126,0.62376749,1.36629388,0.24229566,-0.10396569,0.25,-0.2212791
107.6,-3.17207026,0.64837183,1.35557106,0.25257168,-0.10412247,0.25,-0.2212791
107.7,-3.16676767,0.67271263,1.34666006,0.2516708,-0.08764234,0.25,-0.21833253
107.8,-3.1611301,0.69724066,1.3377669,0.25242702,-0.08720473,0.25,-0.21833253
107.9,-3.15723979,0.71379115,1.33127036,0.25456779,-0.07653759,0.25,-0.214861
108.0,-3.15115616,0.73876854,1.32422211,0.25380265,-0.08047317,0.25,-0.214861
108.1,-3.14486285,0.76374792,1.31662776,0.25167011,-0.07934166,0.25,-0.21083342
108.2,-3.1382185,0.78884115,1.3093653,0.25854623,-0.08123699,0.25,-0.21083342
108.3,-3.13153919,0.81407557,1.30117846,0.25418786,-0.08218492,0.25,-0.20722276
108.4,-3.12468029,0.83907517,1.29246107,0.24704957,-0.0819896,0.25,-0.207464
108.5,-3.11758515,0.86361579,1.28404078,0.25059058,-0.09627409,0.25,-0.207464
108.6,-3.11040097,0.88784987,1.27406814,0.24922767,-0.1131368,0.25,-0.20732004
108.7,-3.10291985,0.91195781,1.26396979,0.24358052,-0.08468855,0.25,-0.20732004
108.8,-3.09537901,0.93586329,1.25530583,0.24959665,-0.08527154,0.25,-0.20806129
108.9,-3.0879152,0.95956303,1.24638294,0.24457492,-0.09101615,0.25,-0.20192829
109.0,-3.07990584,0.98346511,1.23861796,0.24580514,-0.06053523,0.25,-0.20192829
109.1,-3.07151675,1.00772839,1.2326598,0.24598329,-0.05783697,0.25,-0.2042007
109.2,-3.06296803,1.032027,1.22598727,0.25190377,-0.08575493,0.25,-0.20310946
109.3,-3.05713341,1.04831607,1.21943594,0.26132671,-0.08326038,0.25,-0.20310946
109.4,-3.04822768,1.07274136,1.2108738,0.25746421,-0.08832664,0.25,-0.20457761
109.5,-3.03899266,1.09697078,1.20130923,0.25643552,-0.0947148,0.25,-0.20457761
109.6,-3.02976194,1.12090424,1.19319525,0.24500033,-0.06701275,0.25,-0.20270917
109.7,-3.02026958,1.14452697,1.18633785,0.25371259,-0.06855124,0.25,-0.20270917
109.8,-3.01068945,1.16793232,1.17839048,0.24044684,-0.09390257,0.25,-0.20091489
109.9,-3.00102678,1.19110351,1.16922128,0.25730659,-0.08401163,0.25,-0.20109328
110.0,-2.99124015,1.21417246,1.16043892,0.24343285,-0.08953245,0.25,-0.20109328
110.1,-2.9810971,1.23744157,1.15178262,0.25512289,-0.0701859,0.25,-0.19800859
110.2,-2.97064759,1.26103724,1.14491967,0.2514813,-0.06934365,0.25,-0.19800859
110.3,-2.96002291,1.28460701,1.137785,0.2504933,-0.07799523,0.25,-0.1946949
110.4,-2.94918173,1.3081245,1.12867499,0.25406373,-0.08605622,0.25,-0.19652421
110.5,-2.93805169,1.33147237,1.11947453,0.2494976,-0.09484223,0.25,-0.19652421
110.6,-2.92695258,1.35417449,1.1120793,0.24379716,-0.06374404,0.25,-0.19283223
110.7,-2.91571156,1.37652517,1.10524189,0.24853193,-0.06914284,0.25,-0.18974149
110.8,-2.90421184,1.39921296,1.09828683,0.24647803,-0.06708362,0.25,-0.18974149
110.9,-2.89253209,1.42170954,1.09131583,0.24635985,-0.08051987,0.25,-0.19111174
111.0,-2.88486651,1.43659796,1.085543,0.24707566,-0.08748995,0.25,-0.19111174
111.1,-2.873306,1.45881343,1.07660019,0.24043417,-0.08642848,0.25,-0.19082447
111.2,-2.86108548,1.48148409,1.06909955,0.25161008,-0.0658538,0.25,-0.18883219
111.3,-2.84859234,1.50438054,1.06233766,0.2511961,-0.07716219,0.25,-0.18883219
111.4,-2.83593444,1.52667419,1.05311566,0.25733919,-0.08581266,0.25,-0.18064094
111.5,-2.82303091,1.54909967,1.04518707,0.24756804,-0.08366171,0.25,-0.18064094
111.6,-2.81008905,1.57127858,1.03753715,0.24377649,-0.06660921,0.25,-0.1805053
111.7,-2.79716534,1.59288546,1.03097126,0.24304736,-0.06412416,0.25,-0.18176688
111.8,-2.7841082,1.61429637,1.02419292,0.24706105,-0.06615363,0.25,-0.18176688
111.9,-2.77093326,1.63598101,1.01633284,0.24627145,-0.08457465,0.25,-0.18196904
112.0,-2.75770315,1.6576091,1.00796359,0.24781391,-0.087195,0.25,-0.18196904
112.1,-2.74433186,1.67894368,0.99920292,0.24678548,-0.08373408,0.25,-0.18419808
112.2,-2.73038749,1.70033226,0.99128703,0.24690698,-0.08478897,0.25,-0.18488555
112.3,-2.71615701,1.72204136,0.98378083,0.25346381,-0.072667,0.25,-0.18036579
112.4,-2.70199722,1.74335315,0.97552405,0.25126304,-0.07541009,0.25,-0.18036579
112.5,-2.68777003,1.76444066,0.96729605,0.24499177,-0.08916178,0.25,-0.18064149
112.6,-2.67831111,1.77841748,0.96118359,0.2587937,-0.08622246,0.25,-0.18064149
112.7,-2.66369365,1.79939764,0.95210146,0.25282415,-0.09019795,0.25,-0.1797097
112.8,-2.64892713,1.82005571,0.94323315,0.25324917,-0.07928023,0.25,-0.1797097
112.9,-2.63403443,1.84038379,0.93606856,0.25000547,-0.06670898,0.25,-0.1792465
113.0,-2.61907302,1.86078885,0.92859926,0.25037003,-0.08034728,0.25,-0.1792465
113.1,-2.60382293,1.88117271,0.92047216,0.24716825,-0.07809675,0.25,-0.17530666
113.2,-2.58854516,1.90142588,0.91251867,0.25171796,-0.07389864,0.25,-0.17545927
113.3,-2.57273147,1.9219245,0.90552425,0.25426399,-0.0679343,0.25,-0.17545927
113.4,-2.55679216,1.94251667,0.89854781,0.25575094,-0.06841331,0.25,-0.17363458
113.5,-2.54071262,1.96283442,0.89139035,0.25025093,-0.07593464,0.25,-0.17363458
113.6,-2.52481671,1.98260669,0.88286322,0.25381444,-0.08406566,0.25,-0.17525593
113.7,-2.50873339,2.00223253,0.87418046,0.24608576,-0.08425063,0.25,-0.17560121
113.8,-2.49246701,2.02165826,0.86625146,0.24465725,-0.07459757,0.25,-0.17560121
113.9,-2.47604659,2.04074278,0.85892587,0.2524946,-0.06904379,0.25,-0.17409913
114.0,-2.45948388,2.05972398,0.85177296,0.25022969,-0.07173983,0.25,-0.17423561
114.1,-2.44286683,2.07885684,0.84448245,0.25382304,-0.07684048,0.25,-0.17423561
114.2,-2.42601947,2.09789765,0.8368611,0.24667549,-0.07329338,0.25,-0.17157489
114.3,-2.41474185,2.11051372,0.83199061,0.24761204,-0.07162869,0.25,-0.17157489
114.4,-2.39746668,2.12946872,0.82474202,0.25527025,-0.07159669,0.25,-0.1677287
114.5,-2.37992519,2.14869149,0.81788279,0.25551689,-0.06901329,0.25,-0.1677287
114.6,-2.36229076,2.1674535,0.81049719,0.24717203,-0.07970599,0.25,-0.16759673
114.7,-2.34482951,2.18585302,0.80268177,0.24939599,-0.07647242,0.25,-0.17155877
114.8,-2.32725126,2.20412375,0.79459886,0.24930302,-0.08058442,0.25,-0.17155877
114.9,-2.30940128,2.22227034,0.7869996,0.25029592,-0.06822785,0.25,-0.17259762
115.0,-2.29140121,2.24010567,0.7798731,0.24743986,-0.06920699,0.25,-0.17259762
115.1,-2.27339648,2.25771813,0.77262752,0.25497973,-0.07337697,0.25,-0.17092025
115.2,-2.25528939,2.27542993,0.76542308,0.24858568,-0.07128507,0.25,-0.17545966
115.3,-2.23694728,2.29305185,0.75808901,0.25296146,-0.07034429,0.25,-0.17545966
115.4,-2.21843398,2.31059887,0.75061785,0.25226457,-0.08304266,0.25,-0.17303447
115.5,-2.19971236,2.32811961,0.7425548,0.24900063,-0.07781037,0.25,-0.17303447
115.6,-2.1806647,2.34565671,0.73502255,0.25185589,-0.07091537,0.25,-0.17431322
115.7,-2.16153549,2.36298538,0.72720023,0.25687742,-0.09352439,0.25,-0.1741386
115.8,-2.14245263,2.3798603,0.7193088,0.24119889,-0.05900786,0.25,-0.1741386
115.9,-2.12963222,2.3910888,0.71430658,0.25162637,-0.07191732,0.25,-0.17397181
116.0,-2.11033343,2.40771332,0.70674921,0.25223607,-0.07441178,0.25,-0.17397181
116.1,-2.09092929,2.42410977,0.69926253,0.24705993,-0.07428323,0.25,-0.17494106
116.2,-2.07170017,2.44031853,0.69179178,0.24160789,-0.06982053,0.25,-0.17494106
116.3,-2.05221578,2.45649266,0.68480613,0.24631895,-0.06700426,0.25,-0.17201311
116.4,-2.03256181,2.47259681,0.67802582,0.25135445,-0.06667402,0.25,-0.17129866
116.5,-2.01264199,2.48867596,0.67072285,0.25446036,-0.07690348,0.25,-0.17129866
116.6,-1.99256151,2.50467598,0.66279709,0.250638,-0.07253536,0.25,-0.17335921
116.7,-1.97209743,2.52050426,0.65573572,0.25492897,-0.06614342,0.25,-0.17335921
116.8,-1.95138663,2.53616085,0.64892291,0.25071096,-0.06976846,0.25,-0.174199
116.9,-1.93095833,2.55161925,0.6416592,0.25364565,-0.07783445,0.25,-0.17361465
117.0,-1.9104952,2.56682418,0.63407625,0.24837157,-0.07902077,0.25,-0.17361465
117.1,-1.88990478,2.58183389,0.62663539,0.25222864,-0.07753156,0.25,-0.17399581
117.2,-1.86930583,2.59664953,0.61917411,0.2453363,-0.06328014,0.25,-0.17369261
117.3,-1.84888912,2.6112684,0.61250134,0.24214278,-0.06386711,0.25,-0.17369261
117.4,-1.82854885,2.62577338,0.60585838,0.24371406,-0.06569325,0.25,-0.16711681
117.5,-1.80764537,2.64028782,0.59852166,0.24695702,-0.07396688,0.25,-0.16711681
117.6,-1.79355934,2.6499955,0.59343584,0.25414803,-0.07699177,0.25,-0.16625077
117.7,-1.77234269,2.664458,0.58573561,0.24675431,-0.07693465,0.25,-0.16625077
117.8,-1.75078152,2.67865071,0.57855419,0.25598243,-0.06197985,0.25,-0.16981327
117.9,-1.72893031,2.69269199,0.57220356,0.25107635,-0.06324643,0.25,-0.16981327
118.0,-1.70702442,2.70655771,0.56580238,0.25437816,-0.0657752,0.25,-0.17003722
118.1,-1.68538937,2.72027949,0.558574,0.25614306,-0.0708302,0.25,-0.16803376
118.2,-1.66372622,2.73373022,0.55114724,0.24660025,-0.07870559,0.25,-0.16803376
118.3,-1.64206691,2.74700934,0.54350594,0.25434063,-0.07101048,0.25,-0.17431867
118.4,-1.62064218,2.76001454,0.53691291,0.24191951,-0.06314351,0.25,-0.17431867
118.5,-1.59932708,2.77290368,0.53056007,0.2440254,-0.06152993,0.25,-0.17254843
118.6,-1.57768002,2.78567376,0.52415462,0.24463841,-0.06800368,0.25,-0.1769584
118.7,-1.55554512,2.79856807,0.51604635,0.25340357,-0.08252352,0.25,-0.1769584
118.8,-1.53318512,2.8112902,0.50798337,0.24868581,-0.08062053,0.25,-0.17626459
118.9,-1.51055706,2.82379046,0.5006171,0.25006185,-0.06042616,0.25,-0.17823882
119.0,-1.48755322,2.83609474,0.49450378,0.2561534,-0.06112423,0.25,-0.17823882
119.1,-1.46464682,2.84823861,0.48826436,0.25458714,-0.05899657,0.25,-0.18104598
119.2,-1.44967228,2.85625178,0.48371742,0.24662037,-0.07350488,0.25,-0.18104598
119.3,-1.42703713,2.86820129,0.4758246,0.25194678,-0.08091846,0.25,-0.18269453
119.4,-1.40444773,2.87978853,0.46713068,0.2501816,-0.08491472,0.25,-0.18269453
119.5,-1.38208815,2.89111175,0.45973198,0.24469212,-0.06114422,0.25,-0.19469502
119.6,-1.35990847,2.90228302,0.45331656,0.24136333,-0.06324216,0.25,-0.19469502
119.7,-1.33723739,2.91337639,0.4465758,0.25510192,-0.0691749,0.25,-0.1750391
119.8,-1.31395909,2.92444812,0.43921257,0.24632042,-0.07276275,0.25,-0.1769194
119.9,-1.2907417,2.93530394,0.43153425,0.25042617,-0.07264174,0.25,-0.1769194
120.0,-1.26710106,2.94606462,0.4251848,0.25889871,-0.05405463,0.25,-0.17791404
120.1,-1.24320556,2.95661703,0.41949882,0.25552363,-0.05611384,0.25,-0.17791404
120.2,-1.22002572,2.96698366,0.4125998,0.24045219,-0.07607113,0.25,-0.17808548
120.3,-1.19693324,2.97712992,0.40461673,0.24652366,-0.07726723,0.25,-0.18107418
120.4,-1.17362127,2.98715347,0.39771264,0.25035525,-0.06405653,0.25,-0.18107418
120.5,-1.1501443,2.99693343,0.38986808,0.25449465,-0.08301028,0.25,-0.17921652
120.6,-1.12706618,3.00646854,0.38347089,0.24809367,-0.05315879,0.25,-0.17797994
120.7,-1.1117266,3.0127641,0.37979389,0.24262315,-0.0531862,0.25,-0.17797994
120.8,-1.08797076,3.02218687,0.37289689,0.25763045,-0.07398651,0.25,-0.17582682
120.9,-1.06392304,3.03151891,0.36519769,0.24917017,-0.08900183,0.25,-0.17582682
121.0,-1.03992618,3.04058173,0.35718525,0.25322244,-0.05797574,0.25,-0.18287468
121.1,-1.01552075,3.04948583,0.35154523,0.25984565,-0.05170926,0.25,-0.18287468
121.2,-0.9911289,3.05832952,0.34594437,0.24633537,-0.0638661,0.25,-0.18564385
121.3,-0.9674473,3.06691004,0.33848388,0.24912433,-0.07867019,0.25,-0.19177793
121.4,-0.94364771,3.07515503,0.32975343,0.24010037,-0.08961523,0.25,-0.19177793
121.5,-0.9196772,3.08336067,0.32181339,0.25006695,-0.0616328,0.25,-0.20007217
121.6,-0.89536395,3.09139594,0.3155465,0.24401119,-0.06139869,0.25,-0.20007217
121.7,-0.87143016,3.09922816,0.30928735,0.23994317,-0.05250591,0.25,-0.20005937
121.8,-0.84692444,3.10691922,0.30255709,0.24417474,-0.08607077,0.25,-0.20276881
121.9,-0.8221268,3.11480251,0.29339009,0.25020224,-0.08654204,0.25,-0.20276881
122.0,-0.79752231,3.12219072,0.28523581,0.25086908,-0.09900915,0.25,-0.20718244
122.1,-0.77298925,3.12930813,0.27666032,0.24872006,-0.0575097,0.25,-0.20718244
122.2,-0.74858819,3.13621716,0.27105338,0.24570901,-0.05450262,0.25,-0.21078353
122.3,-0.72434923,3.14308519,0.26455444,0.24360977,-0.08147967,0.25,-0.21314493
122.4,-0.70826486,3.14754522,0.25878879,0.23861211,-0.08231579,0.25,-0.21314493
122.5,-0.68402454,3.1542109,0.24968836,0.23931871,-0.09473193,0.25,-0.21604682
122.6,-0.65949074,3.16043281,0.23883237,0.24948211,-0.10392244,0.25,-0.21604682
122.7,-0.634719,3.16644306,0.23165533,0.25959286,-0.06042046,0.25,-0.21894768
122.8,-0.60988925,3.17224008,0.22532316,0.24294362,-0.06560312,0.25,-0.21894768
122.9,-0.58462349,3.17798253,0.21771483,0.25372803,-0.09153844,0.25,-0.2102372
123.0,-0.55927759,3.1836981,0.20820278,0.26130302,-0.09799794,0.25,-0.20870148
123.1,-0.53408513,3.18894432,0.19772138,0.24057339,-0.11155845,0.25,-0.20870148
123.2,-0.50886671,3.19390446,0.18804501,0.25038643,-0.05378368,0.25,-0.20585832
123.3,-0.48395324,3.19863351,0.18309216,0.24480107,-0.04599852,0.25,-0.20585832
123.4,-0.45905514,3.20325402,0.17784529,0.24527994,-0.06687425,0.25,-0.20396701
123.5,-0.43450442,3.20762098,0.17058934,0.24105529,-0.07915812,0.25,-0.20681582
123.6,-0.40960357,3.21180354,0.16147284,0.24260097,-0.0900762,0.25,-0.20681582
123.7,-0.38455644,3.21585574,0.15252656,0.24868636,-0.0672711,0.25,-0.20699549
123.8,-0.35933538,3.21971258,0.14634759,0.25955475,-0.06083283,0.25,-0.19570452
123.9,-0.3341102,3.22340866,0.1401958,0.25336274,-0.05984604,0.25,-0.19570452
124.0,-0.31715547,3.22574089,0.13630368,0.24611571,-0.055782,0.25,-0.19008299
124.1,-0.29143146,3.22920912,0.12919459,0.25211541,-0.0760506,0.25,-0.19008299
124.2,-0.26585308,3.23247433,0.12099533,0.24231317,-0.07001532,0.25,-0.17909149
124.3,-0.24042772,3.23550705,0.11638332,0.25325953,-0.0358943,0.25,-0.17909149
124.4,-0.21509865,3.23846045,0.11269059,0.2454826,-0.03012764,0.25,-0.16448048
124.5,-0.18982512,3.24128586,0.10720896,0.24470992,-0.07455876,0.25,-0.16051941
124.6,-0.16465652,3.24392758,0.09924064,0.24730918,-0.07103261,0.25,-0.16051941
124.7,-0.13959444,3.24640945,0.09253518,0.24178261,-0.05665185,0.25,-0.15434336
124.8,-0.11431574,3.24874238,0.08734445,0.25182061,-0.04764978,0.25,-0.13751625
124.9,-0.08893277,3.25096534,0.08308185,0.25543423,-0.04650438,0.25,-0.13751625
125.0,-0.06350558,3.25304558,0.07883297,0.24288084,-0.04504323,0.25,-0.13179075
125.1,-0.03804839,3.25502401,0.07466973,0.25401007,-0.04242923,0.25,-0.13179075
125.2,-0.01230582,3.25691181,0.07100388,0.24942382,-0.0266266,0.25,-0.12431738
125.3,0.01348865,3.25871473,0.06769913,0.25057124,-0.03878041,0.25,-0.11652318
125.4,0.03894866,3.26042648,0.06459332,0.25019419,-0.02649721,0.25,-0.11652318
125.5,0.06441241,3.26206566,0.06137556,0.25259903,-0.03743281,0.25,-0.11378177
125.6,0.08142412,3.26311852,0.05878306,0.25231021,-0.04003292,0.25,-0.11378177
125.7,0.10689417,3.26463348,0.05492618,0.2449286,-0.03818147,0.25,-0.10837547
125.8,0.13216306,3.2660297,0.05154961,0.25206571,-0.02546334,0.25,-0.10837547
125.9,0.1574636,3.26730875,0.04887249,0.25273916,-0.02717589,0.25,-0.09961127
126.0,0.18295557,3.26855778,0.04596672,0.25656143,-0.02647654,0.25,-0.0974451
126.1,0.20839552,3.26972408,0.043073,0.24531774,-0.038932,0.25,-0.0974451
126.2,0.23392471,3.27078641,0.0391015,0.2484219,-0.03434348,0.25,-0.09137954
126.3,0.25953758,3.27178833,0.0356798,0.25591276,-0.02643128,0.25,-0.09137954
126.4,0.28526826,3.27270713,0.03367479,0.25359317,-0.01711554,0.25,-0.08291079
126.5,0.3108898,3.27357318,0.0319193,0.24952077,-0.01674426,0.25,-0.07966149
126.6,0.33636909,3.27437311,0.02994209,0.25300224,-0.02761331,0.25,-0.07966149
126.7,0.36185913,3.27511391,0.02723052,0.25047451,-0.02229541,0.25,-0.07522679
126.8,0.38735048,3.27579328,0.02473052,0.24871134,-0.0262542,0.25,-0.07522679
126.9,0.41274362,3.27639731,0.0229079,0.24618254,-0.01509483,0.25,-0.07070014
127.0,0.43811227,3.27695685,0.02118647,0.25305196,-0.01905387,0.25,-0.06658176
127.1,0.46361144,3.27746718,0.01950902,0.24841332,-0.0139055,0.25,-0.06658176
127.2,0.48911305,3.27794652,0.01760437,0.24620751,-0.01912686,0.25,-0.06312371
127.3,0.50610844,3.27823442,0.01643854,0.24867546,-0.01908163,0.25,-0.06312371
127.4,0.53162506,3.27863746,0.01476982,0.25447347,-0.01280182,0.25,-0.05958953
127.5,0.55724882,3.27902914,0.01349807,0.25318756,-0.01218528,0.25,-0.05688245
127.6,0.58285873,3.27938738,0.01215131,0.25063195,-0.01297807,0.25,-0.05688245
127.7,0.60837932,3.27969253,0.0107924,0.25030868,-0.01694509,0.25,-0.05316094
127.8,0.63387646,3.27996179,0.00937442,0.25029201,-0.01382305,0.25,-0.05316094
127.9,0.6593863,3.28019624,0.00768076,0.24956878,-0.01642642,0.25,-0.04882459
128.0,0.68485501,3.28036087,0.00633692,0.24890869,-0.01157714,0.25,-0.04882459
128.1,0.71031857,3.28049046,0.00516835,0.24874338,-0.01143731,0.25,-0.04673189
128.2,0.73576463,3.28060552,0.00407218,0.25184783,-0.01312734,0.25,-0.04407804
128.3,0.76127913,3.28071452,0.00278421,0.24991512,-0.01453812,0.25,-0.04407804
128.4,0.78679745,3.28078114,0.00136233,0.25252072,-0.01388843,0.25,-0.03985614
128.5,0.81232955,3.28081063,0.00014594,0.25331518,-0.00440801,0.25,-0.03985614
128.6,0.83791756,3.28081925,-0.00065017,0.25091787,-0.00727684,0.25,-0.03662489
128.7,0.86348919,3.28080765,-0.00152798,0.25091688,-0.00860009,0.25,-0.03468277
128.8,0.8805181,3.28078456,-0.0020783,0.24896636,-0.00796301,0.25,-0.03468277
128.9,0.90601745,3.28070866,-0.00326304,0.25031603,-0.0120769,0.25,-0.03286606
129.0,0.93152197,3.28061808,-0.00417089,0.25014976,-0.00768371,0.25,-0.03286606
129.1,0.95702476,3.28050356,-0.00506385,0.2486864,-0.00581463,0.25,-0.02838795
129.2,0.98251597,3.28035284,-0.00567288,0.25017746,-0.00709682,0.25,-0.0256662
129.3,1.00800198,3.28018977,-0.00624824,0.24940346,-0.00536047,0.25,-0.0256662
129.4,1.03349564,3.28003257,-0.00680275,0.25118342,-0.00592285,0.25,-0.02456884
