t,x,y,yaw,v,w,v_cmd,w_cmd
0.0,5.503007142678674,2.6887374915955564,-0.17417191811611007,0.2625247049467789,-0.0915406194268786,0.25,-0.2638900381179943
0.1,5.5275313675920446,2.6843765637322403,-0.18286787950523273,0.24581618913723122,-0.08507310002812099,0.25,-0.2638900381179943
0.2,5.552103035218625,2.6797507468907136,-0.19087137461426926,0.24431126507692985,-0.0892897963827331,0.25,-0.259818188493971
0.3,5.577092240155915,2.674867042920154,-0.2013721863471164,0.24302495275354033,-0.1177782520435353,0.25,-0.2736512600225759
0.4,5.6022042144012145,2.669535436256762,-0.21403843809995654,0.2429855172843613,-0.1287299271094218,0.25,-0.2736512600225759
0.5,5.627529746314693,2.6638725159568297,-0.22688679078847185,0.2677297230914225,-0.10074092951994856,0.25,-0.26278566273444803
0.6,5.652893374828198,2.6580244112600213,-0.23699540901910715,0.26457017929395316,-0.0964989489907769,0.25,-0.2652230317508262
0.7,5.678020023903339,2.6519866650459814,-0.24756828689963123,0.246700125357287,-0.11292993659832795,0.25,-0.2652230317508262
0.8,5.694509480759821,2.6478979884375935,-0.2551111820923375,0.25572131020151945,-0.11772622992922556,0.25,-0.25945508365880204
0.9,5.719251662275926,2.6413821291948807,-0.2668983479984713,0.2558285944101501,-0.1051390610279862,0.25,-0.25945508365880204
1.0,5.743813656930331,2.6345106653987798,-0.2784692104444407,0.2453814305327676,-0.11412184968468073,0.25,-0.26007790439506484
1.1,5.768368560449412,2.627343924997687,-0.29105760646130635,0.24028926025988848,-0.1306981279671433,0.25,-0.25534850204332565
1.2,5.792331796103294,2.620132158866566,-0.30475699990833294,0.24882797728660247,-0.12213984485758163,0.25,-0.25534850204332565
1.3,5.816546475213755,2.6124702160363604,-0.3161341106612877,0.23893607198297245,-0.10154349067127659,0.25,-0.23047031439715815
1.4,5.840713573209498,2.6045237622081387,-0.32209833004987076,0.26578938753726555,-0.04065844354628498,0.25,-0.23047031439715815
1.5,5.864880003284817,2.596390083609274,-0.326153057331781,0.26696667308904365,-0.03524114122573247,0.25,-0.22915140312833657
1.6,5.889125598578894,2.5882019917182415,-0.3329744011926548,0.26446057871966744,-0.0712754195776529,0.25,-0.2276662281372732
1.7,5.913270694107205,2.579798260349888,-0.34346857862893904,0.2507621818230466,-0.11522973980712409,0.25,-0.2347460150725523
1.8,5.9371442131442365,2.571270344560671,-0.3541283284279849,0.249350569624333,-0.10180185523851285,0.25,-0.2347460150725523
1.9,5.961014104305272,2.562847619683462,-0.3653948047292262,0.2504821711347255,-0.1135132886132057,0.25,-0.23716189770494264
2.0,5.9847780177976535,2.553782629644755,-0.37692788983065934,0.2531668711600731,-0.10625643642915052,0.25,-0.23716189770494264
2.1,6.008540122776096,2.5443640848902804,-0.3873452877659237,0.24689808765810822,-0.11433366671545928,0.25,-0.23475379111391698
2.2,6.03218542521021,2.534638888198998,-0.39725333606918,0.2443821638746138,-0.08869439447997947,0.25,-0.23084943251280776
2.3,6.056454022487457,2.5246465707681436,-0.40498010177024846,0.25874065947561653,-0.06879911612980225,0.25,-0.23084943251280776
2.4,6.080717493948141,2.5144720161611915,-0.4124884173868453,0.24857266783294507,-0.08908925196876653,0.25,-0.23258543937673065
2.5,6.096230302030712,2.5079192625441378,-0.41922912753576225,0.242867175754629,-0.11159283521103187,0.25,-0.23258543937673065
2.6,6.119443353917664,2.4978678689085814,-0.43093413306997824,0.2623848554636591,-0.10561723692522074,0.25,-0.24502715532178898
2.7,6.142503748764712,2.4871807918963156,-0.4409677440757623,0.2619881899587207,-0.097406066372335,0.25,-0.24502715532178898
2.8,6.165278976265631,2.4763557003563275,-0.44774658989645244,0.23639785720093046,-0.07857519898138568,0.25,-0.2395972721612553
2.9,6.187691157968821,2.4655187137072363,-0.4578195971544933,0.23709547358011493,-0.099902266752343,0.25,-0.2363769624822223
3.0,6.210341466983962,2.454322648078141,-0.46939217110188963,0.24956580552747082,-0.10510503759872615,0.25,-0.2363769624822223
3.1,6.232994304946404,2.4434809929091235,-0.4808887785286004,0.24865027457728975,-0.11634157434686047,0.25,-0.23925718987429717
3.2,6.2555782420358765,2.4318606566483636,-0.49221783879517866,0.2449657737045735,-0.10932873767140121,0.25,-0.23925718987429717
3.3,6.278013675002284,2.4199297134209394,-0.5029284710276795,0.2518541323877858,-0.09485309034121474,0.25,-0.22583967468308214
3.4,6.301024946932036,2.4073756332010747,-0.5113074968010042,0.2585089489877775,-0.07892693165440666,0.25,-0.22401555191405592
3.5,6.324148677032388,2.3946545887060533,-0.5192925769088822,0.25314183963890674,-0.07592059573875697,0.25,-0.22721876710070563
3.6,6.347048469715781,2.381696171107324,-0.527453945545448,0.2625562574859384,-0.08114957336057192,0.25,-0.22721876710070563
3.7,6.369043188766222,2.3688462176476373,-0.5363628566824471,0.2616836079983189,-0.08349274272495923,0.25,-0.24270274213569648
3.8,6.390847555760175,2.35567859223424,-0.54399322568391,0.2338708332240082,-0.07273938351535429,0.25,-0.24270274213569648
3.9,6.412131874569107,2.3427659587279552,-0.5554643987497984,0.24872684893386215,-0.1313923219096724,0.25,-0.2258296896709875
4.0,6.433303716124315,2.3295775053782,-0.5664439769388377,0.2443770953698654,-0.08728635396283331,0.25,-0.22936731907955984
4.1,6.4472081777660435,2.320583582549436,-0.5725298233506808,0.24685406346477431,-0.10358078749759164,0.25,-0.22936731907955984
4.2,6.468157603276914,2.3069822594987865,-0.5822649861660579,0.2486665309511002,-0.09074399891513991,0.25,-0.2207499696329414
4.3,6.4894429374816935,2.293155164430612,-0.5919390248138564,0.24699498967548555,-0.09891421928285668,0.25,-0.2207499696329414
4.4,6.510682684195619,2.2788567766143477,-0.6021502949546818,0.25404137417964306,-0.0973810621282249,0.25,-0.21874752951254156
4.5,6.5320626847106364,2.264105222904399,-0.6113647806903472,0.2593881825980793,-0.08508759111847038,0.25,-0.21874752951254156
4.6,6.553409413596031,2.249132727236512,-0.6201968565319528,0.24315112611537243,-0.0888640162043808,0.25,-0.22160463827215296
4.7,6.574888573486702,2.233994759714737,-0.6292361761116357,0.2572077728183777,-0.0858535885689461,0.25,-0.21988821201252817
4.8,6.596246095468158,2.2187253732034247,-0.6377525133498501,0.24440739759784455,-0.08225400105060793,0.25,-0.21988821201252817
4.9,6.616640602686966,2.203811323178976,-0.6477489931077044,0.24334035724024083,-0.0982325134271059,0.25,-0.22079956824397676
5.0,6.636645713009492,2.1888202625955397,-0.657349447367053,0.24259496426263227,-0.09399998660539226,0.25,-0.23528090180759925
5.1,6.656392323339691,2.1736532286912067,-0.6667724298457285,0.24637827578223379,-0.10229404476813783,0.25,-0.23528090180759925
5.2,6.67593968414724,2.1580728402003726,-0.6768478969024422,0.23844636432033928,-0.10051111335115864,0.25,-0.22289826300773036
5.3,6.695370623352502,2.142346220214141,-0.6845483761132888,0.2515933177962779,-0.07445772875916382,0.25,-0.23006491350508898
5.4,6.714778580581568,2.126358852286673,-0.6944082251952676,0.25386645008866093,-0.10157252198208366,0.25,-0.23006491350508898
5.5,6.734634320791075,2.109620347119311,-0.7044472713065977,0.2557973141789298,-0.09544414408503135,0.25,-0.22408962786807746
5.6,6.754268820777135,2.0925087582815074,-0.7144543021308511,0.2612802010321303,-0.09829218866748916,0.25,-0.2217216491454699
5.7,6.767256224524273,2.0809462208554397,-0.7209965548062593,0.2577747752715445,-0.0970135065737075,0.25,-0.2217216491454699
5.8,6.78666779774585,2.063726681207595,-0.7307165422723133,0.24547955677838115,-0.09741365034625452,0.25,-0.2217216491454699
5.9,6.806008164046189,2.0462870110100706,-0.739936917157403,0.25090354743505483,-0.08921142438237366,0.25,-0.21692998016142
6.0,6.824876640017711,2.0290427507194533,-0.7491060246626897,0.24894087469792778,-0.08954912606580129,0.25,-0.21766446357847397
6.1,6.84342669875471,2.0116370196908866,-0.7583428935001063,0.24547404151941488,-0.08939019576588039,0.25,-0.21766446357847397
6.2,6.861700097295245,1.9947606692271256,-0.7674496262309191,0.24725873404226692,-0.09017644044478733,0.25,-0.2203195085572233
6.3,6.879821321250408,1.977926938342533,-0.7767930530445248,0.24237435900010665,-0.09226510844589048,0.25,-0.2203195085572233
6.4,6.897647622875112,1.9605236833728816,-0.7862839308102566,0.24505440451069116,-0.09699571316501383,0.25,-0.2319365117174786
6.5,6.915417701318062,1.9426023050202275,-0.7961843067822735,0.25247326656042884,-0.11346865788086398,0.25,-0.21451798269183187
6.6,6.933204817092331,1.9242820705760424,-0.8064688639778383,0.2556164765560588,-0.10925924450225455,0.25,-0.21451798269183187
6.7,6.951091214510311,1.905432963983238,-0.8174824967579848,0.25587693646713605,-0.09680729031853988,0.25,-0.21401070365119798
6.8,6.968668209456019,1.8862723586092782,-0.8263806206112543,0.25667999226791666,-0.08459900144666216,0.25,-0.20671860432426317
6.9,6.986077614065245,1.8667790082699498,-0.8348049539256001,0.256377906936858,-0.0800964364298441,0.25,-0.20671860432426317
7.0,7.003286987543923,1.8475978596860017,-0.8435105139998013,0.24809189581738458,-0.08970968690956846,0.25,-0.21122296078600578
7.1,7.020338489064185,1.828487590416006,-0.8528642127201258,0.2543650813621784,-0.09416784548806466,0.25,-0.20872870983457315
7.2,7.0371860999092135,1.8092127666948539,-0.8621959361158585,0.24589282935154175,-0.09025852344475303,0.25,-0.20872870983457315
7.3,7.0536141490521915,1.7899585425989653,-0.8712916480844777,0.24626257719599629,-0.08232730881750838,0.25,-0.2072276046882809
7.4,7.064480011875335,1.7775838347725634,-0.8767151074539906,0.24347307935348136,-0.07909384638789548,0.25,-0.2072276046882809
7.5,7.080579320292856,1.758651058261697,-0.8848752519268112,0.24115653098196177,-0.07835018523304665,0.25,-0.21288557003979489
7.6,7.096571372375185,1.739152456897141,-0.8921279874150249,0.25171714822024094,-0.0935072440509196,0.25,-0.21288557003979489
7.7,7.112509828697246,1.7191820792763317,-0.9000807864422623,0.24714492126537776,-0.08910462753437823,0.25,-0.21357886638050183
7.8,7.1283877906417805,1.6992298259275593,-0.909311225141506,0.2559167975732723,-0.09296242092739368,0.25,-0.21356312841188502
7.9,7.144210175725126,1.6786564962596242,-0.9190873049293269,0.25726392704535705,-0.08501947861158901,0.25,-0.21356312841188502
8.0,7.159785403448464,1.6575956125187072,-0.9272406235248875,0.25056854896708874,-0.08347361364393234,0.25,-0.22418155166718132
8.1,7.17512705897135,1.636869700968483,-0.9359951375596485,0.2536956990626726,-0.09022835674405238,0.25,-0.22418155166718132
8.2,7.190159912893277,1.6162873344760098,-0.9458468430464712,0.2428519243635154,-0.09127433237010256,0.25,-0.2173591464004609
8.3,7.205024888229519,1.5955741783730044,-0.9559172908885196,0.25004557493509577,-0.09572686536914497,0.25,-0.2173591464004609
8.4,7.21978746209488,1.574689990362471,-0.9656965877484085,0.24566389710384817,-0.09526184987031959,0.25,-0.21722857870255657
8.5,7.234145036164601,1.55380992392643,-0.9754118838969607,0.24186522143400976,-0.0864343748951023,0.25,-0.20862204795979322
8.6,7.248317348194752,1.533091873451515,-0.982925254412124,0.25395922402772714,-0.07249481556794403,0.25,-0.21185162158348075
8.7,7.26238323971343,1.51174484450173,-0.9911765340802038,0.26015573983162943,-0.08161302047222939,0.25,-0.21185162158348075
8.8,7.276274660877335,1.4903496170131243,-0.9998936077370215,0.26373440656886377,-0.0795367120818579,0.25,-0.22958888996458465
8.9,7.290021235022943,1.4688584517297758,-1.009418129927189,0.25025811280411586,-0.10606813458862692,0.25,-0.22958888996458465
9.0,7.298975698432425,1.4545153955247805,-1.015312753984849,0.24541024613961213,-0.0660061597935429,0.25,-0.22845008455141202
9.1,7.312479138412476,1.432677534781494,-1.023488427127541,0.24930769753112667,-0.11059890032432246,0.25,-0.22845008455141202
9.2,7.325720236950352,1.4109675367742285,-1.0339316090773596,0.25018620142150283,-0.07267739418543225,0.25,-0.21290726370911206
9.3,7.338748391536421,1.3891303418476213,-1.0413411488063558,0.24828934766487698,-0.07734442586640199,0.25,-0.2122190615743362
9.4,7.35157855823627,1.3670887823821394,-1.0491322768197853,0.24807609903802547,-0.07200457562653832,0.25,-0.2122190615743362
9.5,7.364251773849469,1.3449062422443876,-1.057301431941226,0.25623382865461375,-0.08274392263001006,0.25,-0.21039542485498045
9.6,7.376718111782068,1.3225942936746191,-1.0669746812864969,0.2550821349262051,-0.09901374870682543,0.25,-0.21039542485498045
9.7,7.389461670423069,1.2998269223858727,-1.077135558282702,0.2556420746633572,-0.10290107537012788,0.25,-0.2159020001520302
9.8,7.401577619500958,1.2771870424346787,-1.0868364924635487,0.23934298396793188,-0.08155980105120972,0.25,-0.21451256900152854
9.9,7.413392595617514,1.2546789229694606,-1.0943604718295274,0.24781713279384832,-0.07289786273377329,0.25,-0.21451256900152854
10.0,7.4250311986569395,1.2320707034419078,-1.1016739624414535,0.24833169925562618,-0.07063828351756159,0.25,-0.21559970546841628
10.1,7.436498084666833,1.209417467558903,-1.1094956583266085,0.2418643290768243,-0.09026014620361136,0.25,-0.22146785359650673
10.2,7.447577348570159,1.1870074573837255,-1.1191896736677824,0.24546864730093165,-0.09764829988697293,0.25,-0.22146785359650673
10.3,7.458459910331524,1.1643560291635413,-1.1295900602876308,0.2545804669899674,-0.09452954328436367,0.25,-0.2345979551331377
10.4,7.469264484377443,1.1413992686823284,-1.1377709710668336,0.2486127612127101,-0.07136761120981404,0.25,-0.2345979551331377
10.5,7.479904271066064,1.1182783188452285,-1.1451347535172243,0.25427869542501547,-0.06970083538137284,0.25,-0.23314982596005984
10.6,7.490431743767241,1.0950296800232484,-1.152615628239307,0.2521455664056771,-0.07392397523442314,0.25,-0.22862665401223836
10.7,7.497386871938413,1.0794556865983216,-1.1576885545097062,0.25249621867476324,-0.09047126752863158,0.25,-0.22862665401223836
10.8,7.508052483896989,1.0555804538393234,-1.1677873159909713,0.2564742061302963,-0.10145069281059985,0.25,-0.22862665401223836
10.9,7.5184841362785875,1.0315529185749714,-1.1785452788700128,0.25584458787328634,-0.10143133981935712,0.25,-0.23432329774940705
11.0,7.528354506791276,1.007694162856874,-1.1898080858314632,0.2510795160488184,-0.13985019947630023,0.25,-0.2345411758259172
11.1,7.5377246047067334,0.9838357335533219,-1.2001956772643336,0.2641430732456854,-0.08842587252918119,0.25,-0.2345411758259172
11.2,7.546838814148656,0.960301480340551,-1.2102267304839427,0.24468795260656406,-0.13617398200239297,0.25,-0.23402567737594854
11.3,7.555607725192142,0.9368275376432336,-1.2209614585871638,0.24307122170080742,-0.09683296454461825,0.25,-0.23402567737594854
11.4,7.564091282691929,0.9134304539084486,-1.2307873334822357,0.2460096677480157,-0.09440118430091103,0.25,-0.24020028239471558
11.5,7.572289204070311,0.8899360850923631,-1.2414532632140107,0.2537528447612308,-0.10889369619912107,0.25,-0.24020028239471558
11.6,7.580425658048815,0.8659246326641855,-1.2504579500008557,0.25102598057337133,-0.06356209772273566,0.25,-0.22365602458460282
11.7,7.588397155866957,0.8416610882622352,-1.2571622149124733,0.2517657922899532,-0.06464810616904554,0.25,-0.23512966808105618
11.8,7.596301872558221,0.8165843517556101,-1.2638928019293794,0.26156580041933014,-0.07549873803501948,0.25,-0.23512966808105618
11.9,7.604167969544155,0.7916507985176402,-1.2739303428356161,0.2590983202203609,-0.13154226819778478,0.25,-0.21857120145533773
12.0,7.611577811036577,0.7667205970278147,-1.2860843595705962,0.2530864792967646,-0.09929467347833919,0.25,-0.2189492418018268
12.1,7.618849560227284,0.7417355744346911,-1.29560050421132,0.24989075602258676,-0.08664116829356192,0.25,-0.2189492418018268
12.2,7.625815226388487,0.7169746640310347,-1.305612277443249,0.2488123912874402,-0.08456400334285695,0.25,-0.22256320656254736
12.3,7.6302300669929775,0.7010434389916357,-1.3097043760522744,0.23847613956741381,-0.049942901074324544,0.25,-0.22256320656254736
12.4,7.6366751081400395,0.6771688587007972,-1.3154634075429033,0.23596654416681528,-0.05174267859129488,0.25,-0.2202210140408885
12.5,7.643000470004043,0.6535903525377951,-1.3204228436228815,0.241375615040895,-0.05516640579976851,0.25,-0.2202210140408885
12.6,7.649211597198951,0.6294758167309815,-1.3283368979359742,0.24601822122513475,-0.10156479084531281,0.25,-0.22196002274883508
12.7,7.655123074790973,0.6052028891184773,-1.3382296268686733,0.23864916693623592,-0.10615095257504298,0.25,-0.22196002274883508
12.8,7.660780661962108,0.5804031142164228,-1.3489285106093098,0.24514005932819494,-0.10436505108162035,0.25,-0.23361883400157424
12.9,7.666435690600109,0.5549852414376353,-1.3579925049645032,0.25690609541399195,-0.0678322362228355,0.25,-0.23399237815321444
13.0,7.671857490931922,0.5289134961394777,-1.3632216037474214,0.26462529951995617,-0.04940948542538801,0.25,-0.23399237815321444
13.1,7.6771529268281995,0.5025728709638648,-1.3677758478128303,0.2642175274287956,-0.04810290917386178,0.25,-0.237919131647161
13.2,7.682429552824671,0.47665999557986116,-1.3747936721522118,0.25119027282699014,-0.0916801624939064,0.25,-0.237919131647161
13.3,7.687357791199444,0.4511563707912327,-1.3839748743809988,0.2560390495112186,-0.10539506151644809,0.25,-0.24603051282589686
13.4,7.69204580236119,0.42624134839149924,-1.3953731622012315,0.2523543911514614,-0.11832652960249185,0.25,-0.26467580662815504
13.5,7.696299397985575,0.40152767863226774,-1.4060024797031427,0.2627701870790196,-0.09413976091520203,0.25,-0.26467580662815504
13.6,7.700362432965242,0.37698016892496183,-1.4154860917700858,0.23448025137662845,-0.07979627145843063,0.25,-0.25877055484712325
13.7,7.704210297572757,0.3525107032847348,-1.423875285829742,0.23591447926347542,-0.0736893566844096,0.25,-0.2611782297942967
13.8,7.707814373354325,0.32839085236178994,-1.4295789299884643,0.2414124311775665,-0.0651240319628265,0.25,-0.2611782297942967
13.9,7.711364858105025,0.30324290883815985,-1.4367609199159919,0.26397642602173105,-0.07885990950217893,0.25,-0.2663382615677286
14.0,7.713646626672598,0.286238442930998,-1.4431965633571013,0.25695102936568687,-0.11524271320388978,0.25,-0.2663382615677286
14.1,7.716848317652005,0.2602251772581146,-1.4517242450739312,0.2664413252755835,-0.05834132656176648,0.25,-0.26468220775751816
14.2,7.719896562930186,0.23376669820027293,-1.4572053668557696,0.2554947640729321,-0.05852233757918271,0.25,-0.26468220775751816
14.3,7.72276890363084,0.20732363059037762,-1.462661102983558,0.25857954904800484,-0.05096020707305783,0.25,-0.263950271668083
14.4,7.725583739976613,0.18165337860011518,-1.4710058359061116,0.24444013457494293,-0.11058523678024158,0.25,-0.2720094601892845
14.5,7.728100148678711,0.15624130555219115,-1.484046498039813,0.24624780497456628,-0.13072004001431267,0.25,-0.2720094601892845
14.6,7.730315849516937,0.13084094835132418,-1.4977760220156129,0.2585056676838808,-0.13757708278617775,0.25,-0.27076931955779254
14.7,7.732112402386388,0.10575672807413894,-1.511215434608219,0.2503499992451476,-0.12895828362631917,0.25,-0.27076931955779254
14.8,7.733436533900147,0.08079470305390693,-1.521844278131575,0.25667118515103426,-0.09413098045760084,0.25,-0.26425953251831136
14.9,7.7346589542522075,0.055745620172308316,-1.5303279630420732,0.248180422634166,-0.06909197514616075,0.25,-0.26053375549102353
15.0,7.7356215233982315,0.03026836967480775,-1.5405550766473946,0.26207084325196384,-0.10175196483476713,0.25,-0.26053375549102353
15.1,7.7364093287475395,0.004696483820375526,-1.5498421448819144,0.26366582497522895,-0.0993057789981106,0.25,-0.26816603574404774
15.2,7.736864985206157,-0.02091319847530265,-1.5600857673927921,0.2603937352313896,-0.10830679828917156,0.25,-0.2700624797686534
15.3,7.736995175664092,-0.047174411918203187,-1.5715672013003354,0.2494708796517891,-0.08989588673047519,0.25,-0.2700624797686534
15.4,7.737027757558025,-0.0730359388098985,-1.581351721474088,0.2501032363693061,-0.12233580003158799,0.25,-0.264284973203322
15.5,7.736740440751384,-0.09862230571077951,-1.5930426704311598,0.2584413354436365,-0.11759382478385041,0.25,-0.27312400433546236
15.6,7.736660518947023,-0.11557454579252224,-1.601323344437889,0.25446061057250974,-0.12340161278609398,0.25,-0.27312400433546236
15.7,7.735851969511201,-0.14107497831388693,-1.6144266771862879,0.24958317966835514,-0.14058745449518173,0.25,-0.27312400433546236
15.8,7.734656530333112,-0.16658804113730527,-1.6288649402424347,0.24823377852197206,-0.13701195891178541,0.25,-0.2755702450415315
15.9,7.733102612020584,-0.19177995585289215,-1.6419928001825403,0.24034487581326458,-0.12223923565432526,0.25,-0.2554252922639625
16.0,7.731226122760944,-0.21730975042378964,-1.651714321095188,0.23672771801382506,-0.08069557071400517,0.25,-0.2554252922639625
16.1,7.729127577691612,-0.24272130300768244,-1.6603059720962523,0.25280158823534454,-0.07819082495295798,0.25,-0.25285057001107125
16.2,7.726713943828323,-0.2683214772738444,-1.66925388938944,0.26563744097522596,-0.09476647276195528,0.25,-0.2535186856423547
16.3,7.724120372504017,-0.29373903036233384,-1.6768334083730234,0.24737819776699024,-0.04872431424572633,0.25,-0.2535186856423547
16.4,7.72138217332865,-0.31901468563919333,-1.6861644688018809,0.2490543177496748,-0.11304588027460771,0.25,-0.2580761381604542
16.5,7.718405936106301,-0.3438877439624143,-1.6980736076051817,0.2481738212248896,-0.1297132756688002,0.25,-0.2580761381604542
16.6,7.715113661346548,-0.3691057140620658,-1.7098734360846883,0.25188104935687367,-0.12062425925921964,0.25,-0.2622348556914175
16.7,7.711929047560619,-0.39432543499490663,-1.7226791525444398,0.24878773620278716,-0.13066335318062272,0.25,-0.2516386478590899
16.8,7.708420387358395,-0.41948432095769794,-1.7353020897012934,0.242510663743576,-0.11929099069418628,0.25,-0.23655325741925184
16.9,7.704595992695714,-0.44463734599380406,-1.7467569521864716,0.2490379495275142,-0.10033154752601643,0.25,-0.23655325741925184
17.0,7.700013570505325,-0.47080829414579856,-1.7533390384349792,0.26782152418758304,-0.04379553376135757,0.25,-0.2321212658292876
17.1,7.695263420656195,-0.4971711413642105,-1.7581863354310248,0.2642039470098306,-0.0454584661396067,0.25,-0.2321212658292876
17.2,7.690422569574832,-0.5226414574871744,-1.7654156768737082,0.24035656596734825,-0.08172571328191137,0.25,-0.23050833944211024
17.3,7.687103633489134,-0.5392079612299356,-1.770933631204941,0.2654300845377789,-0.0703534817924804,0.25,-0.23050833944211024
17.4,7.681934509237159,-0.5642901577900248,-1.778679956508405,0.26579283458851305,-0.07204786099687156,0.25,-0.24125532591584897
17.5,7.676777724479204,-0.5886642207359976,-1.7871289106751782,0.2469055645654621,-0.12720251900312254,0.25,-0.24428895444883778
17.6,7.671395550548722,-0.6130080454503186,-1.8011068725442412,0.23624625476027444,-0.11060445129718333,0.25,-0.24428895444883778
17.7,7.665519621854555,-0.6373482765954713,-1.8127689177096917,0.2508205451775463,-0.12170299746120262,0.25,-0.24595308733887072
17.8,7.659545638536745,-0.6619904242799489,-1.8250783305713834,0.25684950415991686,-0.12013083100207718,0.25,-0.24595308733887072
17.9,7.653729767689149,-0.6865944253867058,-1.8372509900771703,0.2440526697221197,-0.12113080109456313,0.25,-0.23992895608796733
18.0,7.647184612391438,-0.7112719979356784,-1.8486828386788647,0.25677822685971935,-0.0918597711129241,0.25,-0.23662675467915334
18.1,7.639993338327599,-0.7365122646381409,-1.857172815050795,0.2620464574300943,-0.09934400381353058,0.25,-0.23662675467915334
18.2,7.632581472660915,-0.7615519688478427,-1.8674978838892708,0.2565249219928772,-0.10980607292623087,0.25,-0.24993837264306748
18.3,7.624785321764291,-0.7868232406502925,-1.8758815268891964,0.24957794210835288,-0.08685493522825372,0.25,-0.23605744206159615
18.4,7.616954967201365,-0.8113476155091471,-1.885514013154427,0.23938051292689094,-0.08779508423614192,0.25,-0.23605744206159615
18.5,7.609095873906411,-0.8354286373013261,-1.8943912331737598,0.2597374950490357,-0.09581693153933228,0.25,-0.23652349163521097
18.6,7.601073937207035,-0.8590998847507025,-1.906097180934566,0.25647380551578014,-0.10857073924009819,0.25,-0.2370953589431647
18.7,7.592808511841322,-0.8826124035319638,-1.916463061809516,0.23836709220522026,-0.12044337965671767,0.25,-0.2370953589431647
18.8,7.584258819656821,-0.9061079561912723,-1.928329999031564,0.23823958209228183,-0.12163191424024566,0.25,-0.2252168290090135
18.9,7.578508138205357,-0.9217286096065105,-1.9374176074399252,0.24914467370137328,-0.13605101979731435,0.25,-0.2252168290090135
19.0,7.569281049281803,-0.9453685714561765,-1.949341218213282,0.24451934516607518,-0.10490460018683029,0.25,-0.22620458759436024
19.1,7.559916801343093,-0.9692441257748958,-1.9605547484798527,0.2521280897625815,-0.10692548624538385,0.25,-0.22620458759436024
19.2,7.550116892449768,-0.9932796951443861,-1.9707448506170775,0.2662187698762916,-0.0704648440482037,0.25,-0.23304011587700166
19.3,7.540010510291571,-1.017385964098077,-1.9795966626402564,0.2634900434589278,-0.09569710280723746,0.25,-0.21659461642147865
19.4,7.529594559804639,-1.041254907622446,-1.9892521904590292,0.25896278776286136,-0.11456633660200688,0.25,-0.21659461642147865
19.5,7.518946345223995,-1.0649665054993729,-2.0000009859802526,0.25396488948028045,-0.1016145078530636,0.25,-0.21522406218961052
19.6,7.508401196452718,-1.0880718107182559,-2.011087629552516,0.24909844926905422,-0.11529172165751574,0.25,-0.21522406218961052
19.7,7.497579810470395,-1.1107313726299723,-2.021576347722302,0.24238546391867202,-0.09631196257484442,0.25,-0.2096105707489427
19.8,7.486865669566318,-1.1332757485499088,-2.0311588189152125,0.24362704973222363,-0.08654867357206913,0.25,-0.20067486764069667
19.9,7.475641773058986,-1.1557286472836403,-2.0397152551453144,0.24822347592648095,-0.06828634987273174,0.25,-0.20067486764069667
20.0,7.464276034933832,-1.1779310509419163,-2.0475079523243873,0.25273671005154114,-0.09242837805458118,0.25,-0.1969647398979782
20.1,7.452728219434043,-1.200198585784988,-2.0555970021574903,0.24098016555803092,-0.08052262940347907,0.25,-0.20514256273418371
20.2,7.440737845480661,-1.2230656508297744,-2.063546893524521,0.25461925812691705,-0.08620074856255036,0.25,-0.20514256273418371
20.3,7.428464842157342,-1.245920097908434,-2.072499543743912,0.2523637291234486,-0.09304808767296789,0.25,-0.20341755707770928
20.4,7.416037235432992,-1.268618116104048,-2.0819268965936337,0.25169178782280505,-0.08013258269835866,0.25,-0.20341755707770928
20.5,7.403299953577116,-1.2912425459888792,-2.090962262247662,0.2524397172281242,-0.0812104523417718,0.25,-0.20818197257954962
20.6,7.3947146019498255,-1.3062335663642892,-2.09696805640871,0.25447440338629684,-0.10060476793026947,0.25,-0.20818197257954962
20.7,7.3818410641347425,-1.3283094809092675,-2.106798686053288,0.2477052734613656,-0.08218339826151846,0.25,-0.20608663674256839
20.8,7.368780744935737,-1.3502828114730396,-2.1144596578991606,0.25334835647477916,-0.07315914120254134,0.25,-0.21329153373288512
20.9,7.3557610378107565,-1.3718015072203893,-2.1235731643276234,0.23950911696093094,-0.10174076735608996,0.25,-0.21329153373288512
21.0,7.342932973529966,-1.393145767395891,-2.1335145690462562,0.23948632486425012,-0.09040136867921018,0.25,-0.20793837057850262
21.1,7.329714579330193,-1.4144001863175288,-2.143031420161788,0.2578390287701823,-0.08760656501439197,0.25,-0.20793837057850262
21.2,7.315929671902523,-1.4355233475654283,-2.1528898559803045,0.2640406442364863,-0.08374076672945859,0.25,-0.21208614375515378
21.3,7.301975117040338,-1.4567911343377444,-2.1591903456876014,0.24788470947531052,-0.08493444027560793,0.25,-0.2042045310505411
21.4,7.28757607788721,-1.4781637645203791,-2.1689060060342547,0.26337772581458113,-0.07673053133740947,0.25,-0.2042045310505411
21.5,7.272815906985761,-1.4995837702100436,-2.177739017079888,0.2448373070439179,-0.09376706182362352,0.25,-0.20256451437007506
21.6,7.257938922939292,-1.5208337962277874,-2.1868523153957353,0.2604290588596237,-0.09157449809068956,0.25,-0.20641623477970295
21.7,7.243069231594046,-1.5417449156535945,-2.1953699125934443,0.2495540345339729,-0.07862779955530161,0.25,-0.20641623477970295
21.8,7.228135711178452,-1.5625316136847605,-2.2032693534923062,0.25196635976075854,-0.07682082389290269,0.25,-0.21665284580617233
21.9,7.212980512407489,-1.5830926822806328,-2.211450431078623,0.25462573340529693,-0.08020279173540511,0.25,-0.20614281020044808
22.0,7.197681091773776,-1.6034591591475569,-2.2196577767580075,0.24038446450864898,-0.08183584495600708,0.25,-0.20614281020044808
22.1,7.182617533882789,-1.6234802657740202,-2.2289620191137924,0.23959856475603447,-0.09073386811176208,0.25,-0.2053576770861832
22.2,7.172606321157812,-1.636731283513092,-2.235323242256892,0.24340572687187662,-0.09149575755246821,0.25,-0.2053576770861832
22.3,7.157016166262368,-1.656739443010418,-2.244651883624043,0.2601110285862859,-0.08724550033505238,0.25,-0.2021506149051293
22.4,7.141051665089964,-1.6766375119259522,-2.2536655093439966,0.25811677400684946,-0.07793717485285426,0.25,-0.2021506149051293
22.5,7.1248932612488165,-1.6963471984457206,-2.2618919178044843,0.24338127576260363,-0.0970233561126383,0.25,-0.19667222905066722
22.6,7.108437383404095,-1.7161614444689355,-2.2706085995695227,0.2533387241977841,-0.07857946248588749,0.25,-0.19976692536778926
22.7,7.0915377246662485,-1.7358840904922974,-2.2794425247502774,0.260872565122384,-0.08884129436558849,0.25,-0.19976692536778926
22.8,7.074844244254904,-1.7552900431048537,-2.288327296591168,0.2582792103380569,-0.08150088549785965,0.25,-0.19857262850094984
22.9,7.058065020353518,-1.7744705411274206,-2.2966556875750643,0.25287136511358416,-0.07942683491966157,0.25,-0.19857262850094984
23.0,7.041075791951376,-1.7935507895516307,-2.304894905302516,0.250469851079743,-0.08284519094870536,0.25,-0.20457109783463234
23.1,7.02392248510623,-1.8124477698033588,-2.3132413218913936,0.25144486303972813,-0.08144519452623139,0.25,-0.20338822603509674
23.2,7.006680023744992,-1.8311714346337964,-2.3219530245193885,0.2560878090681082,-0.10067622557660975,0.25,-0.20712855644208694
23.3,6.989312843892154,-1.8496094790180935,-2.331389316009846,0.24936373123225034,-0.1005180273129502,0.25,-0.20712855644208694
23.4,6.971977620656421,-1.8680249342247428,-2.3416225283392373,0.25287259580562726,-0.10341188962536019,0.25,-0.2176250704447043
23.5,6.954287008967989,-1.8862348893476257,-2.3523116968619533,0.2488930477209438,-0.10868402580263628,0.25,-0.2176250704447043
23.6,6.936248261620255,-1.904285384257894,-2.3625178316330984,0.24230616009711287,-0.08465633252007541,0.25,-0.20784107980647842
23.7,6.918123920723431,-1.9221582374496622,-2.3720127930668147,0.25015602346195553,-0.09963117004886576,0.25,-0.20784107980647842
23.8,6.899819899159802,-1.9397459529918264,-2.38263687657583,0.2561657508519356,-0.09650612423897217,0.25,-0.2094908576101997
23.9,6.8876459291585626,-1.951371046387765,-2.389087043963717,0.24767703453783108,-0.08842901396885645,0.25,-0.2094908576101997
24.0,6.869109766701923,-1.9687323703401123,-2.3980098508420857,0.24651759666120313,-0.08479746446013811,0.25,-0.21271819615325083
24.1,6.8504049842609165,-1.9859665426339117,-2.4069014646817655,0.24526560871639966,-0.08684209310528083,0.25,-0.21394845519176375
24.2,6.831518006125752,-2.0030333283673616,-2.415842808579773,0.2462413942608569,-0.09195186611548901,0.25,-0.21394845519176375
24.3,6.812345056584584,-2.0199801218856783,-2.4248983852371246,0.25404098425352045,-0.09111933905859534,0.25,-0.21347937291296532
24.4,6.792745837911805,-2.037279592435876,-2.43436588498628,0.26142328480349886,-0.10054692905794517,0.25,-0.21347937291296532
24.5,6.773019458313528,-2.053980753703413,-2.443933809396289,0.24611576531926782,-0.1078469262366157,0.25,-0.21356410042484927
24.6,6.753683088549374,-2.070302026037544,-2.4538832819623466,0.25132941989973234,-0.09563072022082092,0.25,-0.21356410042484927
24.7,6.734063328824409,-2.0864264956497762,-2.4634565526251833,0.2581577306809833,-0.0949092088990838,0.25,-0.21426055913799777
24.8,6.714194251355994,-2.1023356357875014,-2.4730741646056056,0.25655554187151786,-0.10375675776467494,0.25,-0.21117978366005113
24.9,6.694491362211986,-2.117826147047232,-2.4828790424662643,0.2389228322916573,-0.09924416812420835,0.25,-0.20865004264075562
25.0,6.67465436364828,-2.1330425592042124,-2.493305292785242,0.252762790980046,-0.10531046708714699,0.25,-0.20865004264075562
25.1,6.654415041601146,-2.148297908804311,-2.5025499740442934,0.25465947262284744,-0.07779531836327287,0.25,-0.20761166703910716
25.2,6.633859589601865,-2.163466472889314,-2.51059535413372,0.25065289411411773,-0.07298875440930395,0.25,-0.20761166703910716
25.3,6.613281151054774,-2.1784772736121805,-2.518766523331106,0.2552848826622771,-0.07889396679628846,0.25,-0.20334727748810083
25.4,6.592361425248156,-2.1934998499028855,-2.5269086788537662,0.2539484815924713,-0.08673412337062195,0.25,-0.29841987266249204
25.5,6.578116171850379,-2.2034934626876157,-2.5335693693525103,0.2410310429716424,-0.11715165868834111,0.25,-0.29841987266249204
25.6,6.556498598412538,-2.2184123630115176,-2.547349329171376,0.24302267298918556,-0.13898443456724907,0.25,-0.29841987266249204
25.7,6.53491209223599,-2.2330351458463547,-2.5604783181796216,0.25806234588038024,-0.12323163532350413,0.25,-0.3047121920691924
25.8,6.513437334211677,-2.2469796195471092,-2.574649545933452,0.266415066928145,-0.13140368279558856,0.25,-0.21603520562546777
25.9,6.492049631590319,-2.260542316657489,-2.5843659997401214,0.24673506694399872,-0.08204303327528417,0.25,-0.21603520562546777
26.0,6.4707641609439674,-2.273780405627725,-2.593406153812005,0.24256114002954768,-0.0936083096277491,0.25,-0.2064658289488996
26.1,6.4493018015598125,-2.2867922983132436,-2.6026292412479464,0.24859473798199375,-0.08637084240234397,0.25,-0.2064658289488996
26.2,6.427798147866339,-2.299517514708,-2.611443593931558,0.24116917120973763,-0.0913439816065337,0.25,-0.18995866085552446
26.3,6.405869705350098,-2.312251304362436,-2.6207303236874977,0.2552703356293028,-0.07399878100250583,0.25,-0.1849270180877146
26.4,6.383757811930585,-2.3248887930010507,-2.62749188010562,0.24799102531195835,-0.06669834919445594,0.25,-0.1849270180877146
26.5,6.361209769104957,-2.3374944487439158,-2.6337909560218806,0.25222227092431043,-0.05124845970502046,0.25,-0.15816292274984473
26.6,6.338491604080855,-2.350061860423647,-2.6397056139986845,0.25174604213580576,-0.06396772228014168,0.25,-0.17286778207730813
26.7,6.315777503974642,-2.3625847469025376,-2.646861146873418,0.2598103407408656,-0.07725509552310691,0.25,-0.17286778207730813
26.8,6.292948696546485,-2.3749137501197524,-2.6544181780614813,0.2576742083553343,-0.06689322928465503,0.25,-0.1683319967776422
26.9,6.270199032211326,-2.3869136977292547,-2.661524481669044,0.2512741371321243,-0.061706053868987226,0.25,-0.1848383552818918
27.0,6.248081941509827,-2.3985874215240384,-2.6678741977242626,0.2407347999624487,-0.06136549774541465,0.25,-0.1848383552818918
27.1,6.226095333297367,-2.4100430933029555,-2.674185734245348,0.24121783264484936,-0.06103211516823875,0.25,-0.19079471304743528
27.2,6.211315363294893,-2.417599090706636,-2.6785269152605924,0.2503711400225964,-0.07057415725531864,0.25,-0.19079471304743528
27.3,6.189002055071089,-2.4287377236831738,-2.6856979021052823,0.2463013551408431,-0.08182236853599509,0.25,-0.17971947656399295
27.4,6.166411313369377,-2.4397156936337465,-2.6942538587903524,0.25566219412836677,-0.09120630397000358,0.25,-0.17971947656399295
27.5,6.143610653123048,-2.4506902881722574,-2.7021300785629006,0.25555223321725357,-0.07968285449029805,0.25,-0.1756622784206202
27.6,6.120065484053849,-2.4616240478725895,-2.7085907654764116,0.25255309577434976,-0.05078808714256645,0.25,-0.1839120803294661
27.7,6.096137533879014,-2.4723666700252824,-2.7143874398465955,0.25700635630657304,-0.05908657493185328,0.25,-0.1839120803294661
27.8,6.072127425618014,-2.483020279194498,-2.720403364496264,0.2609534569702032,-0.05794154373485201,0.25,-0.19131156429387813
27.9,6.048197967244283,-2.493561023455102,-2.727334270828699,0.2571678642029072,-0.07807823834106166,0.25,-0.19131156429387813
28.0,6.024481895741865,-2.50399257752504,-2.735600160623058,0.24856291479241252,-0.08713942844763793,0.25,-0.1936799983358526
28.1,6.000962033790296,-2.5141445781475507,-2.744229573514583,0.24905199774440273,-0.0883805675683706,0.25,-0.19785889926128358
28.2,5.977829561436758,-2.523899757543452,-2.751674637599596,0.24370435866496098,-0.0625520111791451,0.25,-0.19301895924486157
28.3,5.954859528073894,-2.533475994506532,-2.757845490948174,0.24251207162858537,-0.060146971722645375,0.25,-0.19301895924486157
28.4,5.932105128324928,-2.542921759933537,-2.763630238299488,0.2405749472711156,-0.0552523987502525,0.25,-0.1970570956381389
28.5,5.9091603103189785,-2.552186799054654,-2.769689734692019,0.24231953324447125,-0.06966952968807259,0.25,-0.1970570956381389
28.6,5.885395577891241,-2.5613184363557453,-2.7774193797953677,0.24672635983212296,-0.08954831856417125,0.25,-0.21030860209507302
28.7,5.8612936822006,-2.570443315806031,-2.7856719931029637,0.26239586125550995,-0.07126786121614957,0.25,-0.2232031798910904
28.8,5.8447589457734646,-2.576414786410096,-2.7900417959447106,0.26197909648788303,-0.0606328220453497,0.25,-0.2232031798910904
28.9,5.8196876455504105,-2.585230591234077,-2.7963471897147727,0.2615433269671688,-0.06213892297938501,0.25,-0.22763776568359012
29.0,5.79460628259266,-2.5939220233624205,-2.802601496179324,0.258942583877557,-0.06267027462102007,0.25,-0.22763776568359012
29.1,5.770143356690719,-2.6024455867413656,-2.810352497811223,0.25387951540958853,-0.1055597245600872,0.25,-0.23481301321829123
29.2,5.745914986769662,-2.610630908804093,-2.8222312730128274,0.24674644732095716,-0.1119123445770337,0.25,-0.23481301321829123
29.3,5.721737093109443,-2.6186212181473145,-2.833768886974509,0.2521456279989644,-0.11831273490117519,0.25,-0.24379777665553587
29.4,5.697687087040364,-2.626174825006653,-2.846042789759144,0.2375694652205251,-0.09233584637143057,0.25,-0.24554869174782018
29.5,5.674254773966695,-2.6334499076831315,-2.8532037464098066,0.23690692483574105,-0.06310013938177342,0.25,-0.24554869174782018
29.6,5.650623067933467,-2.640612899945524,-2.8598904533371696,0.24415653808056123,-0.0664128192020067,0.25,-0.23449976090361457
29.7,5.626159510356469,-2.6476457166795235,-2.8678983330360284,0.2645021113129322,-0.07970215904300913,0.25,-0.23449976090361457
29.8,5.601534290877322,-2.6544166472771287,-2.8778854124130144,0.23675245578902873,-0.08923422196722844,0.25,-0.23962892508713232
29.9,5.576668310165364,-2.661107531176744,-2.8887170650883194,0.2515119270459542,-0.13080079468281658,0.25,-0.23604655084346454
30.0,5.550970054939046,-2.667509589625568,-2.8974868215621727,0.26231880903558,-0.0567445404836097,0.25,-0.23371561794132636
30.1,5.525222677720985,-2.673710953440696,-2.902995186282482,0.25565733610932473,-0.05584308527678203,0.25,-0.23371561794132636
30.2,5.500380742532079,-2.6797293384815943,-2.911326381650748,0.25169427994239035,-0.10374249824118087,0.25,-0.22764274810388258
30.3,5.475438234367629,-2.6854804681180506,-2.9224292906759173,0.2433704921900204,-0.11514474076461205,0.25,-0.22764274810388258
30.4,5.458876580615039,-2.689228213197695,-2.930124105487052,0.2546682703334885,-0.10333148348260206,0.25,-0.22908312826727223
30.5,5.433858721992042,-2.6944735658185937,-2.9411337761633907,0.25163970518168843,-0.11956241755511948,0.25,-0.22908312826727223
30.6,5.409144443328138,-2.6994414492726904,-2.952868394425398,0.24868581461033537,-0.08993566244104627,0.25,-0.218495695344539
30.7,5.38454643291092,-2.704116634304286,-2.9591970593616206,0.24910209341600684,-0.047158093261187486,0.25,-0.21106211401952923
30.8,5.359479867332852,-2.7087466075471567,-2.96368613907838,0.2511480671058107,-0.04390504309315486,0.25,-0.21106211401952923
30.9,5.334173313868083,-2.7131960747225983,-2.968807304947655,0.25303162973593407,-0.058048016338832414,0.25,-0.21419140100006817
31.0,5.308929865205041,-2.7175363625680875,-2.9761285772494737,0.23925599835761246,-0.09245186221597114,0.25,-0.21419140100006817
31.1,5.283781172308966,-2.721727646832441,-2.9832191948086786,0.26094096191623833,-0.061275988919374955,0.25,-0.212827760538325
31.2,5.258584398477261,-2.725633660667679,-2.9915294137583786,0.2458418934237253,-0.09468494156607445,0.25,-0.212827760538325
31.3,5.233364384964622,-2.7294120150395647,-3.0000373620742034,0.245868412591487,-0.08220291291215871,0.25,-0.2104229987674604
31.4,5.208186888126197,-2.7330585459808585,-3.006645680154945,0.24953180097968425,-0.07142347136686981,0.25,-0.19717306913801955
31.5,5.182830689924546,-2.73651930676402,-3.0139759889682587,0.25364804703934085,-0.07379592838290373,0.25,-0.19717306913801955
31.6,5.157506170191461,-2.739728030584243,-3.0230126468981315,0.25063511531836186,-0.08768340958250187,0.25,-0.18972555542147174
31.7,5.132042860256418,-2.742646863300126,-3.030984648311126,0.25166044545203137,-0.06478018124637405,0.25,-0.18972555542147174
31.8,5.106248725863109,-2.7454454544671405,-3.037229395949492,0.25987853091307284,-0.06370407316153484,0.25,-0.17458972509451604
31.9,5.080832547061202,-2.748071523353226,-3.0430710040977833,0.25245740146179935,-0.03340407071571534,0.25,-0.15689495562292122
32.0,5.055440156559007,-2.750555136208449,-3.046216084121068,0.24668318372241976,-0.02842179741484625,0.25,-0.15689495562292122
32.1,5.038482025340736,-2.752172064706246,-3.048394822044381,0.25675338860548963,-0.03401787545320174,0.25,-0.15689495562292122
32.2,5.013094352675049,-2.754525126304924,-3.05220508656645,0.25005000423992807,-0.035781514891166176,0.25,-0.14773898456405743
32.3,4.98822736083118,-2.7567189165824995,-3.0563934523043605,0.24323531101725915,-0.040803054076614234,0.25,-0.14251075374100997
32.4,4.9631012240354115,-2.758869060379588,-3.061190449971012,0.24861572015576555,-0.04639538495483179,0.25,-0.14251075374100997
32.5,4.937632324560428,-2.7608949049055305,-3.065524948428597,0.24886265380730271,-0.03827784226882547,0.25,-0.13858728940500767
32.6,4.912230008091823,-2.7628146846806536,-3.0694807017631427,0.25276402475644405,-0.03950364284371422,0.25,-0.13858728940500767
32.7,4.886776468834879,-2.764637012129217,-3.0732624470573504,0.2526074199908976,-0.03836337270417675,0.25,-0.12963342715295562
32.8,4.861129771143806,-2.766346877493485,-3.0771553436507872,0.2554983940700856,-0.03775186487910838,0.25,-0.12265741826001036
32.9,4.835311885427429,-2.767991707517261,-3.080657254342075,0.2515119460854716,-0.03422899056384902,0.25,-0.12265741826001036
33.0,4.809600641260318,-2.769546373525392,-3.084273968946512,0.2504800005019693,-0.029431869642138554,0.25,-0.11834562975068474
33.1,4.784097364464619,-2.77099094265084,-3.0866582111628023,0.24396292824464322,-0.022530296280502675,0.25,-0.11151670578244494
33.2,4.758588077288284,-2.7723789162038974,-3.0890150159279304,0.25581820387284154,-0.023509591396224123,0.25,-0.11151670578244494
33.3,4.733263581514921,-2.7736947479891225,-3.0914627003677264,0.24588505565994156,-0.03112136793668947,0.25,-0.10726044721206665
33.4,4.70815111958386,-2.7749551508712007,-3.094405317334154,0.24547369373998704,-0.030353037711840874,0.25,-0.10478814076415413
33.5,4.682970827313187,-2.7761310101223,-3.0975277735322875,0.2500310286580709,-0.03384450356912396,0.25,-0.10478814076415413
33.6,4.6575142761713275,-2.7772211377273144,-3.100860575222946,0.25384585007490457,-0.02998279899784714,0.25,-0.0989666450028523
33.7,4.640539558135464,-2.7779324869925146,-3.1028187280064574,0.24945435578535768,-0.02619604101613837,0.25,-0.0989666450028523
33.8,4.615050706799012,-2.778905214365207,-3.1056985540008837,0.2489845583637883,-0.0269478198828197,0.25,-0.09174715441761039
33.9,4.589496113775356,-2.779800077068426,-3.108227285553806,0.25465849468808105,-0.025932018495329976,0.25,-0.09174715441761039
34.0,4.563758219481901,-2.7806102996979885,-3.110833622843395,0.25335333595051934,-0.025963542728195992,0.25,-0.08820579116329119
34.1,4.537998374353834,-2.7813862175203963,-3.11340745714937,0.25402448835759883,-0.023360319254019143,0.25,-0.08820579116329119
34.2,4.512371430625538,-2.782101205989208,-3.1159435189791926,0.2521259032058407,-0.018499757257480196,0.25,-0.08320248151323804
34.3,4.486812489492227,-2.7827179980292085,-3.1176874690323277,0.25434780517929384,-0.016510496455008367,0.25,-0.07683665576403763
34.4,4.461335843140581,-2.783317202517367,-3.1193104465145787,0.2476667749271544,-0.02029290606639671,0.25,-0.07683665576403763
34.5,4.436032462964724,-2.7838941221867244,-3.1216260018102546,0.2476057159985551,-0.023205804376920807,0.25,-0.07380137368391286
34.6,4.410710191626564,-2.7844192639391823,-3.123645958267929,0.2506903087126607,-0.02156374631599497,0.25,-0.07380137368391286
34.7,4.385354541540929,-2.784869801965905,-3.1256715966086164,0.24708129910939167,-0.014402092688531917,0.25,-0.06959570213787528
34.8,4.359870964698796,-2.7852784852858306,-3.127573600863276,0.24959064778767967,-0.017851402582048016,0.25,-0.06806115127015046
34.9,4.334363852813647,-2.78561856409883,-3.129419887886296,0.2494701464695567,-0.01776933684570442,0.25,-0.06297690472778558
35.0,4.308833225934008,-2.7859129014401254,-3.131311733140118,0.2529734466586037,-0.019598826656370687,0.25,-0.06297690472778558
35.1,4.283211484291372,-2.7861114095719395,-3.133000906509877,0.25109275765291056,-0.01776753728228257,0.25,-0.056829093246886356
35.2,4.257606456297975,-2.786274743769364,-3.134560115608698,0.24973929504143544,-0.014443974475094067,0.25,-0.056829093246886356
35.3,4.2319879857023865,-2.786435162679086,-3.136164980370153,0.24867274055881425,-0.011063180860438318,0.25,-0.054195010486369634
35.4,4.214949248790396,-2.786504824288681,-3.136870258910132,0.24907421172962094,-0.010447095967901122,0.25,-0.054195010486369634
35.5,4.18944996339127,-2.7866195388180777,-3.13794108565482,0.2525542441548136,-0.011217391759372052,0.25,-0.05117834690562895
35.6,4.164063037563554,-2.786699271077873,-3.1391863053611715,0.24909470942488685,-0.014940812039043658,0.25,-0.05117834690562895
35.7,4.1386685523282445,-2.786763186696305,-3.1408969500596835,0.24988293497569583,-0.015223262910567489,0.25,-0.04926428083730822
35.8,4.113282468728629,-2.786800058617104,3.1408333468485288,0.24922739525245902,-0.013956600913545166,0.25,-0.04589124098574849
35.9,4.087812301743358,-2.7867761644736824,3.1396170114380677,0.24960669550748346,-0.01081349116818419,0.25,-0.04589124098574849
36.0,4.062316753182205,-2.7867237914619754,3.138572453862501,0.24984897896108327,-0.009234470840396355,0.25,-0.03945590164236321
36.1,4.036830008291529,-2.7866486591704662,3.137619608839582,0.24958015879014891,-0.008882146009922837,0.25,-0.03710453486998967
36.2,4.011259998246845,-2.786518934817116,3.1364456427616347,0.2511813778407412,-0.009974962710821314,0.25,-0.03710453486998967
36.3,3.9856769786179944,-2.786379613545161,3.1354524122930605,0.25022647208125715,-0.012560072025700982,0.25,-0.03615533385289002
36.4,3.960100474715188,-2.786203135889427,3.1344393869756924,0.2505552200711269,-0.008367747758073597,0.25,-0.03296424265755166
36.5,3.934560472842273,-2.786010685613556,3.1336833746241095,0.2507176999871827,-0.005819148806782776,0.25,-0.03296424265755166
36.6,3.9090278830042062,-2.785784967462678,3.133066322419214,0.24954132900104561,-0.008543917768625278,0.25,-0.028246562418064773
36.7,3.88356867394301,-2.7855619048574716,3.132331025555202,0.24849052728531892,-0.008077036020916905,0.25,-0.028246562418064773
36.8,3.8581218751457023,-2.7853208186670897,3.131507205633635,0.24962050755748635,-0.007275197611288897,0.25,-0.026240720430916013
36.9,3.8326834664731173,-2.785058338129374,3.130741562239695,0.24929057307585284,-0.006999971236186738,0.25,-0.02441576352439911
37.0,3.81571303786627,-2.7848700565203837,3.1302783382440187,0.24904637545830297,-0.00632523831251098,0.25,-0.02441576352439911
37.1,3.790208250205205,-2.784576339807729,3.1297576640112332,0.24974656483759267,-0.004269502306113061,0.25,-0.02441576352439911
37.2,3.7647126490845664,-2.784275568764474,3.129252123191402,0.24949263510863415,-0.00480375735737233,0.25,-0.022480752668576423
37.3,3.739168222510476,-2.7839515976515328,3.1287406456636297,0.2506718581107567,-0.005204948348545499,0.25,-0.02066031953536933
37.4,3.713625847522843,-2.7836070491809144,3.128291409581593,0.2499595965762169,-0.004282826461487149,0.25,-0.02066031953536933
37.5,3.6880864847830437,-2.7832469410194838,3.1278708123174597,0.2506958210914458,-0.0037893821761727045,0.25,-0.018239445605483053
37.6,3.6625469005631714,-2.782888620659975,3.127419526399977,0.24887341963488138,-0.004441978991937076,0.25,-0.018239445605483053
37.7,3.637037194916507,-2.782523490333234,3.1271826207750157,0.2504716213335358,-0.0021989014226117556,0.25,-0.01606353136198728
37.8,3.611540358968132,-2.7821515825063536,3.126888253503882,0.2507530190194454,-0.003559910550359382,0.25,-0.014324205673259403
37.9,3.586059577586942,-2.7817788453107264,3.12644752314103,0.24942501466715983,-0.006134199012100956,0.25,-0.014324205673259403
38.0,3.5605881230976353,-2.7813873116767907,3.1258453875022383,0.24955750128684012,-0.00507194786983798,0.25,-0.012564156284940321
38.1,3.535113588230364,-2.780981145559764,3.12538783073099,0.2500352302664339,-0.0046747169760902,0.25,-0.009499894478375208
38.2,3.509609274520535,-2.780565674156341,3.125299685623637,0.2504613136985484,-0.0002562498175867768,0.25,-0.009499894478375208
38.3,3.4841018436062092,-2.7801493974648213,3.125293317863814,0.25014018186841197,-0.00020112908075755516,0.25,-0.008366956869405681
38.4,3.4585881872001027,-2.779733171247709,3.1251773906488878,0.25051680683341837,-0.0023976878483371266,0.25,-0.006699536939491003
38.5,3.4330675643491704,-2.7793093027538713,3.1248946496440486,0.2509129184712364,-0.002947353805131399,0.25,-0.006699536939491003
38.6,3.4075472166758396,-2.778879235024457,3.1246402620746343,0.25061407447474043,-0.002237211922843135,0.25,-0.005449020652569858
38.7,3.390535431342591,-2.7785885860890374,3.1244566520780697,0.2499642218721465,-0.0030324683389652057,0.25,-0.005449020652569858
38.8,3.365022849354725,-2.7781490644175166,3.1243565825089172,0.2500887383480595,-0.00028582318157178543,0.25,-0.004614923603992826
38.9,3.3395191704199965,-2.777709181481106,3.124419376374006,0.2501258044157668,-0.0011052173292353756,0.25,-0.004614923603992826
39.0,3.3140233521838116,-2.777269358455172,3.1242981546388564,0.2497135980570559,-0.002768651083058999,0.25,-0.003884249233666438
39.1,3.288529141651894,-2.7768271477588575,3.1240672414803696,0.2499929817802057,-0.0018846849454435617,0.25,-0.003884249233666438
39.2,3.2630352171643633,-2.7763806159217346,3.1238502361279292,0.2501315466498708,-0.0013599949591370452,0.25,-0.002988982137358445
39.3,3.2375334403162266,-2.7759289512457554,3.1237871687206535,0.2502718132368713,0.0021255159240374456,0.25,-0.0025248002157796604
39.4,3.2120306468340662,-2.7754748279734858,3.1239021862546044,0.25001097210490675,0.00014656191578597474,0.25,-0.0025248002157796604
39.5,3.1865277930024765,-2.775031158742089,3.124118500699202,0.2498448598133025,0.0012764769078329218,0.25,0.0010807140521503118
39.6,3.1610250436601612,-2.7745866473824825,3.1240828440118555,0.25016685803146044,-0.0008237193393005219,0.25,0.0010807140521503118
39.7,3.1355138499592594,-2.7741416020964174,3.1240468678634112,0.2501533615754838,-0.0009280277389168926,0.25,0.0006874302810334493
39.8,3.110002780533874,-2.7736934433571254,3.123922871202323,0.2500608885746738,-0.00081948089922289,0.25,0.00243304292904654
39.9,3.0845013212308494,-2.7732456322666903,3.1240083230790523,0.2500499929955371,0.0008215836809519179,0.25,0.0033412971866036527
40.0,3.0589997930862927,-2.772799783652147,3.124241546700911,0.25004081443262777,0.0009400796931351381,0.25,0.0033412971866036527
40.1,3.033493231689673,-2.772356910440111,3.1243094022162023,0.2498795870149678,-9.505664593131746e-05,0.25,0.003601368084094973
40.2,3.0079856564309244,-2.7719136080361895,3.124308132815341,0.2505139385366051,-0.0009550504319774654,0.25,0.003601368084094973
40.3,2.9909812468867645,-2.7716155062200407,3.124295893073696,0.2502074077257644,-0.0003666671079112994,0.25,0.003690261174715123
40.4,2.9654747287845598,-2.7711723388385634,3.124299538537544,0.2500602951424592,0.0009755723514108046,0.25,0.003690261174715123
40.5,2.939973998314586,-2.7707330749497863,3.1245119448439342,0.24984488053657697,0.0013738375964859563,0.25,0.004951391703706457
40.6,2.9144704364429073,-2.77029931049081,3.1248666159268295,0.25003152666409706,0.0051268086812588905,0.25,0.004951391703706457
40.7,2.888973564273948,-2.7698750138947332,3.125023764361427,0.24959863196751184,0.0009971511518555715,0.25,0.005796651968156249
40.8,2.863472760516381,-2.769458566713521,3.125076508963271,0.24997125048108396,0.0008090103713658187,0.25,0.005920046535496136
40.9,2.8379709011943124,-2.769040995869601,3.1251470158505357,0.2500201859366097,0.0004003607884486121,0.25,0.005920046535496136
41.0,2.812472677775316,-2.768626056189083,3.1252119244942045,0.2498421100096101,0.0018929647795032302,0.25,0.006373254946649736
41.1,2.7869755723768757,-2.7682130288397078,3.1254505511227393,0.25036282970692686,0.0017741550800113072,0.25,0.006373254946649736
41.2,2.761471130787301,-2.7678052105669306,3.12566600214579,0.2506976626484678,0.0016356809578839983,0.25,0.007316746840343089
41.3,2.735954953527219,-2.767398030178658,3.1257790371510192,0.2505470151574177,0.0008734203717846186,0.25,0.0075304782696164405
41.4,2.7104386543876693,-2.7669913304526355,3.1258882749218326,0.2499161064487478,0.00045829838942280796,0.25,0.00826425814680155
41.5,2.6849270774130805,-2.7665883540173537,3.126017057846345,0.25053804319188583,0.0012942158559503647,0.25,0.00826425814680155
41.6,2.6594204872275546,-2.766195689744366,3.1265634125439328,0.2500285325419565,0.007691685988846562,0.25,0.008118044602848862
41.7,2.6339178333009197,-2.765818080069959,3.127008489955614,0.2501163421074193,0.002092965094143093,0.25,0.008118044602848862
41.8,2.6084245241796866,-2.7654514570351987,3.1272369593473885,0.25039401580512716,0.0012652654780296107,0.25,0.007645584113092451
41.9,2.582925838147044,-2.7650906690472197,3.127354359782111,0.24996913223734613,0.0008249014069754792,0.25,0.007645584113092451
42.0,2.565928923912536,-2.764853024891834,3.1274507206316238,0.2505228468111816,0.0009754273730996623,0.25,0.008177799421035425
42.1,2.5404269321460218,-2.764497616083823,3.127555760395409,0.24964002458214837,0.0010040549476395498,0.25,0.008177799421035425
42.2,2.514931482725409,-2.7641427820780495,3.1277718748478325,0.24964800131101217,0.002217648335977549,0.25,0.008777080116007408
42.3,2.4894383611297735,-2.76379519448839,3.12801593556711,0.25044368397553274,0.0019623047917765386,0.25,0.008777080116007408
42.4,2.463922856028175,-2.7634454435912317,3.1282051888667626,0.25077527922624837,0.0011745892248205846,0.25,0.008480067599936341
42.5,2.4384090247964325,-2.7631005798166077,3.1283277563870597,0.250599444936183,0.0008994807701817108,0.25,0.00904143872447749
42.6,2.412890687262842,-2.762759597822386,3.1284582054063788,0.25018854593143985,0.0011890223342637134,0.25,0.00904143872447749
42.7,2.387378869574417,-2.7624241631593276,3.128775610296316,0.2500630419909923,0.003905244247716218,0.25,0.010437856160257868
42.8,2.361875360681302,-2.7621012506623455,3.129138349578628,0.25005609099155357,0.0025669989672929645,0.25,0.010437856160257868
42.9,2.33637738136518,-2.7617853404405417,3.129597685702704,0.2499347212794756,0.002478734503760983,0.25,0.011668906145154074
43.0,2.3108928884796325,-2.761486765956403,3.129850029767567,0.24950936546851896,0.002257385930387934,0.25,0.01005890932244746
43.1,2.2853971372968913,-2.7611938980230786,3.130025782902394,0.2504909437562128,0.0013320961178429705,0.25,0.01005890932244746
43.2,2.2598948423958247,-2.7609083149652394,3.1301970338040377,0.24967989913275868,0.0010889476489684272,0.25,0.009952755313783243
43.3,2.234393465754652,-2.7606216939487616,3.1304640798443573,0.250513914685585,0.0025407209843891004,0.25,0.00924781096610296
43.4,2.208895200390183,-2.760341645263108,3.130717806608118,0.249381138293485,0.003025210167289976,0.25,0.00924781096610296
43.5,2.1833768035869587,-2.760065070389559,3.130950619482163,0.24991862110220175,0.0017748260489695467,0.25,0.009341293752393738
43.6,2.166364013063929,-2.759881175362628,3.1310533433505,0.24957956538193002,0.0016664725772970257,0.25,0.009341293752393738
43.7,2.1408540277725083,-2.7596080812310335,3.1312413565851975,0.2500636677630294,0.00158742689633137,0.25,0.00807055179262254
43.8,2.1153413293015104,-2.7593442793291905,3.1313932201298114,0.2495248576176297,0.0023260674265125274,0.25,0.00807055179262254
43.9,2.0898373895337246,-2.759085425216108,3.1317497317806917,0.25002559082112213,0.003971312101175157,0.25,0.00912875861156422
44.0,2.0643324772058356,-2.7588338487481154,3.132218399392437,0.24978993110695097,0.005382263784564207,0.25,0.00912875861156422
44.1,2.038838168560495,-2.758600985444304,3.1324514073283525,0.24961695557135008,0.0018028569816915794,0.25,0.009724145833127598
44.2,2.0133394041750434,-2.7583751259764506,3.1326500746038586,0.2501932964772493,0.001947863029828153,0.25,0.009724145833127598
44.3,1.987835181305373,-2.758153081092999,3.132778276110323,0.24998634176040557,0.0012383744769361958,0.25,0.008984768005407186
44.4,1.9623344862767982,-2.757932883005096,3.132937139771694,0.2504210461214552,0.004059185135222762,0.25,0.0083318222369408
44.5,1.9368376698525223,-2.7577207261480647,3.1332230929909626,0.25005017980739147,0.002304668575769478,0.25,0.0083318222369408
44.6,1.9113302011143745,-2.757510546479417,3.133444713595556,0.25039361055294834,0.0015625953694656015,0.25,0.008199622843466096
44.7,1.8858128894204746,-2.757298840060875,3.133574532273084,0.2501873599146798,0.0015589142384664942,0.25,0.0073607832810368284
44.8,1.8602972844511783,-2.7570911984496123,3.133660368364914,0.24973717325829867,0.0011946174682765274,0.25,0.0073607832810368284
44.9,1.8347772691023494,-2.7568869091252197,3.1337797207669804,0.2499767217645077,0.0029398791091340254,0.25,0.00708854876489674
45.0,1.809270309862696,-2.7566884092279893,3.13417205605831,0.2501688745087971,0.0030548916809185144,0.25,0.00708854876489674
45.1,1.7837644080958244,-2.7564979543654444,3.134531714378416,0.25006087298659296,0.004777934568386947,0.25,0.0067163452848001196
45.2,1.7582612176080477,-2.756323305348379,3.13474577756544,0.25004656792962243,0.0008292161720782059,0.25,0.005150374729992097
45.3,1.7412596812995258,-2.7562084572787082,3.1347864905952725,0.24985681379375219,0.00044382707920454423,0.25,0.005150374729992097
45.4,1.7157517300003238,-2.756038815606,3.134832131184922,0.25003803730782725,0.0009012091690088467,0.25,0.005150374729992097
45.5,1.6902449268267605,-2.7558700689081257,3.1348925669292127,0.25029728617328184,0.0005395969266665567,0.25,0.0041766627880348885
45.6,1.6647429024854223,-2.7557020698176733,3.135036039515282,0.25010111545198116,0.00143611392584187,0.25,0.003725674839069687
45.7,1.639241733908078,-2.755538643445459,3.1351889188462434,0.2502812010897128,0.0020101287008499466,0.25,0.003725674839069687
45.8,1.6137332245153189,-2.7553727897722573,3.135241535904267,0.250104565486624,-0.00027529103166506525,0.25,0.0030852071228596456
45.9,1.5882260484652924,-2.7552075920307457,3.135199668500055,0.25000215759215744,-0.00038809066010873157,0.25,0.0030852071228596456
46.0,1.5627224552408745,-2.7550430090059943,3.1351294171667465,0.25015542802917534,-0.0006000253064966313,0.25,0.0003659974988479073
46.1,1.5372161424481259,-2.7548763654015676,3.1351924581685178,0.24994145594379566,0.0013601753323687121,0.25,-0.0004196337839351763
46.2,1.5117094642551778,-2.7547127796432163,3.135372095969228,0.24981800723455347,0.004134664387172115,0.25,-0.0004196337839351763
46.3,1.4862008872324814,-2.754555195540792,3.135473577381758,0.25017411158932024,-0.0003606728038259382,0.25,-0.0024174307618212536
46.4,1.4606813963036436,-2.754403686423237,3.1353104815811546,0.2501139104698344,-0.001406609879220846,0.25,-0.006627655364823619
46.5,1.4351615885891975,-2.7542404601594894,3.135096652593211,0.25045218142571546,-0.0030507634300147705,0.25,-0.006627655364823619
46.6,1.4096422020589365,-2.754070790997077,3.134809379757793,0.2498384370941913,-0.002800184579868338,0.25,-0.022657956862107302
46.7,1.384124151515948,-2.753891546530551,3.134375718439583,0.25068642554858955,-0.0038958953905348604,0.25,-0.022657956862107302
46.8,1.3586126546366017,-2.7537005635173037,3.133931056106369,0.2501087419258411,-0.004647960935304778,0.25,-0.024444404740720307
46.9,1.3416498848679157,-2.753566711708235,3.133422124141181,0.2491706926155854,-0.0065882773324457905,0.25,-0.024444404740720307
47.0,1.316201363046285,-2.7533496227296874,3.1326129075011373,0.24996517980748303,-0.009163156185953668,0.25,-0.027225216218232054
47.1,1.290764349745419,-2.753113079717749,3.1318322152985227,0.2513607022452771,-0.00833405394018216,0.25,-0.027225216218232054
47.2,1.2653151557462223,-2.7528530840208694,3.1310999866916447,0.250285861058864,-0.007468651704011117,0.25,-0.026117314160581544
47.3,1.2398081600027695,-2.752578939563203,3.130512991065598,0.2486361851602932,-0.005745786542803879,0.25,-0.03067746893811668
47.4,1.2143133852129102,-2.7522951210484887,3.1298317305596224,0.24966209724145855,-0.006468286294183987,0.25,-0.03067746893811668
47.5,1.1887553473283645,-2.7519841125716815,3.12908664236475,0.2502967731278747,-0.007174408799638331,0.25,-0.030510766567341377
47.6,1.1631792761961837,-2.751653067282322,3.1282789542661202,0.2501875861239423,-0.007360416728421049,0.25,-0.030510766567341377
47.7,1.1376046466949314,-2.751302000985456,3.127518133159049,0.2512263457591901,-0.008324420580255986,0.25,-0.03754566695225165
47.8,1.1120373733829334,-2.750934082603882,3.1266795028615224,0.2502560844100463,-0.008481883728356121,0.25,-0.03754566695225165
47.9,1.0865109049694592,-2.7505333222885655,3.126037921269668,0.2495220051160431,-0.005638678148375217,0.25,-0.02798493761541844
48.0,1.061033581963713,-2.750127318176762,3.1253865118742783,0.2487319902009157,-0.010531661234088992,0.25,-0.031369222603257425
48.1,1.0356045894622727,-2.7497032447253256,3.124516104961642,0.24968485545287206,-0.008226524597747125,0.25,-0.03754888004727649
48.2,1.0101752577058078,-2.749269194673363,3.1234663044524056,0.25018399326263385,-0.011850622795651727,0.25,-0.03754888004727649
48.3,0.9847520688017145,-2.7488018541023584,3.1223853247130857,0.24831637898402034,-0.007860628165459842,0.25,-0.03903643680047311
48.4,0.9592434129632786,-2.748301120657012,3.1214630603114446,0.24834296443727386,-0.009123874134850307,0.25,-0.03903643680047311
48.5,0.9422439675937152,-2.747960119638267,3.1208378040825826,0.25011485279359663,-0.009162222779824952,0.25,-0.032139354928750544
48.6,0.9167009507754836,-2.747422230214966,3.1200884956217667,0.2521864516441122,-0.006223055405279342,0.25,-0.032139354928750544
48.7,0.8911431510117072,-2.746859494609996,3.1193584905168765,0.2503116929022238,-0.002476621309643584,0.25,-0.004943154851059561
48.8,0.865625638750171,-2.7462885807501483,3.1190731643331406,0.2500491298267315,-0.0020833652850154555,0.25,-0.004943154851059561
48.9,0.8401033704774165,-2.7457078331164846,3.1185897136168443,0.251131942163501,-0.01296211322700369,0.25,-0.04092009299063261
49.0,0.814564860386391,-2.7450980582236695,3.1177377694722956,0.2517088469598661,-0.007754591049518711,0.25,-0.039511447956900335
49.1,0.7890818937969767,-2.744480743629497,3.1168968339432728,0.24894617789589663,-0.008796473675620885,0.25,-0.039511447956900335
49.2,0.7721448206997767,-2.7440523164340296,3.116227189267816,0.249878872999075,-0.012018844082546025,0.25,-0.04372697457972274
49.3,0.7382864726802297,-2.743187895645975,3.1146236812364316,0.24989936624958864,-0.010552282560538537,0.25,-0.04372697457972274
49.4,0.7128875015207733,-2.7424967579826407,3.113344049377267,0.24734406192396904,-0.011256236093443216,0.25,-0.03864510257939331
49.5,0.6874397615913183,-2.741773770922216,3.1123612701322654,0.2487463071679934,-0.00954188881622642,0.25,-0.03988015907552718
49.6,0.6619651907458844,-2.7410281169596846,3.111387797294364,0.248604584978818,-0.009497277935733269,0.25,-0.054064073335083694
49.7,0.6364183566671491,-2.740265512856527,3.1102325242554323,0.25031946030864866,-0.014631574168566247,0.25,-0.054064073335083694
49.8,0.6107997206803059,-2.739437327701991,3.1086913741602045,0.24873188079570635,-0.016049241554734733,0.25,-0.05424927994717061
49.9,0.5851882774782485,-2.7385715869337743,3.1073124543173725,0.2534242573917532,-0.01161372581253401,0.25,-0.05424927994717061
50.0,0.5595792803327326,-2.737667396394319,3.1059405836075253,0.2502261037050332,-0.013724548168301366,0.25,-0.05496914498532732
50.1,0.5425537273572875,-2.7370424517063396,3.1051260285965543,0.2517780072023904,-0.010659997086412708,0.25,-0.05496914498532732
50.2,0.5170506389857669,-2.7361025981137237,3.1041142997226987,0.2515477054171364,-0.012254288274801885,0.25,-0.05493602199292859
50.3,0.491667547418184,-2.73515105263305,3.102649871103846,0.24758364350929288,-0.015384718915570495,0.25,-0.05493602199292859
50.4,0.46632805859609733,-2.734152230177785,3.1011072305695686,0.24786312810008895,-0.01638298293450302,0.25,-0.06119399361257769
50.5,0.44097591113935436,-2.7331360384865464,3.0993676298723654,0.24915203891177956,-0.016850679399188342,0.25,-0.06094036264618138
50.6,0.4156100745319255,-2.7320828210626367,3.097477671780591,0.25099801786190806,-0.015976983116082134,0.25,-0.06094036264618138
50.7,0.3901551385446216,-2.7309583176568473,3.095809471125325,0.2480734484444376,-0.017719481541250397,0.25,-0.06476408363397274
50.8,0.3646137281211106,-2.7297757257303155,3.094157810742802,0.247780906309483,-0.015235681759371334,0.25,-0.06476408363397274
50.9,0.33896807179315586,-2.7285555626649396,3.092566941976796,0.2492564425978624,-0.017862042987813277,0.25,-0.06690861216019982
51.0,0.31333397841974464,-2.7272693142367976,3.0907231334677445,0.24966247787808024,-0.022896499601744735,0.25,-0.06690861216019982
51.1,0.2877279856384743,-2.725898441150928,3.088776233790264,0.2472834631891828,-0.02036047764406182,0.25,-0.07679694972073492
51.2,0.26210771072086586,-2.7244958536734516,3.086659606470244,0.2537684092802011,-0.028373743913717636,0.25,-0.07099289454123432
51.3,0.23665704330620868,-2.72308396310896,3.084900883411251,0.24964609760652456,-0.018645252602180796,0.25,-0.08832193220256906
51.4,0.21136220013028825,-2.7216261350575386,3.0830927398646284,0.24735291304631174,-0.025537373472269656,0.25,-0.08832193220256906
51.5,0.186073983549747,-2.720122790446836,3.0802696282499475,0.2493421887060825,-0.026890660542332075,0.25,-0.0921632128157719
51.6,0.16083393711694077,-2.7185587662025,3.0774406858906853,0.24791213186602512,-0.02497388318542115,0.25,-0.0921632128157719
51.7,0.13561333301732192,-2.7169536338951397,3.0745543006735323,0.24631840633234708,-0.030021671523038626,0.25,-0.10595852624461043
51.8,0.11879826489236237,-2.715824522242458,3.0724093311870297,0.25421699763067035,-0.028393097054012027,0.25,-0.10595852624461043
51.9,0.09328298847805157,-2.714043027962427,3.069286440693701,0.25163381148712616,-0.023205065640848135,0.25,-0.10869985047707553
52.0,0.06752382921602575,-2.71217926221019,3.0667787374488613,0.250777310534616,-0.026211991792374663,0.25,-0.11515761198099347
52.1,0.04179493031344695,-2.7102630083284245,3.063131038135009,0.25673138190753103,-0.04144185512796466,0.25,-0.11515761198099347
52.2,0.01607250932415,-2.7081897960083032,3.0594587379355325,0.2526939195477717,-0.03454355781210787,0.25,-0.13556894022475063
52.3,-0.00970857380583655,-2.705999560792061,3.055888886416698,0.24940335004364797,-0.03827772545257521,0.25,-0.13556894022475063
52.4,-0.03534551111540635,-2.7037544583073756,3.051995323102168,0.2549759770282798,-0.04320539033362677,0.25,-0.11821728452509223
52.5,-0.060500751640427244,-2.701488845658907,3.0483652475446044,0.24526043877698428,-0.03794463371123098,0.25,-0.13154992372165444
52.6,-0.08556939315826363,-2.699112734546334,3.0444178401044573,0.24586991048208368,-0.03454793693578628,0.25,-0.13154992372165444
52.7,-0.11047677378092903,-2.6966675146764496,3.041152657854585,0.2504646370095666,-0.03488536416740423,0.25,-0.14040860980081576
52.8,-0.13528226032123522,-2.6941456884039585,3.0377341725734324,0.250457391186861,-0.03749245184369383,0.25,-0.1459352131005448
52.9,-0.1601884830896017,-2.6915213838698486,3.0341026919071385,0.25612871538156967,-0.03404760774054816,0.25,-0.1459352131005448
53.0,-0.1857321628427046,-2.688729643237305,3.0292772389217544,0.2508911817336688,-0.05652385813642025,0.25,-0.1434600194162851
53.1,-0.21152953938407168,-2.6858436984810736,3.02552705645802,0.25285647389703575,-0.029949237164923728,0.25,-0.1434600194162851
53.2,-0.23734695050742058,-2.6828553654640297,3.022487562083476,0.25707184142448036,-0.03318850513349081,0.25,-0.1486533870974659
53.3,-0.26321500693425864,-2.6797672109412822,3.0190294165781895,0.24682759790409983,-0.04049852360121792,0.25,-0.14562020833745612
53.4,-0.28047272977954646,-2.677660901564461,3.016333892582805,0.25116404938417647,-0.04253380871572348,0.25,-0.14562020833745612
53.5,-0.30599586286665853,-2.674407590078255,3.0119137038085895,0.25263078896095276,-0.04552414537334121,0.25,-0.15983858320703764
53.6,-0.3311720471686858,-2.671090461448908,3.0059562359353884,0.25034238686751975,-0.06469088722720726,0.25,-0.15983858320703764
53.7,-0.35617619291766844,-2.6676303161805697,2.999618982412374,0.2536695427635448,-0.0517234547074562,0.25,-0.16770823148115904
53.8,-0.38097910368674115,-2.66406743832737,2.9942658399979956,0.2394692195911629,-0.049588926953316785,0.25,-0.16770823148115904
53.9,-0.4057979273770636,-2.6603607084842236,2.9893061614115743,0.24860078119556653,-0.05458994737070044,0.25,-0.17170763598866842
54.0,-0.43052707768028575,-2.656511748356869,2.982962150631575,0.25748293003864675,-0.05425042279565203,0.25,-0.17648404435314569
54.1,-0.4556891626163565,-2.652459451141804,2.9772412881012973,0.2610078815644205,-0.06511698879900013,0.25,-0.17648404435314569
54.2,-0.48117298425673033,-2.648184064032883,2.970712373076784,0.25694336159525655,-0.0783152570721448,0.25,-0.18898507951405702
54.3,-0.5067868711750044,-2.6436558607230554,2.9639429393770995,0.24951721820497616,-0.06266313780277838,0.25,-0.18898507951405702
54.4,-0.5326017149253451,-2.6390241984897562,2.9578248014719772,0.25889490793848785,-0.05523308721153262,0.25,-0.21025894758959726
54.5,-0.5585066168184135,-2.634266180126777,2.9522550142599937,0.24982747921778506,-0.061046422897675215,0.25,-0.2070239546620485
54.6,-0.5835046450016538,-2.6294078367688147,2.9450411193687973,0.25402455855261524,-0.0740079746683708,0.25,-0.2150033399223098
54.7,-0.6084620672602279,-2.6244205769935327,2.9378130121680712,0.246807650235628,-0.07241421931897989,0.25,-0.2150033399223098
54.8,-0.6331787105166558,-2.6192227849915715,2.9287625499952736,0.24151866801897837,-0.11047164447685424,0.25,-0.23056780634801474
54.9,-0.6575257277966078,-2.6141041493012116,2.9190465078032277,0.24728280319531862,-0.09432219157966078,0.25,-0.23056780634801474
55.0,-0.6817556852221461,-2.608727625075102,2.9098580643095295,0.24578116611229073,-0.0906123089877323,0.25,-0.22872348541914925
55.1,-0.6978896498027617,-2.6049810847084216,2.9038132365906404,0.23753471696671938,-0.07920857093133546,0.25,-0.22872348541914925
55.2,-0.7227640356273659,-2.598833323119533,2.8955548969704634,0.24906786324594207,-0.09974243483782382,0.25,-0.2330712474407729
55.3,-0.7475369815947697,-2.5925690406120534,2.8844640733228317,0.2626832214696756,-0.11098162973008717,0.25,-0.2330712474407729
55.4,-0.7725851357246866,-2.5858584733128613,2.8710023755752427,0.26114351614997006,-0.13574295111389917,0.25,-0.2306038965446952
55.5,-0.7976174819463855,-2.578916178058471,2.859900711219194,0.2631516921245258,-0.0924481982735313,0.25,-0.23129325092683414
55.6,-0.8225520297602916,-2.571715134839237,2.851097479744647,0.24877347389441754,-0.10359113639398204,0.25,-0.23129325092683414
55.7,-0.8469737319608595,-2.5644472981597235,2.8405638513407108,0.24653867262786375,-0.08751021901564446,0.25,-0.23290238047456263
55.8,-0.8713004757219059,-2.5568877901367935,2.829425886970577,0.25448585626287074,-0.12387552677701905,0.25,-0.23290238047456263
55.9,-0.8955659472513029,-2.5489759967252263,2.8184346105091924,0.25535991320825585,-0.08875301641401391,0.25,-0.21456240296516066
56.0,-0.9196118616932341,-2.5408370217083505,2.809140549433614,0.23870164238194722,-0.09451342881933363,0.25,-0.21734799239254302
56.1,-0.9432947695771867,-2.5327058890498986,2.799326166606669,0.23535166706048644,-0.08452921248811786,0.25,-0.21734799239254302
56.2,-0.9671724001675379,-2.5241494836155915,2.7907284861495656,0.24824778624599655,-0.12355965092321891,0.25,-0.21322804161745842
56.3,-0.9910757266240503,-2.51520820419309,2.7800919069683148,0.23690549419264592,-0.0752022068907729,0.25,-0.21696024321473903
56.4,-1.0149672587272462,-2.5061521802176925,2.770353749702456,0.2540983303507694,-0.12820423233522815,0.25,-0.21696024321473903
56.5,-1.0388046540428648,-2.4967384509087887,2.7602750446325652,0.26198896762429336,-0.06474007001974529,0.25,-0.21734277704169574
56.6,-1.06274242941975,-2.4869964313229067,2.7510356052143763,0.25768506902228827,-0.09747075534716998,0.25,-0.21734277704169574
56.7,-1.078519343225473,-2.480535070215573,2.744188964069637,0.25112415859045334,-0.09734056766819772,0.25,-0.21573387238690125
56.8,-1.1019894935506531,-2.470872589414548,2.733725217163501,0.2437386082142375,-0.10247100358124982,0.25,-0.21573387238690125
56.9,-1.1253752226567932,-2.460876636186729,2.7236297200942694,0.24692496272372372,-0.0785353371663459,0.25,-0.22654156696706246
57.0,-1.148694451079617,-2.450525817423538,2.714967343606367,0.25382076247285756,-0.08347079762951674,0.25,-0.22654156696706246
57.1,-1.1718370523914037,-2.4399215019906397,2.706417525729265,0.25437148781950586,-0.07935337930375962,0.25,-0.2191740234018329
57.2,-1.1954150109346655,-2.429029983167084,2.6987393821257046,0.2545540210174169,-0.07005449996836034,0.25,-0.2191740234018329
57.3,-1.2190284813381167,-2.417952407173421,2.6903276903027513,0.24876671581917284,-0.10690566438784052,0.25,-0.2223484217150573
57.4,-1.2419354597278867,-2.4067319718101254,2.6810824370609176,0.245924829026928,-0.08038819441360916,0.25,-0.22439647700051196
57.5,-1.264685626838319,-2.3954456412290384,2.673636930316643,0.24330272889320742,-0.07085726179805951,0.25,-0.22439647700051196
57.6,-1.2875056894657264,-2.383875873026794,2.6679363405234993,0.24138399098124,-0.04451713296998358,0.25,-0.2359923053084073
57.7,-1.309894721382375,-2.3721697982023016,2.6594835780588633,0.23726348376674894,-0.10021425483727771,0.25,-0.245827419075296
57.8,-1.3320981173338442,-2.3604685631615965,2.6480311135461005,0.24253998032322824,-0.10257009014773921,0.25,-0.245827419075296
57.9,-1.3544667542009938,-2.3485352239347717,2.637339701729679,0.2511715539382663,-0.11757935609821918,0.25,-0.24220488523193484
58.0,-1.3767364336601589,-2.336506997306098,2.6257800169771603,0.2446786142408399,-0.11198222590666747,0.25,-0.24220488523193484
58.1,-1.3988992748638716,-2.324156471871347,2.6143942296684877,0.2546065402226674,-0.11005559472758292,0.25,-0.23735269081268698
58.2,-1.4209304988233695,-2.3113731086717997,2.6033042864490925,0.25005686697228524,-0.09173469871536344,0.25,-0.23735269081268698
58.3,-1.4437510384044931,-2.2980631240372413,2.5946495925628548,0.2614063819552873,-0.0827055200096315,0.25,-0.23664473303678457
58.4,-1.4589887486943691,-2.28910195724244,2.5889634817377,0.26350059478293647,-0.08506681671159563,0.25,-0.23664473303678457
58.5,-1.4814833505145468,-2.275478412552381,2.5804100118074165,0.25193171224955424,-0.08982805837884326,0.25,-0.22084283152835166
58.6,-1.5030135533637374,-2.2621735747674365,2.5700626295884703,0.2502284899295197,-0.11091343034974918,0.25,-0.22084283152835166
58.7,-1.5244047656247497,-2.2486303819294764,2.5587162084681165,0.24133725545282997,-0.12237881748522153,0.25,-0.23193841685840313
58.8,-1.5452375339496724,-2.2348441978347324,2.5484294927084035,0.2396607281700181,-0.0857363762865637,0.25,-0.231912758717846
58.9,-1.5655508942407952,-2.220796872601916,2.5391538004029703,0.23808322851921931,-0.09702386438318106,0.25,-0.231912758717846
59.0,-1.5858537610328458,-2.206536465468978,2.52997980627686,0.24282390477150312,-0.09199702533082077,0.25,-0.22663236969380507
59.1,-1.6065671117561264,-2.1919527367667144,2.5201783953219703,0.24939107300406518,-0.0973523488580666,0.25,-0.22663236969380507
59.2,-1.627269855321244,-2.177287307293463,2.5099441502609983,0.2486202470733938,-0.09971783356453892,0.25,-0.23198286032072318
59.3,-1.6478701820554773,-2.1621289940324333,2.499649355492662,0.2586061606622875,-0.09325250607146648,0.25,-0.23481741310179563
59.4,-1.6687824377036296,-2.146414004803654,2.4900821809146496,0.2510446721521382,-0.0962571611733652,0.25,-0.23481741310179563
59.5,-1.6898967685692552,-2.1306657329862424,2.480584491801681,0.2630784333271106,-0.08845094552108834,0.25,-0.2480073956755604
59.6,-1.7109922989096884,-2.114677470003619,2.470645498428432,0.25721787384288225,-0.10094092321123777,0.25,-0.23415831675110832
59.7,-1.7313885423492557,-2.0986151975909153,2.460642624929711,0.23784454897946652,-0.10223044497907866,0.25,-0.23415831675110832
59.8,-1.75107204416317,-2.0828744356641935,2.449938732449933,0.2455033289066277,-0.10616009318494983,0.25,-0.23558557180969206
59.9,-1.7703056437835374,-2.0670816023978253,2.440218930344294,0.23453168245858422,-0.0638017120041839,0.25,-0.23558557180969206
60.0,-1.7830071169511104,-2.056360820135401,2.4344676791613193,0.24121679624310385,-0.09956686040659525,0.25,-0.2397743326429711
60.1,-1.801861758797347,-2.0400282922135946,2.4244309002763687,0.25079947930759877,-0.10215339358084198,0.25,-0.2397743326429711
60.2,-1.8202743941712298,-2.0233812249174656,2.4144492552987993,0.2399129075855891,-0.10191641575790522,0.25,-0.24332500413370403
60.3,-1.8389738326716627,-2.00660058930817,2.404302731157319,0.25345610341038055,-0.09134414955298845,0.25,-0.24332500413370403
60.4,-1.8579900166221266,-1.9890939165745596,2.3935630747550767,0.2543814900809068,-0.10248811923674418,0.25,-0.2444083512941212
60.5,-1.8769389513920014,-1.9710663095007253,2.3831286362697357,0.2642482324340039,-0.09393611618039481,0.25,-0.24392463650000829
60.6,-1.8957174866679969,-1.9530343992019201,2.372959443717904,0.25616914721727146,-0.10498696666653567,0.25,-0.24392463650000829
60.7,-1.914341983248424,-1.934886860967186,2.362491339982519,0.2562464463869733,-0.1056129460898334,0.25,-0.22204347958326026
60.8,-1.932943965451501,-1.9165601325024149,2.3528766408200705,0.25036038450244835,-0.09397189254138913,0.25,-0.22204347958326026
60.9,-1.9509832929976296,-1.8984073802070844,2.343214654351645,0.2475093047703353,-0.09530510017117044,0.25,-0.2222631334246818
61.0,-1.9685494336208658,-1.8803827330067067,2.3338715122459943,0.24363773427890603,-0.09432640759376013,0.25,-0.21979457177924316
61.1,-1.9859061774353288,-1.862767940552892,2.324856028530341,0.24385969174623257,-0.08801894131240569,0.25,-0.21979457177924316
61.2,-2.0031358783046955,-1.845028595335811,2.315916675024425,0.24031014080362087,-0.08763727161449429,0.25,-0.21736468544286874
61.3,-2.0201420555515273,-1.826795394146121,2.307006149666586,0.24983474983897605,-0.09405279835623631,0.25,-0.22614417165598594
61.4,-2.037095022253413,-1.8079189296675522,2.2969672574072,0.2534285640547089,-0.11053944604689779,0.25,-0.22614417165598594
61.5,-2.054217481818024,-1.7887251119753567,2.286160609159735,0.255061880015526,-0.10806858849531066,0.25,-0.22531029627538351
61.6,-2.071182995562482,-1.7690270102759775,2.2774980042715733,0.26210105741130973,-0.07410633814807961,0.25,-0.22531029627538351
61.7,-2.0823345215277183,-1.7556105703208809,2.271623720529017,0.2606722475192261,-0.08567364350034665,0.25,-0.22970360286254515
61.8,-2.0989226950837674,-1.7353706173593628,2.2626462538094048,0.2547435732859528,-0.09129557905911909,0.25,-0.22970360286254515
61.9,-2.1153273227689993,-1.7152437145109343,2.2532469579076047,0.2514843377322483,-0.10189773668720564,0.25,-0.22645935298463124
62.0,-2.131711364449611,-1.6953879794168563,2.242841472167274,0.24574256539053738,-0.09996497065442252,0.25,-0.23562294904603254
62.1,-2.147702417758,-1.6753834097635385,2.2322535353861204,0.23910829258147412,-0.09971438851380639,0.25,-0.23562294904603254
62.2,-2.1631149982583446,-1.655432951827648,2.2208120312860435,0.24189696521073212,-0.1022944097135251,0.25,-0.23118184332054137
62.3,-2.1783306039979053,-1.6358997910819166,2.21178437999093,0.23771751964182805,-0.08556968988283807,0.25,-0.23118184332054137
62.4,-2.1933679473342043,-1.616303862606717,2.2031369269178342,0.2417563667876808,-0.0814435451520003,0.25,-0.22905034206923114
62.5,-2.2082492464101384,-1.5958381151630605,2.1937212729661284,0.2544917043872859,-0.09704812179574437,0.25,-0.23136260568012082
62.6,-2.2231283686551566,-1.5750991314580047,2.18437338866227,0.2594071284167263,-0.10257838494000714,0.25,-0.2210397358750887
62.7,-2.237853217860031,-1.5540671466623177,2.173499483955629,0.2516559412224903,-0.10688295470728465,0.25,-0.2210397358750887
62.8,-2.252428618834594,-1.5325667491882542,2.164154568950222,0.261972270264981,-0.08430507809492656,0.25,-0.2235664940253362
62.9,-2.2667721592467855,-1.5104789269032013,2.15629463665948,0.2546010082037646,-0.07573952719790837,0.25,-0.2235664940253362
63.0,-2.280812331419929,-1.4889781349746023,2.1480399163374138,0.25321307405751486,-0.09354977591127313,0.25,-0.24030803960433783
63.1,-2.2946924062502485,-1.46754303945382,2.1371215194523994,0.24255256531997282,-0.10275348461325139,0.25,-0.22323292042621223
63.2,-2.3082426781392145,-1.445916322563949,2.1258715352174757,0.24616776621361686,-0.10918985975437882,0.25,-0.22323292042621223
63.3,-2.3172942379782913,-1.4314662026885316,2.1186415284409597,0.2521946039781273,-0.10653974671850369,0.25,-0.22323292042621223
63.4,-2.3304360197517076,-1.4098171177551884,2.1089358576755397,0.25786173861213046,-0.07933516217326578,0.25,-0.22165169713128396
63.5,-2.3432976261747984,-1.3884709107689812,2.101106440642554,0.25807854783121964,-0.07702768511688304,0.25,-0.21841372612295393
63.6,-2.3561437924210162,-1.3663878565771428,2.0929200586391894,0.2553856424094338,-0.09166863917514446,0.25,-0.21841372612295393
63.7,-2.3688258051211526,-1.3442607952818102,2.084551585773609,0.2595838477806197,-0.08159664637645887,0.25,-0.21699971171113672
63.8,-2.3813126914872336,-1.3220393132952282,2.0746007443299894,0.23738812341552404,-0.09225076727531255,0.25,-0.23663488973636576
63.9,-2.393539924148085,-1.299569564532057,2.064967305794281,0.2386058606747853,-0.09660849183674043,0.25,-0.23663488973636576
64.0,-2.405714230045825,-1.276933490873969,2.053199616062198,0.24381562260321793,-0.10313356034706837,0.25,-0.21922768202856213
64.1,-2.4174969573447282,-1.254384833897177,2.045284648274752,0.25781293825828633,-0.06657652123016548,0.25,-0.21922768202856213
64.2,-2.429089829915309,-1.231721450331539,2.038121996668806,0.24996257443878514,-0.07047601071002,0.25,-0.2196843431039494
64.3,-2.4405574837770154,-1.2089596464504118,2.030370762053884,0.2516898187558019,-0.081788831986802,0.25,-0.2288419119961831
64.4,-2.451894112973054,-1.1860430158861535,2.0207882933645895,0.2539951331718304,-0.10059859712257077,0.25,-0.23031811276661768
64.5,-2.462954499907667,-1.1628971192129425,2.0100613241405894,0.25610078604378167,-0.10811281891711236,0.25,-0.23031811276661768
64.6,-2.4740415123110946,-1.139312529891567,1.9986110117980411,0.2583996276756924,-0.1193502485649125,0.25,-0.23795882501042184
64.7,-2.484644383515331,-1.115928843518486,1.987283243066118,0.26606981662071855,-0.07104163005599401,0.25,-0.23795882501042184
64.8,-2.4949348320785134,-1.0925768477281281,1.9797465516178163,0.2621927936721849,-0.06791651385791489,0.25,-0.22712141777856742
64.9,-2.505017398628066,-1.0692123468829948,1.9726921929413685,0.2461678093174586,-0.07587533615364848,0.25,-0.2286940328553103
65.0,-2.5116474617565845,-1.0535138704895357,1.96757494757841,0.25532151972926737,-0.07963344955684437,0.25,-0.2286940328553103
65.1,-2.5212848346042542,-1.0303597789909553,1.9579167418676862,0.25462292833654526,-0.12193245265491105,0.25,-0.23097598631899668
65.2,-2.530606726176128,-1.0070578038486886,1.9461723115563498,0.24558990780765197,-0.11316322777158004,0.25,-0.23097598631899668
65.3,-2.539892448910539,-0.9833548533875741,1.9370617690117768,0.254440647118951,-0.06870152035354099,0.25,-0.2216926519972047
65.4,-2.5489579958803046,-0.959543810166803,1.9300820152965308,0.25292145034850344,-0.06798341347160682,0.25,-0.2216926519972047
65.5,-2.557862347788006,-0.9356743477890995,1.922796838974754,0.2471610476564342,-0.06827469574569392,0.25,-0.23684458129658872
65.6,-2.5667486444913075,-0.9115082439775982,1.9149471851056887,0.2589197845497584,-0.09001790509067215,0.25,-0.23684458129658872
65.7,-2.5755761938340975,-0.8868829589138401,1.904458287858689,0.25125613216601567,-0.09945750676942007,0.25,-0.24232671702926786
65.8,-2.584051455528342,-0.8622511215068385,1.8930742965618617,0.25096845933502454,-0.1073337891796016,0.25,-0.22853785521098077
65.9,-2.5921293033826482,-0.8379490832178991,1.8798786963926082,0.2398524969444262,-0.122788550582759,0.25,-0.22853785521098077
66.0,-2.599788083301243,-0.8136031047009643,1.8705804700294042,0.23912520148050304,-0.08042925759131603,0.25,-0.24286308492131106
66.1,-2.6071894408788725,-0.7895363012425858,1.8623525065782955,0.24514308293045983,-0.10864008552328619,0.25,-0.21731830277447223
66.2,-2.614270696024544,-0.7655901493944927,1.8496904573240982,0.2501843609565091,-0.11751531149123123,0.25,-0.21731830277447223
66.3,-2.6210028808599137,-0.7414547348665619,1.8389547978161944,0.25296790912294737,-0.10518612448235146,0.25,-0.217343489637258
66.4,-2.627516546917881,-0.7171587072375613,1.8272188555627342,0.2431311130020779,-0.10892532866004627,0.25,-0.21891204791276758
66.5,-2.6318082239305194,-0.700694710300672,1.821638916786148,0.25108443328016333,-0.06730034884740987,0.25,-0.21891204791276758
66.6,-2.63809269287641,-0.6758847767691906,1.8155081665502484,0.24448089795125022,-0.05914874232847361,0.25,-0.21891204791276758
66.7,-2.6442650575651205,-0.6505689017792277,1.8097281894687274,0.26579594779566695,-0.04949915896820344,0.25,-0.2152159245170135
66.8,-2.6504149079778077,-0.6250202816031106,1.8032367072330822,0.26071625405250604,-0.0801292731191055,0.25,-0.2189614892892772
66.9,-2.6563911604739663,-0.599618733988195,1.7942359016089,0.2615858366924646,-0.09175057450600756,0.25,-0.2189614892892772
67.0,-2.662045742688549,-0.5742090487644176,1.783899985563504,0.25202625018484304,-0.09878210415944058,0.25,-0.22874792696898627
67.1,-2.667366090684664,-0.5490029486438852,1.7725837138643739,0.2603031104470377,-0.09935908201937925,0.25,-0.22874792696898627
67.2,-2.6723591854971813,-0.524436059420644,1.7634193264095797,0.2370862374289049,-0.0758675874160917,0.25,-0.233507114238715
67.3,-2.6771320865584745,-0.4999899468442286,1.756732204344088,0.24044923325022646,-0.04421329877215759,0.25,-0.23255761629892088
67.4,-2.6816506089494885,-0.4756680989209025,1.7491767207799302,0.2419704346861692,-0.11181454725036163,0.25,-0.23255761629892088
67.5,-2.6861131882495517,-0.4511717314113872,1.7391931659871978,0.23985700969461057,-0.09089361952670753,0.25,-0.22946483187453925
67.6,-2.6902374184216042,-0.4264091872888877,1.7277770327025648,0.24302552337780917,-0.1015131535803315,0.25,-0.23257683533397527
67.7,-2.6942090374015133,-0.40108980495231017,1.7166932816221878,0.2613198605794326,-0.0864227426766988,0.25,-0.23257683533397527
67.8,-2.697924467580549,-0.37517606396535585,1.70871949498083,0.26525532422051434,-0.0601395786523051,0.25,-0.22068032637772506
67.9,-2.701447493091927,-0.34905749280295834,1.703218463345332,0.25453873419737294,-0.04206745678529623,0.25,-0.22470096975127413
68.0,-2.7048597535254615,-0.3226297083726961,1.699076263867827,0.26538898640732433,-0.04134391316559419,0.25,-0.22470096975127413
68.1,-2.7070910750470714,-0.3050865542015212,1.695811136315348,0.25272378389536765,-0.06216132830292541,0.25,-0.22470096975127413
68.2,-2.710227548736836,-0.27917818074885126,1.6878919359019415,0.25424326630077937,-0.09639913084004165,0.25,-0.2508101101079906
68.3,-2.7131235302436236,-0.2539041663048059,1.6767344022533057,0.24411434892026188,-0.12530931904495374,0.25,-0.25197686705564726
68.4,-2.715774608656555,-0.22895950413285818,1.6661203237554072,0.258906818537304,-0.08019493867981217,0.25,-0.25197686705564726
68.5,-2.7181620825858546,-0.20448754776134237,1.6591076726076004,0.23511545140998297,-0.05293114667218791,0.25,-0.25828556798583086
68.6,-2.720348358867998,-0.1801990521036812,1.654025238505458,0.23306928711086597,-0.04572271631588238,0.25,-0.25828556798583086
68.7,-2.722404196587085,-0.15636243304026545,1.6504178915301673,0.24078463058808625,-0.03232496476693865,0.25,-0.24781548039976387
68.8,-2.724362238615403,-0.13134394821275847,1.6459309798095398,0.2481986295641425,-0.05336467902010274,0.25,-0.24781548039976387
68.9,-2.7262753671327613,-0.10538006366517208,1.6374151126002143,0.24928901635049946,-0.11337860849782334,0.25,-0.26988642570747073
69.0,-2.727956036325297,-0.07904305374443113,1.6288558922811147,0.24342808976374347,-0.06741141752394239,0.25,-0.25744625322704406
69.1,-2.7293877866866674,-0.0527256457872331,1.6223222468444938,0.2645302318858371,-0.06932569113613996,0.25,-0.25744625322704406
69.2,-2.730698688787707,-0.026081768288116522,1.6165440725365574,0.26461274038707083,-0.05153994080397594,0.25,-0.2626932348669525
69.3,-2.7317648222376554,-0.0004289521754975824,1.6064177646796947,0.24680781906597565,-0.11893444902468649,0.25,-0.27981677984283604
69.4,-2.732559523966744,0.025184510565133024,1.5930059951452438,0.24296141686280612,-0.13636083598564097,0.25,-0.27981677984283604
69.5,-2.733132838677629,0.05057131085202137,1.5783501761062606,0.2459352980031655,-0.14350262518377996,0.25,-0.27484340817063274
69.6,-2.733226088549588,0.07567741359802102,1.5645572716044993,0.23393325142236518,-0.10567420170587384,0.25,-0.27484340817063274
69.7,-2.7330233896519815,0.10038425222740824,1.5547458516870996,0.23449916135703103,-0.09082824766281093,0.25,-0.2703300678414988
69.8,-2.732698748050717,0.11695650121946558,1.5485176311991795,0.23682431903589848,-0.10109449593601526,0.25,-0.2703300678414988
69.9,-2.7320011089815517,0.14246903083341633,1.5390670666930952,0.2669360675162993,-0.09089559906380033,0.25,-0.2702527086865416
70.0,-2.731127507427869,0.1679913344395697,1.5294556664589931,0.26496538593079216,-0.12506784973650287,0.25,-0.2702527086865416
70.1,-2.7299140386655747,0.1936847927196384,1.5150155540786272,0.2637971809145647,-0.15794517177661016,0.25,-0.27724388972264713
70.2,-2.7283460255293575,0.2196754009722299,1.5037691526693138,0.2382852849726124,-0.1023995656337097,0.25,-0.2806420459003851
70.3,-2.7267218307157743,0.24576473660387393,1.4938082620638644,0.251430466543959,-0.10331000495020516,0.25,-0.2806420459003851
70.4,-2.7250267161441903,0.271206012447568,1.4816184976014561,0.2435694808238178,-0.11175724584406146,0.25,-0.26897556717401305
70.5,-2.7227322858946286,0.2965698142607776,1.4691055384060618,0.258999954933527,-0.1362023994162501,0.25,-0.2700745202601176
70.6,-2.7200839530888947,0.321977364448894,1.4558593398792203,0.2523099266870081,-0.13060832430252897,0.25,-0.2700745202601176
70.7,-2.717094341463765,0.3473348029181973,1.4429713789866057,0.2534025950695804,-0.14629178153328692,0.25,-0.26959704668796913
70.8,-2.713572259889613,0.37231434082604314,1.427087335445893,0.2417880210520589,-0.157306431611505,0.25,-0.2541363317118981
70.9,-2.709840604746239,0.39765999190029755,1.4151104970557027,0.24251030782099187,-0.10630673963681372,0.25,-0.2541363317118981
71.0,-2.705900571676623,0.42282937763902817,1.4028955680364883,0.2612283595050327,-0.14375707898519316,0.25,-0.23476006836164748
71.1,-2.7014974651143784,0.4479900946728893,1.3922541705904576,0.2614500345629506,-0.03896853257710655,0.25,-0.23476006836164748
71.2,-2.696939416261752,0.47303514610835107,1.3870428640758232,0.2346787501153323,-0.06547370442453308,0.25,-0.23324548631054026
71.3,-2.6922518589924667,0.4979912799935926,1.377625789587006,0.2512047867105012,-0.11236466994239634,0.25,-0.2285693570410994
71.4,-2.6889948365857768,0.51437865908848,1.3712951306223702,0.2537690801272687,-0.08535432307862571,0.25,-0.2285693570410994
71.5,-2.684173943514941,0.5392847194821406,1.3604989121455304,0.25176417617953295,-0.11241529364033293,0.25,-0.22980896910376974
71.6,-2.6789429599457484,0.5641878660456751,1.3491682545052426,0.2479406990692946,-0.11569120101172121,0.25,-0.22980896910376974
71.7,-2.6734178061265195,0.5890386059385216,1.338500210226653,0.24909966668917347,-0.11041619120577285,0.25,-0.22896246214427096
71.8,-2.6676442432753733,0.6138281241095869,1.3276316923936102,0.2498414053380083,-0.09996475445231282,0.25,-0.22896246214427096
71.9,-2.661300552242381,0.6393982054748267,1.320679301723142,0.2550756870051389,-0.05418570844043339,0.25,-0.22385066534053896
72.0,-2.6548193330013885,0.6647942513202169,1.31434894071225,0.26329222308265327,-0.08039610498304257,0.25,-0.2232109917025902
72.1,-2.6482105380352783,0.6895659952563746,1.3041028883768944,0.2610705171721292,-0.09867109146953754,0.25,-0.2232109917025902
72.2,-2.641437293823286,0.7142093073617707,1.2951224031574933,0.23479940277333716,-0.08019927015262807,0.25,-0.2403134253734597
72.3,-2.6345366732738715,0.7386119624103726,1.2871945674529226,0.234687505133033,-0.07496632684086402,0.25,-0.24552861130128706
72.4,-2.6274539738163085,0.7628104249083897,1.277024349649121,0.25281085143243137,-0.14086480069157192,0.25,-0.24552861130128706
72.5,-2.6200032793821455,0.7866726887408438,1.264013449259824,0.23903850442922372,-0.11460585070388465,0.25,-0.24421739340251297
72.6,-2.6123154532775903,0.8107157425982838,1.2506507941717713,0.24851622740626467,-0.1350834399422074,0.25,-0.2296543431711047
72.7,-2.6045289453521594,0.8348613501716644,1.2382131412002573,0.24902870603063973,-0.11444743068907748,0.25,-0.2296543431711047
72.8,-2.5963797303185894,0.8589187209310338,1.2269673914300787,0.24783287465116927,-0.11081409686827372,0.25,-0.22651277638212214
72.9,-2.588121673810102,0.8830020725347556,1.2160041238442756,0.2536063203863099,-0.08125785304864552,0.25,-0.22651277638212214
73.0,-2.5791215665297313,0.9079266608876847,1.2093003058093144,0.2615438346106055,-0.058285605694366506,0.25,-0.2156357049571027
73.1,-2.5729725856413723,0.9244507107599187,1.2051183856938814,0.2584819733257011,-0.06400792688343969,0.25,-0.2156357049571027
73.2,-2.5636276667941815,0.9492197868817658,1.1988845020199894,0.26350872685148335,-0.05695337210664421,0.25,-0.2186724838823532
73.3,-2.554225214045394,0.9732277479878206,1.1905414302667714,0.24069107840370108,-0.08770661212340175,0.25,-0.2313804949859447
73.4,-2.5448026756329916,0.9967760045463009,1.18224095516668,0.24256355540822475,-0.08330990757571166,0.25,-0.2313804949859447
73.5,-2.535226579887588,1.0198060162101938,1.173227809974737,0.24170532524356447,-0.07898176236031572,0.25,-0.22623667527363792
73.6,-2.5255058993144557,1.0427630740645695,1.1641052169604953,0.23827182455132478,-0.10636894680868399,0.25,-0.22623667527363792
73.7,-2.5155073337587597,1.0656944087551286,1.1530135561197492,0.23854745554966744,-0.12190624816286254,0.25,-0.22130781169385388
73.8,-2.5052454795965446,1.0886765230886535,1.1416056491403248,0.24385580220754036,-0.0847656747262895,0.25,-0.21964242030282782
73.9,-2.4949298045386956,1.111786475787779,1.1315797167170312,0.24563313617542437,-0.10932239848282922,0.25,-0.21964242030282782
74.0,-2.484328243944421,1.1349886371527893,1.120833989766124,0.2587573176528376,-0.10144329135821066,0.25,-0.21196995626240356
74.1,-2.4730429126517177,1.1584672053314513,1.1118327398116516,0.2556359975142211,-0.07317081688260624,0.25,-0.20923923368958575
74.2,-2.461493176956935,1.182064990917305,1.1041973879179896,0.2576901927250809,-0.09350256030466071,0.25,-0.20923923368958575
74.3,-2.4497176803122644,1.2053462320383126,1.0956469535162106,0.2570016785986835,-0.08123160697023189,0.25,-0.21415092409086178
74.4,-2.437740359454454,1.2284718282833482,1.0873124692170302,0.2516782103679134,-0.09321449381920859,0.25,-0.21415092409086178
74.5,-2.4258326222884916,1.2508098524882445,1.0771793803414664,0.23762352193675618,-0.09418275212037669,0.25,-0.21599913025126655
74.6,-2.4140722952423235,1.2728401768148243,1.0673398609085483,0.23850865587522116,-0.09780697410609003,0.25,-0.21358869241307366
74.7,-2.4061606990891433,1.2875018679988082,1.0605232322832152,0.24935492741316137,-0.09568959945040793,0.25,-0.21358869241307366
74.8,-2.3937691151196288,1.3092624171845373,1.0510901604811902,0.25474435351466446,-0.07399286690338283,0.25,-0.2160827108611681
74.9,-2.381269712567928,1.3308149086112535,1.0429425884428012,0.24124933175512833,-0.08426482542072378,0.25,-0.2160827108611681
75.0,-2.3686604970946727,1.3523833755844337,1.0335704123973708,0.2527550768843174,-0.10318653088057261,0.25,-0.22038426401727085
75.1,-2.355400646209135,1.3745310495612455,1.0238213008717711,0.25447525064254467,-0.08196447409392248,0.25,-0.22038426401727085
75.2,-2.3418468741378624,1.39665475222916,1.014223510955406,0.25255184356078897,-0.09571495660496257,0.25,-0.2152142830905382
75.3,-2.3280611555763002,1.4186359657954792,1.004291142691046,0.2445915697904962,-0.09793808222666359,0.25,-0.216058482941483
75.4,-2.3140313940872024,1.4404967195646117,0.994414719888205,0.2562344405670014,-0.09985162481268903,0.25,-0.216058482941483
75.5,-2.2999367383365414,1.462262965277889,0.985660741703347,0.24796205777716587,-0.07839159857606226,0.25,-0.2149661441694936
75.6,-2.2858384181550995,1.4835319622083056,0.9771879409642444,0.24454581731327707,-0.10451788120215216,0.25,-0.20793731756919454
75.7,-2.2715944204445484,1.5043977889918514,0.9660779089357148,0.24850837702629666,-0.1354721841069338,0.25,-0.20793731756919454
75.8,-2.257353882072668,1.5250543628081925,0.9547846306471912,0.23868775215639862,-0.09451903172118668,0.25,-0.21414881687769197
75.9,-2.2431702526653265,1.5455377318847099,0.9448435985845657,0.24824079333271926,-0.09792227333418586,0.25,-0.2194794842745893
76.0,-2.2287029184490423,1.565848022260418,0.9351778990883718,0.2423736525982059,-0.09528545414861406,0.25,-0.2194794842745893
76.1,-2.213551593499264,1.586301698322687,0.9257925603670224,0.24497865556583293,-0.09173207175671505,0.25,-0.21793743082726066
76.2,-2.198129405170919,1.607042959484965,0.9164793844251725,0.26053662803138944,-0.09012623760303462,0.25,-0.2028976732054976
76.3,-2.1823874051092402,1.6276031436040472,0.9073332831429048,0.25853306289179756,-0.09051381372314356,0.25,-0.2028976732054976
76.4,-2.1716813389393534,1.6411320201741908,0.9010374420396023,0.2525217066360458,-0.09338996538079812,0.25,-0.2028976732054976
76.5,-2.1553402718621855,1.6613534773055636,0.8917587039062934,0.24731963302119778,-0.08692287920440675,0.25,-0.2017248792772987
76.6,-2.13903700653945,1.6813440038277416,0.8831853065331075,0.24841746236741447,-0.07711594622982611,0.25,-0.19641881246762716
76.7,-2.1227923327705867,1.7010014914841314,0.8752846960975345,0.24494385510285102,-0.08383478814636838,0.25,-0.19641881246762716
76.8,-2.1064180811887967,1.7206267364306616,0.866413151883818,0.2520772364122833,-0.07601720348303935,0.25,-0.19940168968738795
76.9,-2.089889936964579,1.739982825331019,0.858263840038074,0.24673685027301706,-0.1000289966648389,0.25,-0.19705421529296124
77.0,-2.073616813962385,1.758994743524576,0.8490803145307352,0.24417400397131628,-0.08523826975106938,0.25,-0.19705421529296124
77.1,-2.0573133708002955,1.7778431683762403,0.8402906401194628,0.2441575194044484,-0.08889389959819462,0.25,-0.19942765900479212
77.2,-2.040338561737458,1.7967264772780673,0.8313330911629709,0.2512093699642093,-0.08260041961880327,0.25,-0.19942765900479212
77.3,-2.023129566813419,1.8155845201739513,0.8226557238096603,0.25001207469479986,-0.07926430621699987,0.25,-0.2049359111479771
77.4,-2.0057078039439435,1.8342439541915492,0.8139340159332741,0.2619111165717824,-0.08995259801886152,0.25,-0.20527141260058737
77.5,-1.9878475903348483,1.852971968202476,0.8044078865998966,0.25728153712416935,-0.0841280301459137,0.25,-0.20527141260058737
77.6,-1.9697218468609514,1.871558853713273,0.7959306299785681,0.2440218102290118,-0.0884791038004176,0.25,-0.21189376865414444
77.7,-1.9517925532637455,1.8897695795605758,0.7869166011853047,0.24182293446401368,-0.08100839373773443,0.25,-0.21189376865414444
77.8,-1.9337519141509054,1.9077831029715824,0.7780825432907066,0.25109817636603016,-0.08668209162661544,0.25,-0.20838373450517284
77.9,-1.9155184737676119,1.925657207454595,0.7693319821605614,0.2489875455283111,-0.08808838856423498,0.25,-0.20552664326111927
78.0,-1.9032991834517932,1.937435501397877,0.7636696525623979,0.2539506955038085,-0.08295544084703366,0.25,-0.20552664326111927
78.1,-1.8848233478453407,1.955012927747881,0.7550567514762159,0.2432175088207753,-0.08615574833347212,0.25,-0.20552664326111927
78.2,-1.866694926199902,1.9722522670101783,0.7462984788564877,0.24343484003285448,-0.09527104077601906,0.25,-0.21729743505978663
78.3,-1.8479047386291148,1.9895125268902296,0.7372899676794573,0.24467191944851527,-0.09145225148564855,0.25,-0.21807430236486564
78.4,-1.8290337729176958,2.006617052545206,0.7270657816365278,0.25055131575801326,-0.10083500859362945,0.25,-0.21807430236486564
78.5,-1.8099442148957576,2.0235565127032875,0.7170024930791905,0.2476594560814094,-0.101464460024597,0.25,-0.22037804999754648
78.6,-1.7905980118828742,2.040390188115114,0.706425740355545,0.24495564095724648,-0.10043932529546974,0.25,-0.22037804999754648
78.7,-1.7712614376408669,2.056861963226748,0.6964381680108599,0.24062994535952542,-0.09557635711913025,0.25,-0.21465180258555236
78.8,-1.7518573146760221,2.0730954012520133,0.6872927563118618,0.2502668295762532,-0.08332723479876641,0.25,-0.21465180258555236
78.9,-1.7321936339761819,2.089205225942358,0.6788028566850925,0.25633043827424284,-0.08596984714654954,0.25,-0.21531879162088863
79.0,-1.7123464154725478,2.1051880339520017,0.6703439126514412,0.25167959240503474,-0.08540200476935307,0.25,-0.21327685934355436
79.1,-1.6923241803095712,2.1208820290328343,0.6619843550940774,0.25336732405292434,-0.0753431757878356,0.25,-0.21327685934355436
79.2,-1.672073515804089,2.1365737205298347,0.652928812126228,0.255064384157569,-0.09222000288120966,0.25,-0.2132665319129663
79.3,-1.6514327588289095,2.1524666427946406,0.6434036646586111,0.25960699345706745,-0.08826170818634485,0.25,-0.2132665319129663
79.4,-1.630850972060629,2.1678028358129704,0.6331220525361868,0.2523165732911715,-0.0953460731250474,0.25,-0.21398405150929764
79.5,-1.6104513745586124,2.1828224029849768,0.6240074389226457,0.24958368744564574,-0.08862102878013389,0.25,-0.21423893192239774
79.6,-1.589553357673064,2.197620374304792,0.6149306058769091,0.25473161155206053,-0.08956505421694146,0.25,-0.21423893192239774
79.7,-1.57568025111081,2.207399878947692,0.6087697260537762,0.24532772664637395,-0.09128277027089725,0.25,-0.3128023533038241
79.8,-1.5553726197651945,2.221573155632947,0.5952797549913418,0.239920035495302,-0.14511940444619398,0.25,-0.3128023533038241
79.9,-1.5345209038842917,2.235300473681411,0.5794442775303466,0.2429165334751976,-0.16862548467465274,0.25,-0.3179220304885154
80.0,-1.5134235515743655,2.2492624013426865,0.5651072351233333,0.2503318917469677,-0.1171927442875911,0.25,-0.3179220304885154
80.1,-1.491839996518979,2.2628099574021454,0.5552598784674978,0.2520826933388793,-0.03811522131426963,0.25,-0.16049121189061094
80.2,-1.4701582477766597,2.2762127107679344,0.5496211643798368,0.24819016118072115,-0.056020760883594076,0.25,-0.20915419925084092
80.3,-1.4482049093361948,2.289567287983359,0.5413905899628243,0.26132170525459136,-0.09426443695435673,0.25,-0.20915419925084092
80.4,-1.4259141982165728,2.3029326303913398,0.5318324839475562,0.25221839506373794,-0.09941369538528946,0.25,-0.18858352319216964
80.5,-1.4035068336248466,2.3160337135101656,0.5228874706551461,0.2532046882647824,-0.07875361650924806,0.25,-0.18858352319216964
80.6,-1.3812640383956323,2.328828752098827,0.5152140756471126,0.24934388157511478,-0.06414932601555892,0.25,-0.15711584316022015
80.7,-1.3591886972204286,2.341347185019106,0.5092800213729943,0.24360667519644255,-0.0571833505295784,0.25,-0.15968002190628064
80.8,-1.337189613096214,2.3536972990412397,0.5032090389469787,0.24390572532453125,-0.06037016861243848,0.25,-0.18520773474595315
80.9,-1.3152109111606598,2.365746395362126,0.49614101836032176,0.2509224267969085,-0.07259681284745038,0.25,-0.18520773474595315
81.0,-1.2930863878688241,2.377510877407869,0.48780899444125475,0.23960464715905608,-0.08191979274121129,0.25,-0.1879784566705966
81.1,-1.2708400023962505,2.389283082666761,0.4787258682351664,0.25564950808590503,-0.09270087240487394,0.25,-0.1879784566705966
81.2,-1.2481394819279625,2.400967145741405,0.470946478322085,0.24864845245683015,-0.060818463855248917,0.25,-0.19063418750871422
81.3,-1.2330280872350292,2.40866248363514,0.46667275236112055,0.24657362602556315,-0.06262851887471463,0.25,-0.19063418750871422
81.4,-1.2098416629011286,2.420183765425808,0.4600646588597425,0.25757002628440373,-0.06281411477070185,0.25,-0.1874188857312016
81.5,-1.186462233825974,2.4317330408259616,0.4530004086184338,0.24669872868361847,-0.07823364268078555,0.25,-0.19081565469694972
81.6,-1.1631221087147057,2.4431569229938415,0.4445679184715303,0.25457923976101604,-0.08029376239103178,0.25,-0.19081565469694972
81.7,-1.1396904254410207,2.4542564665510618,0.4362136800794153,0.2576635250859103,-0.08325617207489279,0.25,-0.1957168887399495
81.8,-1.11637689370695,2.4650623903404374,0.4271995015797533,0.24083691182543918,-0.06788767934575489,0.25,-0.1957168887399495
81.9,-1.0934359515504204,2.4755837898448427,0.42058907682542973,0.24513225763413438,-0.06017000324603026,0.25,-0.19275609799534155
82.0,-1.0707347348383969,2.4858031340893603,0.4140726272645435,0.24091761016404276,-0.059864707818902595,0.25,-0.18493757568835162
82.1,-1.047846757485517,2.495879158318735,0.40709996169420365,0.24437879835950255,-0.07525072107466528,0.25,-0.18493757568835162
82.2,-1.0248022487096977,2.5057753257881528,0.39910870422251027,0.2543611976295889,-0.08628526924194674,0.25,-0.19596015395449884
82.3,-1.001671066182854,2.5154663642269206,0.3904957482571639,0.2421748489721351,-0.09272902394944421,0.25,-0.18827632689403537
82.4,-0.9781293709792716,2.5250853889084777,0.3819618189168987,0.2471001708068779,-0.07422157307804843,0.25,-0.18827632689403537
82.5,-0.9536940825570176,2.5346155225179126,0.3760807332342274,0.2602837245488432,-0.05377263979388569,0.25,-0.18614481823603038
82.6,-0.9292634323310183,2.544027437237205,0.37049556271570827,0.25177262642050624,-0.054296599929032484,0.25,-0.18982554966994053
82.7,-0.9049204561466634,2.5533375694430394,0.3643047873218268,0.25504324304586495,-0.07820661343162999,0.25,-0.18982554966994053
82.8,-0.8805883227790916,2.5626307205741283,0.3555744071147222,0.25911283877414715,-0.07868816368726497,0.25,-0.2124521781326586
82.9,-0.8563352233396156,2.5716635080031462,0.34678955435522985,0.2555112439127622,-0.09762048626105534,0.25,-0.2124521781326586
83.0,-0.8403468924288002,2.5774579667285904,0.34037910506939517,0.2587651708984502,-0.08658314698602532,0.25,-0.21791202010118954
83.1,-0.8169070474362876,2.5858427167626417,0.33164662132911404,0.23936356612424697,-0.06240138840713739,0.25,-0.21791202010118954
83.2,-0.7934355516110675,2.5940130845998133,0.3250467052581305,0.2447114984070695,-0.06604031407097027,0.25,-0.2140567684159041
83.3,-0.7699918080538771,2.6020259413448867,0.3184005063125546,0.23889431443540404,-0.06306504310416976,0.25,-0.22690084607738384
83.4,-0.7465350660454962,2.6098397468988987,0.31129440572605865,0.23979551221774079,-0.08214694185563716,0.25,-0.22690084607738384
83.5,-0.7224498766934012,2.6174596913813883,0.30196767084220494,0.24637829425173954,-0.08654994849060768,0.25,-0.22737590907888697
83.6,-0.6977593703091957,2.6251365741948725,0.29329725992164724,0.23764357108227557,-0.06461917257083905,0.25,-0.22737590907888697
83.7,-0.6722752562276236,2.6325561369961545,0.28721893179347985,0.26338749983662807,-0.05766854597778446,0.25,-0.2294547524423472
83.8,-0.6467432256121523,2.6398253475704543,0.28128986886973595,0.2599163448543519,-0.05931731548908787,0.25,-0.2294547524423472
83.9,-0.6211740844908745,2.6469409460941864,0.27539950478918407,0.2638914036345529,-0.0587719208234527,0.25,-0.23850978814145524
84.0,-0.5962385028536373,2.6541508780936747,0.26635282486146855,0.25714701608322854,-0.10812108911046311,0.25,-0.23941667145871984
84.1,-0.5715912988610717,2.660858249530244,0.2545469898534742,0.25420158007684246,-0.12135487810644828,0.25,-0.23941667145871984
84.2,-0.5470248240309469,2.6671146952255973,0.24271016706991982,0.24562050158804824,-0.11351244620208843,0.25,-0.23567813725899744
84.3,-0.5230468527979497,2.673184177017846,0.2348354941055483,0.2384351404702872,-0.059767632536528385,0.25,-0.2261999136368208
84.4,-0.49913007153728367,2.679031278306005,0.22894517710731715,0.23790480064728484,-0.05108690962108926,0.25,-0.2261999136368208
84.5,-0.47503821951313957,2.6847058099488423,0.22335027187959322,0.2544241257523553,-0.06348681165789696,0.25,-0.22516493649072405
84.6,-0.45844416680861416,2.6884297602993947,0.2187002874810708,0.2605534877944964,-0.06940055645381166,0.25,-0.22516493649072405
84.7,-0.4334734660100142,2.6938927173243767,0.21124427903405557,0.24218019949528663,-0.09904439812648463,0.25,-0.22361437817379126
84.8,-0.40815678538586414,2.6993201107020166,0.2009636595206749,0.25971015093582306,-0.0992052756128367,0.25,-0.22361437817379126
84.9,-0.3826525014489017,2.7043665482326897,0.19116989721756833,0.24485520780525982,-0.08516700967176062,0.25,-0.22748397571184847
85.0,-0.35702957185170653,2.7092757272504895,0.18350794477069682,0.262646412041483,-0.05637470979282097,0.25,-0.22018039081180918
85.1,-0.33175476597435777,2.714006746693835,0.17585207418241186,0.24707291965128209,-0.09654715972935342,0.25,-0.22018039081180918
85.2,-0.306622949537343,2.7184870004556356,0.16522445361874546,0.2538038934333465,-0.10471836001537185,0.25,-0.21584871276225287
85.3,-0.28147901880286735,2.7225390847878166,0.15481005541932233,0.24558007946404392,-0.10165882204161238,0.25,-0.21584871276225287
85.4,-0.25630594408126045,2.726386614438591,0.14437601648994888,0.24944128642813068,-0.11388291547660474,0.25,-0.2148404514218597
85.5,-0.2314363162396731,2.729999004100177,0.13491299479064348,0.23841491911518065,-0.08539112092756104,0.25,-0.20401137944162373
85.6,-0.2064851874929945,2.73331398277467,0.12845563565925672,0.2610267047989101,-0.06085140802402641,0.25,-0.18339767037643445
85.7,-0.18110715016194057,2.7365137878112944,0.119773299812503,0.25803387964085706,-0.09464102379161529,0.25,-0.18339767037643445
85.8,-0.15581514403334884,2.739531211339486,0.11314207088229665,0.2390019213000938,-0.05520714907405305,0.25,-0.1778552130734432
85.9,-0.13046618527165946,2.7423713439435686,0.10772307107294793,0.242180169993897,-0.044108292921086645,0.25,-0.1778552130734432
86.0,-0.10487426491291327,2.7450957333656634,0.10112713787401093,0.2559876281605356,-0.08274703794036543,0.25,-0.16153323246289913
86.1,-0.079175144012285,2.7476679988117416,0.09556922042622973,0.2499995836500176,-0.04279681342861304,0.25,-0.16153323246289913
86.2,-0.05376871466027487,2.7501013813076525,0.09084232837514995,0.2484308729716221,-0.042267603534850366,0.25,-0.14945355378598812
86.3,-0.03678013711330626,2.751630831806937,0.08719334821797611,0.2506635549898835,-0.05738926823456568,0.25,-0.14945355378598812
86.4,-0.01135465552242996,2.7538733740790087,0.08152002793802013,0.2501401357806311,-0.04928293021658598,0.25,-0.13993736540682303
86.5,0.014043125900093973,2.7559487572130554,0.07603142244512358,0.24901512655198507,-0.05454966742112756,0.25,-0.13993736540682303
86.6,0.039469126982805094,2.757837761640092,0.07068107965469271,0.2534638340904057,-0.062023750958828686,0.25,-0.12758668066388978
86.7,0.06497704896896589,2.7596201742132505,0.06594488409343346,0.25137117948284776,-0.030331528729334742,0.25,-0.12190838195489712
86.8,0.09044550195055062,2.7613163243020207,0.06342241134317887,0.24701697001848916,-0.023933044064044378,0.25,-0.12190838195489712
86.9,0.11587672563650116,2.7629167073311023,0.061227863018822756,0.2481735463540784,-0.01986389035095235,0.25,-0.11047647602912561
87.0,0.14138244370775047,2.764462339743915,0.05878629693970579,0.24617707056979607,-0.031806115977476956,0.25,-0.11047647602912561
87.1,0.1668754116209659,2.7659240449660203,0.05534117944324049,0.25635650932337206,-0.0311081753593035,0.25,-0.10837386627334394
87.2,0.1921396138835533,2.76732419880884,0.05219068721120576,0.2540986782267584,-0.03209532637785349,0.25,-0.1055659430300867
87.3,0.21752456847443416,2.7686374913150966,0.04910956749399581,0.2543451837384504,-0.032397115404893824,0.25,-0.1055659430300867
87.4,0.24302386422542643,2.7698732911792647,0.04605769611335497,0.24904543328524587,-0.02882134312598127,0.25,-0.09930387116597172
87.5,0.26854836848419744,2.771002765604542,0.043026896108633056,0.2516987900627974,-0.027304560011948604,0.25,-0.09378076408523911
87.6,0.2940509878893801,2.772089192249795,0.04028976205169561,0.24629474751600564,-0.028466132986679903,0.25,-0.09378076408523911
87.7,0.31963953389271066,2.773100352366933,0.03707281932438205,0.25156125650568006,-0.029860910315331318,0.25,-0.08911370455330958
87.8,0.3453206225517031,2.773995835271814,0.03462099849666638,0.25310599217297797,-0.022913948380327974,0.25,-0.08911370455330958
87.9,0.3623694839758531,2.774567811050328,0.03346187434786274,0.25031304319606457,-0.018412548744850994,0.25,-0.0827618257589568
88.0,0.38782585779787887,2.775414758817739,0.03173932786560261,0.25341857817193014,-0.016198391024538628,0.25,-0.0827618257589568
88.1,0.4133100438154069,2.7762288162385858,0.03011456459526593,0.2524677529452303,-0.016680513649019294,0.25,-0.07849358032846998
88.2,0.4388394725603752,2.776979015433623,0.028270970852093034,0.24578181465438817,-0.016193961167780477,0.25,-0.07849358032846998
88.3,0.46413869174315076,2.777689333543102,0.02609548819319145,0.24669268899445487,-0.01996295043340897,0.25,-0.07577652910945218
88.4,0.4895310589841493,2.7783704670605425,0.023738508416939877,0.2451413662332654,-0.018078052326455683,0.25,-0.072711063142594
88.5,0.5150483848381924,2.778952908307784,0.021629910143064646,0.2466645755146678,-0.0201409170351527,0.25,-0.072711063142594
88.6,0.540553662777208,2.779486664217161,0.019744784960660483,0.2470268643170609,-0.017297659011057932,0.25,-0.06866494601206569
88.7,0.5660474964997179,2.779993246189425,0.017849665785947613,0.25087629217082763,-0.017639738438930398,0.25,-0.06866494601206569
88.8,0.5915762416277031,2.7804113657250316,0.01601893805209484,0.2506545607114989,-0.020091091764375915,0.25,-0.06180629475401814
88.9,0.617211159876575,2.7807850839729933,0.014249968482324642,0.2531867740096121,-0.018468310679937892,0.25,-0.06000249205136578
89.0,0.6429065905054732,2.7811284988475884,0.012258678209986149,0.2517496131744252,-0.011868718588259108,0.25,-0.06000249205136578
89.1,0.6684161729406677,2.7814327731727615,0.011052879182275691,0.2510593953297427,-0.011979212220296513,0.25,-0.057279449803370595
89.2,0.6939313507749051,2.781708936252265,0.009864772092056788,0.25029386293730654,-0.01110711888855766,0.25,-0.05317522527707751
89.3,0.7194395584885123,2.781937431910812,0.008721560932074953,0.2464228280128283,-0.00841755093892195,0.25,-0.05317522527707751
89.4,0.7448207414956343,2.782161581647075,0.007162639676926414,0.2473762055759067,-0.014036123945144884,0.25,-0.05097399641581649
89.5,0.7702157667858578,2.7823458252204074,0.005667192968682234,0.24977160288731304,-0.013738603280027895,0.25,-0.05097399641581649
89.6,0.7872172672374482,2.7824370796797546,0.004753422799614799,0.24833035307727844,-0.013747853210844943,0.25,-0.049009922925326764
89.7,0.8127403640941451,2.782544199174858,0.0034277157954180864,0.2528174423662729,-0.011541354948973586,0.25,-0.049009922925326764
89.8,0.8382342175924061,2.7826430010386236,0.0021665190772177803,0.2519530906014288,-0.010546715529440628,0.25,-0.042123424653337384
89.9,0.8637256631954068,2.7827116652607162,0.0010845829031044267,0.2495780969105702,-0.009844372090136997,0.25,-0.0404552366383518
90.0,0.8892909665599463,2.782709803368819,7.359445744729574e-05,0.2516484732126978,-0.011248049140772353,0.25,-0.0404552366383518
90.1,0.9148868133637902,2.7826943678090363,-0.0011243161157159201,0.24987640531008015,-0.00884121814186673,0.25,-0.038130031358753695
90.2,0.9404355364935018,2.7826650912163955,-0.001996248946666062,0.2518226161075074,-0.007284559984188454,0.25,-0.038130031358753695
90.3,0.9659699025291013,2.7825887790749406,-0.00274957208639697,0.24927440898965916,-0.006421414038490096,0.25,-0.03555480908688572
90.4,0.9914965146118784,2.782507526531578,-0.0034109769054492855,0.2505293112534488,-0.0077045216717267495,0.25,-0.03419530566622857
90.5,1.0169605800658486,2.7824159180126933,-0.004245563384487368,0.24985532388375567,-0.009419731836946763,0.25,-0.03419530566622857
90.6,1.0423863168516518,2.782304091389314,-0.0052508667475794175,0.24893858921522244,-0.010574227612466883,0.25,-0.031007334858838727
90.7,1.0678536156484915,2.782169017141111,-0.0061730760852401366,0.25008188554587707,-0.00860767595277926,0.25,-0.026991463016106
90.8,1.0933431700634269,2.782012708101225,-0.006825610283258944,0.2489086018104453,-0.006447685172533386,0.25,-0.026991463016106
90.9,1.1188607058628226,2.7818311328363516,-0.00735153589386253,0.251474565517903,-0.005686169058331492,0.25,-0.02473852349103332
91.0,1.1443686828533504,2.7816400954685263,-0.007909820992717304,0.24930582244511326,-0.005551829187185632,0.25,-0.02473852349103332
91.1,1.1699173694964091,2.7814362276772204,-0.00869971384173614,0.2512063647925055,-0.0054285522757291736,0.25,-0.02380773194781288
91.2,1.1869532183385836,2.7812845413320897,-0.009134810572106458,0.2500627756804206,-0.006350153226891564,0.25,-0.02380773194781288
91.3,1.2125078881773401,2.781045127095934,-0.009806634854553638,0.24984785329722806,-0.004897018476821255,0.25,-0.022227198094792653
91.4,1.2380380649989202,2.780783881902792,-0.010212734213706415,0.25030049921414654,-0.003744633335810151,0.25,-0.022227198094792653
91.5,1.2635601056123091,2.780516838931775,-0.01061689748915148,0.24897792048620093,-0.00460096468156926,0.25,-0.018700086244959814
91.6,1.2890671073615834,2.7802389707853217,-0.011018452677257597,0.25073607268618403,-0.008085026640660431,0.25,-0.018700086244959814
91.7,1.314529320783395,2.779956611685095,-0.011631089380195225,0.2504836995586566,-0.005372170048085694,0.25,-0.015889661405840007
91.8,1.3399930687769537,2.7796551655980095,-0.012099401861486128,0.24895227249241264,-0.00387076491576982,0.25,-0.015889661405840007
91.9,1.3655017685370179,2.77933986702792,-0.012448252245090661,0.25103653868520587,-0.00340270996449152,0.25,-0.015576347191223751
92.0,1.3910105328116633,2.7790212197019475,-0.012683428352891027,0.25011430308786037,-0.00040724983607412426,0.25,-0.013041848054814073
92.1,1.4165180315126054,2.7786988691821164,-0.01285173993393656,0.2505949944064815,-0.0016513449100235542,0.25,-0.013041848054814073
92.2,1.4420394359003272,2.7783647949349324,-0.01314910726283474,0.25013104661783925,-0.004529847425802843,0.25,-0.01080198543111111
92.3,1.467570904451457,2.778028312825616,-0.013570309450211796,0.25056851823880827,-0.003837584657502215,0.25,-0.010239431133763112
92.4,1.493098369978615,2.777676402244244,-0.0139493641722982,0.25010441673423317,-0.0012184997284789122,0.25,-0.010239431133763112
92.5,1.5186232599629277,2.7773165728750633,-0.014112696437550995,0.2506847005317265,-0.0013912270232585551,0.25,-0.008628399176991769
92.6,1.5441327541357937,2.7769522112813254,-0.014250319324926911,0.2495287903876189,-0.0005418640120228299,0.25,-0.007104189924085217
92.7,1.5696404855660406,2.776585301917759,-0.014346523028295564,0.24991653419544443,-0.002538072329766916,0.25,-0.007104189924085217
92.8,1.5951270510994784,2.776220470848612,-0.014661482201083521,0.24992531307054622,-0.002514533561482186,0.25,-0.006601329179466835
92.9,1.6121193902637718,2.775972077353497,-0.014838171586141976,0.24962880475236185,-0.003241211427678403,0.25,-0.006601329179466835
93.0,1.6376152499526482,2.7755940061836895,-0.015067292988189243,0.2495837846013197,0.00022215297522291646,0.25,-0.0053216147136776245
93.1,1.6631288443143541,2.7752082144723484,-0.014994140262643183,0.2502436632992168,0.00048192164478369503,0.25,-0.0053216147136776245
93.2,1.6886381745474508,2.774824991333901,-0.014950238681220581,0.2505340898767028,0.0011314502743078624,0.25,-0.0039052396421144983
93.3,1.7141439368211517,2.774444537391859,-0.014908916319211582,0.2501881459986672,-0.0012225315924474431,0.25,-0.0039052396421144983
93.4,1.7396588678656564,2.7740648490980107,-0.015120752944537585,0.24983442432881456,-0.0021887364450432494,0.25,-0.003467796435463636
93.5,1.7651736581718533,2.773679025176571,-0.015327095851436712,0.24991218755221653,-0.0021263008257791406,0.25,-0.0028496107793863443
93.6,1.7906858253115896,2.773287215451845,-0.015442038803749449,0.2500506105672077,0.0002618097206159534,0.25,-0.0028496107793863443
93.7,1.8161936860258971,2.772888480056518,-0.015415929842997798,0.24997894675425392,0.0002550115470478766,0.25,-0.00021213556576807867
93.8,1.8417003914464134,2.772494109641224,-0.015351819459780962,0.24992625668704305,0.0009044607416382282,0.25,-0.0008418978766052349
93.9,1.867200156723395,2.772102220345151,-0.01539405347045381,0.24996710059615967,-0.0007687370247544821,0.25,-0.0008418978766052349
94.0,1.8926990735741969,2.771710695860262,-0.01553143783567688,0.25018402114295657,-0.0005917105233763315,0.25,0.00034648838850190756
94.1,1.9182011915885702,2.771312442184665,-0.015562313183209407,0.250252724433246,0.002080018331599243,0.25,0.00034648838850190756
94.2,1.9437086535239083,2.77091569538819,-0.015424104612988482,0.25008987745032274,0.0018428715324468486,0.25,0.0023802370899685434
94.3,1.9692164544568653,2.7705232843031458,-0.015176092681533694,0.249880857667608,0.0023318664918323506,0.25,0.0032974886664956637
94.4,1.9947216090559687,2.770135452833128,-0.01494977102353408,0.24972930259828183,0.0013575728448127025,0.25,0.0032974886664956637
94.5,2.011723222302097,2.7698825704366277,-0.014917034487902475,0.2501041628238442,0.00039128371953859844,0.25,0.0023355857324865144
94.6,2.0372317568983758,2.7695033460620593,-0.014954584154131418,0.2500883845743826,0.0004497255653242118,0.25,0.0023355857324865144
94.7,2.0627387060421873,2.769125514042806,-0.014977252214400598,0.2503223772717347,0.00034584901735236294,0.25,0.004033562611158442
94.8,2.0882385064313564,2.7687476744855,-0.014815272183894909,0.2502618738571072,0.0034225128406373696,0.25,0.004033562611158442
94.9,2.113742049273116,2.7683732883408845,-0.014645940440997257,0.25047698929875273,0.0014101634672106169,0.25,0.004152002173917475
95.0,2.1392447213591317,2.768000468677139,-0.014548235666298258,0.24978138126643679,0.00018352719695910756,0.25,0.004602485666238362
95.1,2.1647503917183775,2.767629623857011,-0.014540280983446122,0.24986513269210991,-0.0006639404760745098,0.25,0.004602485666238362
95.2,2.1902559244686453,2.767255980673053,-0.014528387222444214,0.2502147696503591,0.0003562707727002448,0.25,0.005225777589611488
95.3,2.2157621621470556,2.766885845303346,-0.014287613538008366,0.25015270343791474,0.00630810228607614,0.25,0.005225777589611488
95.4,2.241269600684773,2.7665226639113065,-0.013955670904969299,0.2500586453130443,0.0015581404199645301,0.25,0.0060249842022431005
95.5,2.266775410202854,2.7661727629580386,-0.013614609008050104,0.2502433932514486,0.002629150063114094,0.25,0.005887471630462781
95.6,2.292279964640883,2.7658318350440405,-0.013458184610072397,0.2495295723440864,0.000731843390867509,0.25,0.005887471630462781
95.7,2.3177817977070867,2.7654930829460325,-0.013425908311595952,0.24992975206535537,0.0010438035144123413,0.25,0.006173566798972602
95.8,2.3432829011161758,2.7651540369840872,-0.013329277311074925,0.2501089930420625,0.0011669197193313427,0.25,0.006743068203345439
95.9,2.36878330206323,2.764817633879989,-0.013145720704312714,0.24997935335422578,0.001731485833604278,0.25,0.006743068203345439
96.0,2.394283686604628,2.764484623566486,-0.01295551423055893,0.25000217164025257,0.0017216146074085852,0.25,0.006624987632186823
96.1,2.4197871814310474,2.764154719340881,-0.012782554951930548,0.2500443219435836,0.0012647349795954002,0.25,0.006624987632186823
96.2,2.436796029742091,2.7639354957046396,-0.012726967465075064,0.2498886417391127,0.0006681096391864646,0.25,0.006952115248675235
96.3,2.4623059729498777,2.7636084292433996,-0.01264926534565634,0.25033531151630034,0.0010671677880184469,0.25,0.006952115248675235
96.4,2.4878145823398383,2.763281366885498,-0.012463646537237423,0.25041727764848226,0.0033929407850230545,0.25,0.007697285427453741
96.5,2.513320049406002,2.7629662833815996,-0.01219944757164786,0.24989572216095887,0.0021837412046942823,0.25,0.007697285427453741
96.6,2.5388289404952653,2.762656692961908,-0.011853068357342691,0.25064250015832396,0.0029281975959026345,0.25,0.008195276692402708
96.7,2.564328588954005,2.762364738960045,-0.011511470921196022,0.24979427499275755,0.0017689848871303758,0.25,0.006484090701617218
96.8,2.5898300008733783,2.762077956898133,-0.011387416191274792,0.2501332779216494,0.00072829128110939,0.25,0.006484090701617218
96.9,2.6153347351439074,2.7617942671075957,-0.011294398177139715,0.24970054798000066,0.0006915057815799579,0.25,0.006775247505023951
97.0,2.640835511528106,2.761510760939332,-0.011125367385263794,0.24971560676823903,0.002037099725042776,0.25,0.006775247505023951
97.1,2.6663345541868524,2.7612308559552665,-0.010924659152607328,0.24994533619160775,0.002040910419235802,0.25,0.007684586962177269
97.2,2.6918313323691363,2.7609565407546905,-0.0107117580832613,0.24980725671848325,0.0013553495066597103,0.25,0.00840411604405654
97.3,2.7173388309803403,2.7606810124068097,-0.010569062237025082,0.24964288419963482,0.001159387198331471,0.25,0.008286324220281284
97.4,2.742852654458825,2.7604078558588916,-0.01043077185799571,0.2503189330259775,0.0015252242244814817,0.25,0.008286324220281284
97.5,2.7683600467507072,2.7601443753305794,-0.010202780614650105,0.25019569124483304,0.004951864175621153,0.25,0.007934329257721903
97.6,2.7938680651774046,2.75988367877153,-0.009887537752307685,0.25018994645313225,0.002395859266234274,0.25,0.007934329257721903
97.7,2.8193762463593526,2.759631980171674,-0.009607689246651903,0.24968020554558254,0.002163690148872591,0.25,0.007317391334411127
97.8,2.836381490847382,2.7594726931015674,-0.009367510018492141,0.2499099969700544,0.0031847795730625913,0.25,0.007317391334411127
97.9,2.8618829356755286,2.75923804161851,-0.00919763278195858,0.2499261448352213,0.0007780899032154515,0.25,0.00814192316031262
98.0,2.8873853504999962,2.759010682632739,-0.009078748904930286,0.24967988831578097,0.0012345582954072767,0.25,0.00814192316031262
98.1,2.9128874550397783,2.7587827420842674,-0.008943222337514255,0.24975227944664982,0.002448207999016426,0.25,0.006564867802807999
98.2,2.938387079742147,2.7585601412500633,-0.00875785435485307,0.24978529247540376,0.0019301163051981282,0.25,0.007314941993733037
98.3,2.9638855873786554,2.7583418939967648,-0.0085549715661406,0.2501811974667712,0.002084905053438092,0.25,0.007314941993733037
98.4,2.989392585624504,2.758125499805429,-0.008364256079137341,0.2502977110067898,0.0013980852364442523,0.25,0.00822028554012073
98.5,3.01490816366552,2.7579082574448686,-0.00823389828362006,0.25082234237973794,0.0019008201499936756,0.25,0.00822028554012073
98.6,3.040421945662295,2.7576967047526613,-0.008134282993714303,0.250414943542367,0.0018558932550739762,0.25,0.007592018933066158
98.7,3.0659310004478035,2.7574906580237086,-0.007870168923524939,0.25006804439305064,0.002307642398132131,0.25,0.0074722300742713545
98.8,3.0914399457111132,2.7572944675855866,-0.007339020164383367,0.25004813864661024,0.00835192754961435,0.25,0.0074722300742713545
98.9,3.116945794283794,2.757113564427652,-0.006924622241086225,0.25021532539037233,0.003888901140601923,0.25,0.007009419133049404
99.0,3.142448431816223,2.7569423942910434,-0.006688052851451761,0.2500388203278221,0.0013650250128877793,0.25,0.0038890003255001894
99.1,3.167955478623795,2.7567766108516922,-0.006652649573232274,0.25009169551755667,0.0006731885635912277,0.25,0.0038890003255001894
99.2,3.193463429622396,2.756607970672077,-0.006635828070766178,0.25004058576087285,0.0010831852994192968,0.25,0.0030540912636383213
99.3,3.2189661295314833,2.756442679661098,-0.006493594748141702,0.2500257691511048,0.001626466548777587,0.25,0.0030540912636383213
99.4,3.244473798624044,2.7562804927636235,-0.006332863596564334,0.2503956397882368,0.0013900939267098593,0.25,0.0032595516328226028
99.5,3.2614772647548924,2.756171814694914,-0.006260919482891669,0.25035392795230715,0.001121569253596486,0.25,0.0032595516328226028
99.6,3.286982868513538,2.7560105578866083,-0.0062259746360503795,0.24997737503411413,-1.8265147828560406e-05,0.25,0.0018571235091537144
99.7,3.312488005616146,2.7558513432027123,-0.006248740135881121,0.25029853624192516,-0.0009438514734381491,0.25,0.0018571235091537144
99.8,3.3379956293146185,2.755690776377645,-0.00613476190433689,0.24988426456883514,0.0011766247149914044,0.25,0.0027203655631856845
99.9,3.36350631021805,2.7555364448811797,-0.005834917019076427,0.2500592949833944,0.0029119578646079835,0.25,0.0027203655631856845
100.0,3.3890165036003617,2.7553885421310857,-0.005619675576683942,0.25013962019452746,0.002328735198863086,0.25,-0.00013089675558673047
100.1,3.414523339900897,2.755245239991584,-0.005493543164169118,0.2500157375558307,-0.00023664639826368968,0.25,-0.0005997763529692231
100.2,3.440037185604399,2.7551077114036557,-0.005651779259992229,0.2501826800794656,-0.0013620517447458763,0.25,-0.0005997763529692231
100.3,3.4655534458602135,2.7549625933045254,-0.005803799807475109,0.2499975608035045,-0.0020340882941104945,0.25,-0.002855033464109702
100.4,3.491068272591091,2.7548142870894736,-0.005829105690529937,0.2501177838761124,7.267748655302112e-05,0.25,-0.00787588700463624
100.5,3.5165868464825007,2.754664849745552,-0.005868611282983128,0.25021686167531737,-0.0009675167604107527,0.25,-0.00787588700463624
100.6,3.5421001391680993,2.754512759499941,-0.005914413669534869,0.2501715553355187,-0.0008856999428683337,0.25,-0.008493026772934734
100.7,3.5675873882670652,2.754362351779774,-0.0061780557087538325,0.2501537033165387,-0.0036725356864322073,0.25,-0.008493026772934734
100.8,3.5930744749302512,2.7542080402914917,-0.006542723826479171,0.24998923087903588,-0.0026328354735098637,0.25,-0.010829308979934844
100.9,3.6185738895664934,2.7540385974909807,-0.006766928092736396,0.24985107163854717,-0.0016112325159049496,0.25,-0.026938030364324753
101.0,3.6440739163296105,2.753866017163181,-0.007192344957804355,0.2514395034830005,-0.006588808197544573,0.25,-0.026938030364324753
101.1,3.661071400331333,2.7537439453482,-0.007587562371102143,0.24905473429050823,-0.005422926838716637,0.25,-0.026938030364324753
101.2,3.6865836802900405,2.7535487683213025,-0.008164433441925528,0.2500711823567107,-0.0028646376950700204,0.25,-0.027354174058827056
101.3,3.7121364744962366,2.7533387756697207,-0.008784345055443366,0.2510634801144151,-0.006090165864269592,0.25,-0.027484165746824378
101.4,3.7377177081058894,2.7531119456269653,-0.009593546975602222,0.2516039794388961,-0.00913486032582554,0.25,-0.027484165746824378
101.5,3.7632700969291797,2.752857760893961,-0.010479470583868278,0.25154717267036875,-0.006739031686521429,0.25,-0.030403257943769538
101.6,3.788782879043068,2.752581759241023,-0.011088353741873147,0.24907682269010709,-0.005530518861322158,0.25,-0.030403257943769538
101.7,3.814302044295288,2.752291058084028,-0.011651594382037445,0.25074925054231106,-0.005358901821791147,0.25,-0.03123529512761835
101.8,3.839775798480025,2.7519971145833204,-0.012327520557563061,0.24917678486404132,-0.007306872696001614,0.25,-0.03331064271245426
101.9,3.8652028628334048,2.751681033826766,-0.013340340238727521,0.24804268951859948,-0.0089659554325536,0.25,-0.03331064271245426
102.0,3.89063801913324,2.751349182977075,-0.014269503742545724,0.2506588888981808,-0.00784115000097523,0.25,-0.030813573434548554
102.1,3.916134575052364,2.7509834105608624,-0.014947841040162703,0.2494264352347652,-0.006524344956621432,0.25,-0.03141338306097694
102.2,3.9416392487330025,2.7505961930063973,-0.01564543173426438,0.25033198947175106,-0.006372948689537556,0.25,-0.03141338306097694
102.3,3.9671439505238055,2.7501930649892152,-0.016353234966747975,0.2488551279430421,-0.007073099353404421,0.25,-0.03522410038739387
102.4,3.9927025287426554,2.749764568637546,-0.017321837428180813,0.251015708060898,-0.009491889512234558,0.25,-0.03577581371693411
102.5,4.018275503056886,2.749300836678354,-0.018260935351458205,0.25197793852802775,-0.009318282579608832,0.25,-0.03577581371693411
102.6,4.043859128100667,2.7488206775466533,-0.01915276991494471,0.2510503888148672,-0.007089411747006064,0.25,-0.03576370571976667
102.7,4.069374595793962,2.748320970725517,-0.01982153780777192,0.2502516645306962,-0.006540136960124631,0.25,-0.03576370571976667
102.8,4.086378365269065,2.747976415812499,-0.02029308859478383,0.2495503582518234,-0.006963306913283583,0.25,-0.031182419083278998
102.9,4.111885806428456,2.747452466628302,-0.020954638777853554,0.24916945729913376,-0.00819384167802933,0.25,-0.031182419083278998
103.0,4.137304824186053,2.746919858207303,-0.022047898271384644,0.2498187453757586,-0.01441063196279962,0.25,-0.04410239633243236
103.1,4.162717388500011,2.7463707701812927,-0.023225303572565335,0.2506112723213175,-0.01481399358332683,0.25,-0.04410239633243236
103.2,4.188150204368837,2.745784748259051,-0.0245219119755887,0.2501666888286718,-0.012427850407700442,0.25,-0.04154849267407672
103.3,4.213631711410911,2.7451618504101654,-0.02556602548171064,0.2497615317052287,-0.010102143774612486,0.25,-0.042865357450037486
103.4,4.239140711113958,2.744500239795092,-0.026634404336982154,0.24786182203308216,-0.00977777893312739,0.25,-0.042865357450037486
103.5,4.264664152909682,2.7438124847454173,-0.027780336050397023,0.25056416511583074,-0.012090364653767414,0.25,-0.04143092036144933
103.6,4.290249710356042,2.7430865588621005,-0.02883622703059556,0.2514060133886387,-0.011061827938188093,0.25,-0.04143092036144933
103.7,4.31582963760986,2.7423318529384293,-0.029947448223093233,0.25212251509299005,-0.009758916362677537,0.25,-0.04217701549362596
103.8,4.341366157377937,2.7415579245255843,-0.030806378170042295,0.25075340494427495,-0.0073326021475686246,0.25,-0.0449772754365974
103.9,4.3668848716298685,2.7407605276695612,-0.03164600537484416,0.24806465140266845,-0.008107283748315444,0.25,-0.055490235906818224
104.0,4.392360015458534,2.739945098418839,-0.03265372596577979,0.2505438275595106,-0.015562033664422006,0.25,-0.055490235906818224
104.1,4.417741612818785,2.739131642422809,-0.03427453451786051,0.2498719329667129,-0.01680686974141435,0.25,-0.053226377104928925
104.2,4.443105329431599,2.7382675068723454,-0.03583897707451221,0.24905923922223416,-0.015121715938435571,0.25,-0.053226377104928925
104.3,4.46851288303589,2.7373538726330757,-0.03754690324176445,0.2505448149063547,-0.016850451005104038,0.25,-0.05756907500813877
104.4,4.485509722527063,2.7367052538432888,-0.038597386000324065,0.2510234706653354,-0.015891103725007183,0.25,-0.05756907500813877
104.5,4.511005465614808,2.7357033481929434,-0.04011952890069451,0.25083651397600176,-0.014575301653700808,0.25,-0.05730231804960565
104.6,4.5364876282089,2.7346895387005237,-0.041624813295857384,0.253779407767672,-0.013443780419204967,0.25,-0.057512470441902275
104.7,4.5620685454550625,2.7335895288642384,-0.04319701928692142,0.2503654618680533,-0.017535419915798395,0.25,-0.057512470441902275
104.8,4.587645662670749,2.7324525416991494,-0.044615957643673786,0.2508373561227738,-0.013137947503592724,0.25,-0.06320974777890978
104.9,4.613252831007824,2.731272205252014,-0.04620995705678523,0.24781817662419145,-0.017731478446453383,0.25,-0.06320974777890978
105.0,4.638774516328375,2.730068470728733,-0.04759257914138244,0.25292265160356164,-0.012414773833427198,0.25,-0.06630761273069305
105.1,4.664260413502541,2.7288452744575706,-0.04889699419686148,0.24824655625437914,-0.012083155154973003,0.25,-0.06630761273069305
105.2,4.689583043131022,2.7275982455573486,-0.05072354433148097,0.24607565444103444,-0.018908329617185797,0.25,-0.06952444812439279
105.3,4.714902829957366,2.7263309982263593,-0.05266977413669279,0.24925997289199428,-0.021103419512834152,0.25,-0.07810351100878066
105.4,4.740223477255872,2.725024775440287,-0.05500031839388495,0.24487407342223463,-0.02056495015339788,0.25,-0.07810351100878066
105.5,4.765624874303372,2.723627597200391,-0.05728883624744041,0.24957075202880805,-0.02218078289287494,0.25,-0.09441608440122468
105.6,4.7911016074572785,2.7221535577326827,-0.059912286906089185,0.24714630608140778,-0.024267161648587016,0.25,-0.09375369488477214
105.7,4.81656397189059,2.720587201995756,-0.06285743899659431,0.2490495242253715,-0.02691896842923114,0.25,-0.09375369488477214
105.8,4.842264732882561,2.718920895804054,-0.06552242736955287,0.2566784117280446,-0.028972656040389417,0.25,-0.10369499154716452
105.9,4.867945680709291,2.7171638838414083,-0.0683193310800192,0.25309543296359477,-0.024170025102107858,0.25,-0.10506659220111203
106.0,4.893702919035431,2.715384198147029,-0.07113678919782754,0.2561971917900544,-0.027407545847743235,0.25,-0.10506659220111203
106.1,4.910703511415389,2.714171285161348,-0.07282534977085081,0.24697082971824805,-0.021233753874128077,0.25,-0.10506659220111203
106.2,4.936100626458781,2.7123083121475324,-0.07491546328812153,0.24797597939498361,-0.022435470088619233,0.25,-0.1074199021680292
106.3,4.961350104957469,2.710391841763904,-0.07764688781082558,0.24516095473362162,-0.03557405697352158,0.25,-0.13656833138132807
106.4,4.98632408036267,2.7084224212219237,-0.08164553046189339,0.2473647426266166,-0.0343638586083349,0.25,-0.13656833138132807
106.5,5.0112509547069015,2.7063441265530384,-0.08516061773807539,0.2422790048873365,-0.033744873883769975,0.25,-0.11812845621790305
106.6,5.03642069475431,2.7041973945089226,-0.08857362606327554,0.2435734369854066,-0.03951530650331897,0.25,-0.11812845621790305
106.7,5.0618334530337465,2.7018956081510557,-0.0924583399712494,0.2558821354678677,-0.038545283683397415,0.25,-0.13511882744844245
106.8,5.0872256663264706,2.6995429632111523,-0.09671077657468315,0.25380329007230285,-0.042719058043556975,0.25,-0.14407396081106055
106.9,5.113168023606208,2.696993863958513,-0.10048118729889763,0.24519619867346495,-0.03695975395138672,0.25,-0.14407396081106055
107.0,5.138907697587302,2.694346686821172,-0.10465111983540196,0.2518163293339921,-0.0497680786250551,0.25,-0.14873357622231592
107.1,5.164823425987712,2.6916047766144757,-0.10893548744266301,0.2545339175958782,-0.033447796081938694,0.25,-0.14000566295913802
107.2,5.190605801929761,2.688764592873204,-0.11253188323180667,0.25546013065734724,-0.03884754705300769,0.25,-0.14000566295913802
107.3,5.215969466143273,2.6858595541640775,-0.11543013216080067,0.25168796761872986,-0.02670322471532889,0.25,-0.14481703651029845
107.4,5.240970511620265,2.6829451564732394,-0.11870455977656989,0.24144573169514394,-0.038733855003117997,0.25,-0.14481703651029845
107.5,5.26581623699702,2.679952703459427,-0.12232041527718403,0.24989249511848582,-0.0449839834579146,0.25,-0.14777082100332503
107.6,5.290791659594173,2.6768386666500366,-0.12778393013037256,0.24071028681491255,-0.0463220380857072,0.25,-0.14777082100332503
107.7,5.3073209096019935,2.674684644705117,-0.13065740108257123,0.24094785065146299,-0.038787342189648986,0.25,-0.15547816713072254
107.8,5.33216196310583,2.6714038453401487,-0.13491110098429962,0.2437445109105868,-0.05175882809892599,0.25,-0.15547816713072254
107.9,5.3574777950392845,2.6679953257551805,-0.14049948470333878,0.25303605757291747,-0.0626695304514521,0.25,-0.1695958417700521
108.0,5.3832766974291175,2.664411067293628,-0.14538057408831148,0.259513464544536,-0.044722826009453244,0.25,-0.1695958417700521
108.1,5.409076895438067,2.6606555902044637,-0.15034984902926032,0.25984708101837123,-0.06631603197849176,0.25,-0.17576873412157665
108.2,5.434942640223681,2.6567550525166506,-0.15583623619392897,0.2604392854264804,-0.0495239191519659,0.25,-0.19244870251773535
108.3,5.46084708543354,2.652675909665683,-0.16150899478521344,0.26358865618782307,-0.05766903414073982,0.25,-0.19244870251773535
108.4,5.486196312489493,2.6484653853021918,-0.16927272061602583,0.2460889252014154,-0.08599768579588653,0.25,-0.20578309049283816
108.5,5.511100509992531,2.644170258032819,-0.1801653967110162,0.2532312978695272,-0.1236848219512897,0.25,-0.20578309049283816
108.6,5.535627974889552,2.6397092940488633,-0.18987423232558565,0.2491337085499786,-0.07722150295426047,0.25,-0.2124970262803146
108.7,5.560219453043805,2.634907760786178,-0.1973142191264765,0.24321532758735992,-0.07336659057949636,0.25,-0.202377301975498
108.8,5.5847366351386105,2.629944774694374,-0.20461822060828774,0.24112757617054084,-0.08883408802653107,0.25,-0.202377301975498
108.9,5.609240343977341,2.624834374779634,-0.2127867747180411,0.23988571385997592,-0.07634784704397166,0.25,-0.20794221067367802
109.0,5.634261518041816,2.619386618002955,-0.22023294833319593,0.2535459894091196,-0.06206598828551146,0.25,-0.20794221067367802
109.1,5.6597340422606415,2.613704555895105,-0.22710491491782994,0.2626900593695374,-0.05931735747269951,0.25,-0.19901446897436215
109.2,5.685146860379232,2.6077838026830444,-0.23330833836457548,0.262834145452007,-0.04911921806784324,0.25,-0.22227065676344598
109.3,5.7103029387098045,2.6017399020610363,-0.23989634038105484,0.263766609602619,-0.06574024286296618,0.25,-0.22227065676344598
109.4,5.727067899107342,2.5976373414419838,-0.24481480309229675,0.2625836129691814,-0.07224192349460104,0.25,-0.23043628387615256
109.5,5.7520292731456575,2.5914312529908474,-0.2539435143752093,0.25316638710030576,-0.09841191086802374,0.25,-0.23043628387615256
109.6,5.77669092360729,2.5849421514895705,-0.2634016637579173,0.2365837697715392,-0.09179574180988116,0.25,-0.2399365290529007
109.7,5.800981074231967,2.57814933774079,-0.27564319392946385,0.24972120513040347,-0.1286195964298222,0.25,-0.2399365290529007
109.8,5.825031450664204,2.571390062043816,-0.28709036000440996,0.23795383347432048,-0.09599764950076918,0.25,-0.23227739859029425
109.9,5.848923383831773,2.564432162908367,-0.2971954592957919,0.24437835158269883,-0.09962731016849177,0.25,-0.22772143275175522
110.0,5.872702647453096,2.5570828381136166,-0.3066338948698918,0.2429799586145194,-0.08069784765939753,0.25,-0.22772143275175522
110.1,5.89693674534005,2.5492498289242835,-0.3149396412041063,0.2465887975351376,-0.0877338762976845,0.25,-0.2234191078061163
110.2,5.921343097655374,2.541204796268902,-0.324660556733006,0.2626900039287671,-0.10388981742981789,0.25,-0.23783589595682664
