t,x,y,yaw,v,w,v_cmd,w_cmd
0.0,-1.0517680076077716,3.0784598366758673,0.34704928075421554,0.247447757944218,-0.09016638198329385,0.25,-0.2216115497200069
0.1,-1.0282016161849674,3.086987597275966,0.33713012496430594,0.24195367209325325,-0.10512410666561244,0.25,-0.2216115497200069
0.2,-1.0045134016923574,3.095547657772424,0.3266675672862827,0.24543544144338905,-0.10036761692198543,0.25,-0.22181694990986495
0.3,-0.9805365675864374,3.103599180742102,0.315545096796667,0.24706228560160529,-0.08062148591044016,0.25,-0.22181694990986495
0.4,-0.9563613741146373,3.111479033475837,0.30827398168900877,0.259528179840787,-0.07350736135581429,0.25,-0.22893789342832743
0.5,-0.9320120094232064,3.1192066389191373,0.3010490264232554,0.24254368523753195,-0.0683626205459111,0.25,-0.22532665659982432
0.6,-0.9071779881569213,3.1268401008986313,0.29144569406076404,0.25972834670598927,-0.1105553223082276,0.25,-0.22532665659982432
0.7,-0.8823390952704294,3.1342409752806883,0.2795138470734421,0.2514046293022329,-0.11652420704425198,0.25,-0.22599591262213187
0.8,-0.865833740196968,3.138980993924257,0.27235630780663733,0.25956352257431786,-0.09076137585686543,0.25,-0.22599591262213187
0.9,-0.8410288942492639,3.145829766508296,0.261668843183003,0.2471840447244538,-0.0934232864891597,0.25,-0.2236851746731791
1.0,-0.8163957886632599,3.152356134964552,0.25354820357546276,0.26402458443837745,-0.06871635881577229,0.25,-0.2236851746731791
1.1,-0.7916470656937759,3.1587238966830977,0.24672399635583483,0.24744840904971557,-0.07122946635087755,0.25,-0.21856843881773816
1.2,-0.7673918483444248,3.164792240683525,0.23885367822305256,0.23818584206096363,-0.07672832422678537,0.25,-0.2158330060737576
1.3,-0.7430083828079241,3.1706831414195684,0.22971311230361074,0.24381606101757375,-0.10383959559849759,0.25,-0.2158330060737576
1.4,-0.7184194589039754,3.176489653461991,0.22029253468434154,0.24448695326655545,-0.07559026352743346,0.25,-0.215338835377584
1.5,-0.693472328555239,3.1820208019050655,0.21362043309622322,0.25636817295809466,-0.06736275793404814,0.25,-0.215338835377584
1.6,-0.668459949037952,3.1874274938546088,0.2071194998726477,0.2538946755188792,-0.0753685552646572,0.25,-0.21123077791764167
1.7,-0.6432667099938564,3.1926836466637307,0.19941670156180194,0.2561605585727421,-0.07294772620764381,0.25,-0.20520029728728081
1.8,-0.6175716357945416,3.197789735364793,0.19305869933928949,0.26115627333047986,-0.07695043991329022,0.25,-0.20520029728728081
1.9,-0.5921273469362606,3.2026411329794606,0.18456666203839797,0.25965282587131794,-0.08260774260319713,0.25,-0.20726154706926836
2.0,-0.5669733544575247,3.2073078358588183,0.1748980668078124,0.24037731042066557,-0.07138674497974092,0.25,-0.20726154706926836
2.1,-0.5420347817677759,3.2117639336620663,0.16946416418170726,0.25953833602247295,-0.06463829274209704,0.25,-0.2085740018539397
2.2,-0.5169852214206275,3.215970189090017,0.15997106563821673,0.24570347858543923,-0.10596611074785522,0.25,-0.20940223150661458
2.3,-0.4921336493536357,3.220017758195566,0.15041623954333216,0.24773529480713127,-0.06735074414509107,0.25,-0.20940223150661458
2.4,-0.47578317488668237,3.222545289787399,0.14648144138572103,0.2462095430766694,-0.05332995373937607,0.25,-0.20356234128919493
2.5,-0.45130526882016764,3.2262313698302965,0.14153105008644642,0.24332507519189484,-0.056127279310896935,0.25,-0.20356234128919493
2.6,-0.4261286615881203,3.229878667949215,0.13489050093828744,0.24941567694717706,-0.06536661309900976,0.25,-0.19148445459297886
2.7,-0.4008819202219399,3.2332276896800867,0.12799244012527736,0.2520111046993303,-0.0732731006453971,0.25,-0.19148445459297886
2.8,-0.37533138788373555,3.2362983749118723,0.11925849687464404,0.24396365263709982,-0.09692324048240866,0.25,-0.179825092799328
2.9,-0.3494420512379845,3.2393177709564864,0.11117813284876318,0.254121304676845,-0.04734190834556561,0.25,-0.17269705031553856
3.0,-0.32346048000753214,3.242188944150834,0.10713820773241241,0.25579710809663825,-0.035598001648216915,0.25,-0.17269705031553856
3.1,-0.29778045990822954,3.244933256963708,0.1024967364333717,0.2511885506521426,-0.06700564295128494,0.25,-0.15544178081570742
3.2,-0.27237602152155166,3.2475612041992,0.09619322310743646,0.24802681220932846,-0.06223618474794905,0.25,-0.15544178081570742
3.3,-0.2470498869429886,3.249977569646819,0.08959973537293005,0.25138749812730415,-0.06715016269111418,0.25,-0.1536772528788269
3.4,-0.22185210243533757,3.2521870391173375,0.08314874820167371,0.24401183203143342,-0.0421018720267194,0.25,-0.1416789178359456
3.5,-0.19681523346148744,3.25425750747264,0.07955060262819473,0.25045098271583294,-0.03187043795465661,0.25,-0.1416789178359456
3.6,-0.17180916803678076,3.256248159073504,0.07637684865692407,0.25035921477030476,-0.03317432464062493,0.25,-0.12843719789847427
3.7,-0.14648477959042333,3.258168039683571,0.07253635730112636,0.25704606351154263,-0.03775315886070872,0.25,-0.12843719789847427
3.8,-0.12103773206600398,3.259969530006964,0.0682990064743678,0.24500683062952017,-0.044787275011445124,0.25,-0.12461673675106322
3.9,-0.09554258393541068,3.2616960282409195,0.06403764570645334,0.25268009651266615,-0.03469217161786703,0.25,-0.11935006678433946
4.0,-0.07833544461143768,3.26279510263741,0.06223761035686803,0.252924816906034,-0.024530801453814234,0.25,-0.11935006678433946
4.1,-0.05253290668341346,3.2643936930390582,0.05952128396111128,0.2537100449526218,-0.02674006605425151,0.25,-0.10975607732988729
4.2,-0.026820674410288063,3.2659450991348646,0.056801725517246576,0.24634936449074785,-0.02667945884841956,0.25,-0.10975607732988729
4.3,-0.001325851420035419,3.2673824363219577,0.05336497789558132,0.2490640668354466,-0.03327833913290011,0.25,-0.10865434461470641
4.4,0.024215505081070017,3.2687270849022125,0.04960172571334741,0.24644390126465607,-0.036326720277281704,0.25,-0.10400786770437677
4.5,0.04967965170278035,3.270043998134126,0.046171650675055076,0.24634685190891137,-0.034680680929081394,0.25,-0.10400786770437677
4.6,0.07497791873254575,3.271168073332465,0.043339687141542155,0.25312409181422996,-0.02463813537667799,0.25,-0.09620358825283691
4.7,0.10021948194046244,3.2722366196406356,0.041037963919813805,0.25168036729093235,-0.021620628094575926,0.25,-0.09620358825283691
4.8,0.12552247147989973,3.273255114748076,0.03886443904981814,0.25320592569505695,-0.027921634724989444,0.25,-0.0918993308103235
4.9,0.15100967422861417,3.2742333674749626,0.03588456228782284,0.2525594904541928,-0.0279999093416501,0.25,-0.08651341409428662
5.0,0.17653340797120803,3.275125172508221,0.03331237741997923,0.2478738602635186,-0.023935274056227814,0.25,-0.08651341409428662
5.1,0.202195972504712,3.275957476332028,0.031301411068659815,0.2514191952866504,-0.01921826230407705,0.25,-0.08129888970028135
5.2,0.22786259365430686,3.2767750438456904,0.02943450692674261,0.24948303011136616,-0.0190268422369903,0.25,-0.08129888970028135
5.3,0.2535524412925462,3.2775298515328695,0.027585596101701526,0.2504699713071875,-0.016891458145815188,0.25,-0.0792763744555135
5.4,0.27908206004978,3.278241534439953,0.025204751073556814,0.24888441290248808,-0.02539983515544247,0.25,-0.07455064146375825
5.5,0.30455531875978525,3.278835296831829,0.022746355910688187,0.25085155278933335,-0.026473791485458996,0.25,-0.07028973959055194
5.6,0.32152218226363943,3.279192103091781,0.0210820823479112,0.2509579488454853,-0.02334898620556775,0.25,-0.07028973959055194
5.7,0.346935040397573,3.279694855264076,0.018881974991334795,0.24929473575906874,-0.017853439782752757,0.25,-0.07028973959055194
5.8,0.37232246441135763,3.2801486443352736,0.01705873749728513,0.2511639095178363,-0.01630277642956409,0.25,-0.0660486293218664
5.9,0.3977069222970085,3.2805512787657616,0.015567626648398428,0.25184612752629426,-0.013610044578076807,0.25,-0.06136602961348981
6.0,0.4231994835720565,3.280951038634767,0.014016010049898768,0.24883250391110223,-0.017510559994236678,0.25,-0.06136602961348981
6.1,0.4487129237197286,3.2812922925886387,0.012303940012489871,0.2502526994919642,-0.011370296755514661,0.25,-0.05777204591067026
6.2,0.47425731206338173,3.281610569473765,0.010852363759723664,0.25182950479391486,-0.013269815822408021,0.25,-0.05777204591067026
6.3,0.4998636840578365,3.281894258045472,0.009484668536364167,0.24960615457649984,-0.012269610494893423,0.25,-0.05505234172355507
6.4,0.525490560722295,3.2821487903322355,0.008199843626422065,0.2537401822701696,-0.01146828247360183,0.25,-0.05117309803060014
6.5,0.5510819187580425,3.282350554812018,0.006866220381192182,0.25021799364037867,-0.015993870834889956,0.25,-0.05117309803060014
6.6,0.5765680679841498,3.2824788329474046,0.00517221047206412,0.24994165643197516,-0.014153699657156526,0.25,-0.04820539685731935
6.7,0.6020585151888035,3.282597261127149,0.003780560574658106,0.24984247065482476,-0.0156052520661885,0.25,-0.04820539685731935
6.8,0.6275353159974928,3.2826683473245857,0.0024805468976886545,0.24750034038552096,-0.01162907137185915,0.25,-0.04705323134066982
6.9,0.652972458222682,3.282710596652379,0.001341232228025792,0.24793893066725078,-0.011437991566296204,0.25,-0.040039465161611484
7.0,0.6784305259916339,3.282727974395161,0.00036040845420808016,0.24934663111627764,-0.009019742638896159,0.25,-0.0377087045472568
7.1,0.7038952142524727,3.2827263562746865,-0.0006683747833767886,0.2489770841690522,-0.011562935678304853,0.25,-0.0377087045472568
7.2,0.7294117982210642,3.282705633766625,-0.0018515908542911235,0.2520981080013096,-0.008719103359831922,0.25,-0.0370432732800367
7.3,0.7464327678671081,3.282670124352059,-0.0025423859062191525,0.24877078547848663,-0.009079297909483187,0.25,-0.0370432732800367
7.4,0.7719871605949276,3.2826095002235807,-0.003445804080820168,0.25191495845009526,-0.009009855077087818,0.25,-0.03392762103331378
7.5,0.7975444633829487,3.282529295348295,-0.00424693887217468,0.25203379546736404,-0.009199384157291657,0.25,-0.03392762103331378
7.6,0.82309148131814,3.282426387038637,-0.005060886147615636,0.2511707836754831,-0.00781883286335756,0.25,-0.03196113612204842
7.7,0.8485942024630864,3.282290685895645,-0.00609248738466977,0.24909760850981674,-0.01217050828803647,0.25,-0.03196113612204842
7.8,0.8740936672881092,3.282116995803676,-0.007017312251205317,0.2503157647807931,-0.006922825722027357,0.25,-0.029657917567497374
7.9,0.8995857164397465,3.2819299089526104,-0.007779730326084194,0.2500652106009245,-0.0064823521985299245,0.25,-0.024939423988893875
8.0,0.9250678546906194,3.281718162761349,-0.008314627283588963,0.2500129426502083,-0.004836232260931512,0.25,-0.024939423988893875
8.1,0.9505586473260398,3.281486227498506,-0.008841236892175485,0.24844785418537502,-0.006117568038578431,0.25,-0.022378297043046096
8.2,0.9760495062269378,3.281251550374121,-0.009381606297081159,0.2500087682549822,-0.005628455928946297,0.25,-0.022378297043046096
8.3,1.0015536601862514,3.2810121352296413,-0.00989164372718224,0.2503391396417078,-0.004493669916947134,0.25,-0.021051254582287807
8.4,1.0270759327930445,3.2807631014186183,-0.010397723049689184,0.24919623997193502,-0.004938677457911569,0.25,-0.020331721707071627
8.5,1.0526001814911896,3.2804969373331274,-0.010873872486032887,0.25154575447124855,-0.0035570300250907724,0.25,-0.020331721707071627
8.6,1.0781366927011442,3.2802270938198426,-0.011317427106801396,0.25051880353610095,-0.004463693582545045,0.25,-0.017814623485581497
8.7,1.103651757595059,3.2799471415616903,-0.01175781438744052,0.2509688104946443,-0.004164026264201052,0.25,-0.01678184037403408
8.8,1.129158190111511,3.2796435067808067,-0.012466117263266739,0.25011244739015237,-0.005852655436179978,0.25,-0.01678184037403408
8.9,1.1461602040777368,3.2794321979567043,-0.012818159301700788,0.250014775549505,-0.005527886581114114,0.25,-0.013629123169616359
9.0,1.1716629423155065,3.279097920461403,-0.013465607498565683,0.24955065240990526,-0.005557786269729616,0.25,-0.013629123169616359
9.1,1.1971649555436934,3.2787440469184954,-0.013793261118845906,0.2508324625718792,-0.002577834522947478,0.25,-0.010718922063679096
9.2,1.2226647662805805,3.2783847715508014,-0.014004163380952242,0.24997534931405402,-0.0017493530638598427,0.25,-0.010718922063679096
9.3,1.2481655959318625,3.2780191298202546,-0.014168611636020453,0.2501471250953104,-0.0019970579153449444,0.25,-0.009893088847669054
9.4,1.2736684122761255,3.277656299682422,-0.014438425065983094,0.2500318039268324,-0.0021220400697427293,0.25,-0.007896455666608695
9.5,1.2991768235941494,3.277289649447475,-0.014665786996826385,0.2504290856486349,-0.0024500074225328214,0.25,-0.007896455666608695
9.6,1.3246935625362175,3.2769154428212266,-0.014875808759532429,0.24997827731836939,-0.001940798413296803,0.25,-0.0064806840910373986
9.7,1.3502031304597832,3.276538128716201,-0.014965264328943942,0.24977534224690637,-0.00028799655140661926,0.25,-0.0064806840910373986
9.8,1.3757152985460477,3.276157411787463,-0.015030776555826514,0.2503672590524252,-0.0008736946780104343,0.25,-0.005453524403927372
9.9,1.4012210730036228,3.2757767149077472,-0.015180494204130694,0.24982297732848582,-0.0019899073297216354,0.25,-0.005453524403927372
10.0,1.4267255022618321,3.275388200108389,-0.015508794339274282,0.250116925421902,-0.001673352560940102,0.25,-0.004428768536121005
10.1,1.4522301313219468,3.2749901924148155,-0.015643161129659945,0.2498836139170755,-0.0019055590912574504,0.25,-0.0030784338412241357
10.2,1.477737009651281,3.274584032943584,-0.015718236651645595,0.25019024869958184,0.0013148811453321872,0.25,-0.0021121515728477255
10.3,1.5032457137278512,3.2741812389674583,-0.015668328689389693,0.25024240561478767,9.506099258647763e-05,0.25,-0.0021121515728477255
10.4,1.520252252399333,3.2739117982730934,-0.01561262944294426,0.24995950178326853,0.0007152120029487661,0.25,-0.0021121515728477255
10.5,1.5457541913700676,3.2735122307833726,-0.01570419650415884,0.2499351492904671,-0.003239332966167302,0.25,-0.0013425487142225984
10.6,1.571260361924862,3.2731136711473976,-0.015878732804003107,0.2501317094037555,-0.0006790865855515099,0.25,-0.0007115049534886023
10.7,1.5967672754139162,3.2727083388050398,-0.01596095425135629,0.2499661739816237,-0.0010806217488055518,0.25,-0.0007115049534886023
10.8,1.6222714652241428,3.2722996360826913,-0.015924304173739842,0.2501627815440592,0.0010072562641379786,0.25,0.0014251780872308276
10.9,1.6477707604908207,3.2718940155269616,-0.01577401645103507,0.25008378235016543,0.00123959923831653,0.25,0.0014251780872308276
11.0,1.6732704029662102,3.271492925043459,-0.01564728613510651,0.25011221721501264,0.0006008159593774761,0.25,0.001164188662728811
11.1,1.6987722729403503,3.2710953170822434,-0.015776855883225395,0.25032967102985615,-0.0016774507598411158,0.25,0.001636740977042082
11.2,1.7242771714596046,3.270690596049146,-0.016011736010309165,0.24986325069747814,-0.001106082865370911,0.25,0.001636740977042082
11.3,1.7497853976463962,3.2702824349320783,-0.01610213533781484,0.250389819171025,0.0005034440192382183,0.25,0.002749060065926458
11.4,1.7753020217664008,3.269872684591812,-0.01592143817565717,0.25011604325265935,0.0011169025987611775,0.25,0.002749060065926458
11.5,1.8008183128178046,3.269464282239998,-0.015717481399110715,0.2504217345590276,0.0018813355837056956,0.25,0.0027773440130009607
11.6,1.8263252384552455,3.2690635811256903,-0.015619986548865091,0.250077420206864,1.717189323566721e-05,0.25,0.0035833044407437807
11.7,1.8518278700940556,3.2686680523185148,-0.015615686260037143,0.24988614147448873,-9.292425860738764e-05,0.25,0.0035833044407437807
11.8,1.8773290390171722,3.268271714146204,-0.015631350121374916,0.25002217304035357,3.8893312521424906e-05,0.25,0.004990394131483355
11.9,1.8943286075630454,3.2680053200693293,-0.015553577096044944,0.24992358485901395,0.002175199913921847,0.25,0.004990394131483355
12.0,1.9198186124404832,3.267612906545842,-0.015316580154592627,0.24952515791310928,0.0028635972320971447,0.25,0.006363591767428628
12.1,1.9453065164967234,3.2672273156797402,-0.01505730994693289,0.25001357184631406,0.001925713901381134,0.25,0.007095632841011432
12.2,1.9708015194691484,3.2668497685815314,-0.014861336420234211,0.25004328177910534,0.00019674398387707257,0.25,0.007095632841011432
12.3,1.9963085356547634,3.2664711000472915,-0.014852003566353604,0.25007120546717093,7.081004597654636e-05,0.25,0.006634857766791527
12.4,2.0218176975325535,3.266092010192496,-0.014845795506990807,0.25006682741000363,7.394844458981618e-05,0.25,0.006634857766791527
12.5,2.047335623260746,3.2657161928133824,-0.01464370472435484,0.2503906701449681,0.0036799114112708127,0.25,0.007584734111072862
12.6,2.072858478538215,3.26534351061371,-0.01428366723915794,0.24996728649729272,0.0038742730493951626,0.25,0.008014733499906751
12.7,2.098379087375585,3.264980716740937,-0.013938363960804468,0.2502640132102579,0.0023790331476799226,0.25,0.008014733499906751
12.8,2.123880233378164,3.264624703716343,-0.013806510763401694,0.25046860591719056,0.001311328292330998,0.25,0.008264878678401043
12.9,2.149390374411528,3.26427333001888,-0.013687608615422644,0.2503637395930746,0.001070747097607926,0.25,0.008264878678401043
13.0,2.174887297565112,3.2639241527083716,-0.013543846594482873,0.2503895295385161,0.002384045527220949,0.25,0.007691254407631198
13.1,2.2003745462322053,3.2635821339832973,-0.013225733288175062,0.2505639868547087,0.0032764053904917427,0.25,0.007442634004702322
13.2,2.2258610825684157,3.263252073114567,-0.012897451486929211,0.24984329527923968,0.0031363465901562667,0.25,0.007442634004702322
13.3,2.251355797678944,3.2629244364535666,-0.012706011273832698,0.24986893670773908,0.0011961353702362183,0.25,0.008792966658416617
13.4,2.2768535766606615,3.2626020117710515,-0.012608089687411943,0.25050977654071327,0.0015038361531698257,0.25,0.008250210485157299
13.5,2.3023646664004107,3.262278360246915,-0.01253798619213019,0.25052764798888005,3.735318627246358e-05,0.25,0.008250210485157299
13.6,2.3193771091319313,3.26206607730719,-0.012424026573823839,0.2502770927032002,0.0035566131759783622,0.25,0.008041053091687152
13.7,2.3449002557540526,3.2617509088600283,-0.012098914711294517,0.25012602984177973,0.0036805733107966292,0.25,0.008041053091687152
13.8,2.370420852357505,3.2614454333634186,-0.01174799589798842,0.2506615523351398,0.004213891965732895,0.25,0.009699619306389922
13.9,2.395931089870385,3.261150629234812,-0.01147516465396018,0.25059005531164524,0.0018548962978791469,0.25,0.009699619306389922
14.0,2.4214346114458234,3.2608612253095792,-0.011337608642729114,0.2494692738781257,0.0010233180679876802,0.25,0.009284872401203152
14.1,2.4469411120028384,3.2605734464091753,-0.011182022723076173,0.2500065231093263,0.001631358910129721,0.25,0.009562785861387806
14.2,2.4724279718902005,3.2602898866740344,-0.010883584788380737,0.2496750168751975,0.003924635215405292,0.25,0.009562785861387806
14.3,2.497909830720536,3.2600192713434613,-0.010500810969252027,0.24982730562374322,0.0038810407849208073,0.25,0.00902603214464785
14.4,2.5233923344627467,3.259758250558542,-0.010160789684988035,0.24967393942102695,0.00242681459456494,0.25,0.00902603214464785
14.5,2.5489002183204046,3.2595014667632403,-0.010114597403518272,0.2500674672628105,0.000210019586479351,0.25,0.010003895305859179
14.6,2.5744085471776788,3.2592436897081116,-0.01003971492960704,0.2502478702945031,0.001995571931570486,0.25,0.010003895305859179
14.7,2.5999232971996196,3.25899233800718,-0.009823721690909134,0.2504622515319717,0.003192236661631775,0.25,0.009382967182940787
14.8,2.6254498989719206,3.258742171477114,-0.009415979945609112,0.2505838715970239,0.004248012746396371,0.25,0.008835971700153053
14.9,2.650974092065715,3.2585041679558757,-0.009064104500004123,0.25067601481056745,0.002701249611346415,0.25,0.008835971700153053
15.0,2.6764890631878853,3.2582763160186445,-0.00884072552037057,0.2500384749178321,0.00046093932593834516,0.25,0.00834466568374609
15.1,2.7019979048166505,3.2580502971560765,-0.008819726608041086,0.24959350131761188,0.0011971698338298568,0.25,0.008294167738427838
15.2,2.7190018436816015,3.257903110718864,-0.008757967633935092,0.25027211404673894,-0.000300326105909075,0.25,0.008294167738427838
15.3,2.744503570933512,3.257680215761281,-0.008572745856994633,0.24952941594005673,0.003559357701078953,0.25,0.008294167738427838
15.4,2.7699874711790238,3.257468436344585,-0.008242410968857866,0.24968642144597938,0.002534977533374497,0.25,0.0077944674416975685
15.5,2.7954720353976223,3.2572649539017755,-0.007919478309433943,0.2496783227238081,0.0034334790812038875,0.25,0.007398400218354384
15.6,2.8209695777458204,3.2570676290343816,-0.007807406021815196,0.2505236849731643,-0.002033223953477033,0.25,0.007398400218354384
15.7,2.846472362977892,3.2568690380784657,-0.00781886054533684,0.25020695504465457,0.0013466184207649647,0.25,0.007810993338116787
15.8,2.8719823146731485,3.2566702982199236,-0.007848158366787698,0.2498574911557117,0.0021439998583423813,0.25,0.007810993338116787
15.9,2.8975050752344633,3.256470306712304,-0.007602044682383089,0.2501077866943131,0.004444681618361438,0.25,0.008005063318005193
16.0,2.9230269953697654,3.2562852460432112,-0.007264310435109687,0.24968523786240546,0.004212294733583952,0.25,0.008110679987747824
16.1,2.948549239174899,3.2560999801823356,-0.006896686244723523,0.2504693410986869,0.0026099791694065744,0.25,0.008110679987747824
16.2,2.9740578846345516,3.255925899854315,-0.006857236343774004,0.25052714411051435,0.0008606986664416567,0.25,0.008470898474224805
16.3,2.9995664554135546,3.2557546833078406,-0.006723639596006245,0.2506123710597946,0.0015554400457124527,0.25,0.008470898474224805
16.4,3.0250666403627773,3.255584323520447,-0.006538882261514028,0.2503797429805579,0.0033532506965279502,0.25,0.007427368790689682
16.5,3.050555718294106,3.255420093502493,-0.006262287895714679,0.25056989390039736,0.003049592649445854,0.25,0.0075126433248448865
16.6,3.076048548851184,3.255263521587194,-0.005970578406083489,0.25024717806167535,0.0028082158773049524,0.25,0.006956348036129031
16.7,3.101548232913396,3.2551131282676917,-0.00576143144982647,0.25003301462884103,0.0009807512417168024,0.25,0.006956348036129031
16.8,3.1270571822836537,3.254966599762445,-0.005823867906698496,0.24987162904235907,-0.0011150216537520938,0.25,0.006088063571774972
16.9,3.144063848235016,3.2548663688928356,-0.005911441497461553,0.2497496909681075,-0.0009549798989547755,0.25,0.006088063571774972
17.0,3.1695809069855283,3.254714859751134,-0.005822670547997426,0.2498687002899333,0.002428718739060046,0.25,0.004090232003126453
17.1,3.195100560407477,3.254566353951847,-0.005611878941746916,0.2503979595070063,0.0017816023449629308,0.25,0.004090232003126453
17.2,3.220619412755172,3.2544241976869173,-0.00540082248615013,0.24984030887140163,0.0019680257421659493,0.25,0.003825712845649431
17.3,3.2461270976749312,3.2542866558083605,-0.005382651308033281,0.25012020367385845,-0.0002802445971816065,0.25,0.003825712845649431
17.4,3.271634443796589,3.254150666050845,-0.00541846609064949,0.25009704977533825,-0.0020877855240340752,0.25,0.0026757102671513544
17.5,3.297144350330937,3.2540126007700176,-0.005452848605701773,0.2501367884200307,0.00033485744192624254,0.25,0.0019169949157250635
17.6,3.3226451542462465,3.2538753242348073,-0.005300753936207631,0.2498863169330223,0.0010199025215058238,0.25,0.0019169949157250635
17.7,3.3481466337195305,3.2537396644825956,-0.005160701616155051,0.250193578348589,0.0017465901761764863,0.25,-0.000515910716226857
17.8,3.373651604732485,3.2536097363563408,-0.005099792531968261,0.24996545459170835,-0.0005238286290746096,0.25,-0.000515910716226857
17.9,3.3991572474097307,3.2534791458879497,-0.005265318683909785,0.249968850491646,-0.0019591516585492075,0.25,-0.0015379187010423762
18.0,3.4246672427173377,3.2533407051827985,-0.005564509053570229,0.2505531001097742,-0.0008724711410799872,0.25,-0.0017580858458810938
18.1,3.4501762840198404,3.253193275366875,-0.005635742554428618,0.2502214471042943,0.0006468396866627579,0.25,-0.0017580858458810938
18.2,3.4756925347425196,3.2530469318063053,-0.005538166571751995,0.24984644018000268,0.0006997652530854014,0.25,-0.006933334616841751
18.3,3.501196790225247,3.2528997483072186,-0.0056303916271861045,0.2503256291700536,-0.0006492326710760578,0.25,-0.010937136765491302
18.4,3.526695157419246,3.252751515442933,-0.005937321458287803,0.2506558018926226,-0.007170064291022939,0.25,-0.010937136765491302
18.5,3.543695753271124,3.252648506622689,-0.006249057646206399,0.24943248861496914,-0.003965699503487908,0.25,-0.010937136765491302
18.6,3.569207025794493,3.252486732623601,-0.006746757296446957,0.25000772062524895,-0.005318307994770778,0.25,-0.011743286515599062
18.7,3.594721184485249,3.252310946900959,-0.007034039156467075,0.24956152629398864,-0.0013623157984362984,0.25,-0.015135599477600473
18.8,3.620254496562842,3.2521373613714717,-0.007321422430981475,0.25084438505187,-0.003376812846365019,0.25,-0.015135599477600473
18.9,3.6457834121321104,3.251948131454226,-0.007627573107557978,0.2508441089554114,-0.002628607148044666,0.25,-0.015418732521228724
19.0,3.6712966244112346,3.2517529328269523,-0.008072240858706005,0.25004094467345755,-0.0038648462166969793,0.25,-0.015418732521228724
19.1,3.696799591041575,3.25154097372639,-0.00863576662646163,0.25022105307677517,-0.008001778618390333,0.25,-0.017825783186813875
19.2,3.722305677131602,3.2513108610600012,-0.009216741315867485,0.25003275004693115,-0.004860039369354404,0.25,-0.020433348783522952
19.3,3.747798324296006,3.251063381185734,-0.009670952949292466,0.24965593520525195,-0.004172001979941039,0.25,-0.020433348783522952
19.4,3.7732926077008857,3.250797192824454,-0.010133957370931663,0.25071404956371773,-0.004799279138786903,0.25,-0.018645429446183776
19.5,3.7987930850601037,3.250530313055603,-0.010553029223111103,0.2511349070174022,-0.004760263118850996,0.25,-0.018645429446183776
19.6,3.82429924262118,3.2502592056433692,-0.011050084280284223,0.24885900956490906,-0.005067000749974851,0.25,-0.019908984870584193
19.7,3.849814128617667,3.249978006664341,-0.01167818699137184,0.2488405862587448,-0.007630941288439099,0.25,-0.02095152343096464
19.8,3.875349934951177,3.2496766358385507,-0.012150872072540437,0.25164124949798666,-0.00295134003179549,0.25,-0.02095152343096464
19.9,3.900885941696669,3.249372339625663,-0.012580439651745224,0.2504140230110416,-0.0043370600093742325,0.25,-0.005489681528295889
20.0,3.926397992494802,3.2490541136770354,-0.012686106786048706,0.25031949675149295,-0.0005231696661580563,0.25,-0.009817743760723002
20.1,3.9519043281314974,3.248730131657705,-0.012939575579593073,0.25010784923602597,-0.0027953248798901044,0.25,-0.009817743760723002
20.2,3.9689050300611743,3.2485098878870544,-0.013148661415473065,0.2499163337678021,-0.002634125884545425,0.25,-0.014424594702926952
20.3,3.9944127426054736,3.248171213460286,-0.013631979740221145,0.25094024392059766,-0.0046761157229086555,0.25,-0.014424594702926952
20.4,4.019912902094666,3.2478177360941043,-0.014047133043721486,0.25014659205881046,-0.003324721544816543,0.25,-0.015750037785821257
20.5,4.045414700742306,3.2474466525994097,-0.014361851131945337,0.2496625701032897,-0.002841039951436704,0.25,-0.015750037785821257
20.6,4.070908965128341,3.2470689520874543,-0.014694022509755478,0.2503654584812532,-0.003271863234458838,0.25,-0.01696916805469289
20.7,4.096410639219152,3.246697477162638,-0.015084348291134933,0.2513186813887941,-0.004647413386189245,0.25,-0.034511288841030004
20.8,4.121917400829461,3.24631355114388,-0.01606174085623317,0.2521791832328,-0.011264370101597636,0.25,-0.034511288841030004
20.9,4.147420919041691,3.2458881318594015,-0.017090596860772057,0.2485297910627317,-0.006909099847463886,0.25,-0.03617937680266202
21.0,4.172989621183068,3.2454551786657118,-0.017804903762943813,0.24834237999049188,-0.008691689172304784,0.25,-0.03617937680266202
21.1,4.1985443871616965,3.244999388467028,-0.018642298959255812,0.25098917903086826,-0.008965055745222824,0.25,-0.036793916889326136
21.2,4.224096427159223,3.2445258315001095,-0.01951207005052695,0.24824200199188232,-0.012080988547968154,0.25,-0.036793916889326136
21.3,4.249596007135792,3.2440228069069974,-0.020687535817335914,0.2500757720665562,-0.011707032136983347,0.25,-0.04490370343044951
21.4,4.275103777896814,3.2435061948137203,-0.021935216188373196,0.250443277541704,-0.015193093862031696,0.25,-0.04477192242290829
21.5,4.300573774492469,3.242925206253661,-0.0231676748118774,0.24996300398963328,-0.010450643988412028,0.25,-0.045410838039316476
21.6,4.326014918445037,3.242313757590347,-0.0242592129954519,0.2498195207986567,-0.010572925841467745,0.25,-0.045410838039316476
21.7,4.342973383313637,3.241889331721455,-0.024984529616855083,0.24927251994614275,-0.010936979118672563,0.25,-0.046306264160068195
21.8,4.368457545584882,3.2412338616409553,-0.02607342138238592,0.2533383526676372,-0.011418183861937692,0.25,-0.046306264160068195
21.9,4.393960233084757,3.2405582461685563,-0.027447628500436156,0.2514597872283341,-0.012843242268860256,0.25,-0.04517917907535718
22.0,4.419462788980282,3.239842253171235,-0.028814046988237772,0.2513759253881467,-0.011459379742074022,0.25,-0.04517917907535718
22.1,4.445026784056916,3.239097093946451,-0.029856571274145913,0.2534670077769555,-0.007890501571621827,0.25,-0.04674896283766676
22.2,4.4706202753740385,3.2383423526986586,-0.030901724010771084,0.252318296068907,-0.011259423695617006,0.25,-0.05102501298581157
22.3,4.4961950160298985,3.237552897287098,-0.03207512806895142,0.2524514707405333,-0.011557476473542784,0.25,-0.05102501298581157
22.4,4.521664364593322,3.2367254569917105,-0.03370569007169456,0.25052122230954516,-0.017567906736315145,0.25,-0.056230645466214466
22.5,4.5471450092840255,3.235850337827688,-0.03552372535202911,0.2475718249069504,-0.01574229101811487,0.25,-0.056230645466214466
22.6,4.5726733623747995,3.2349707416987417,-0.0372743345088875,0.249678153229757,-0.014649406338958353,0.25,-0.057427389897313025
22.7,4.5980800518319445,3.2339915831678203,-0.03868189062261746,0.2514795523389634,-0.013750661369941278,0.25,-0.06031696616261506
22.8,4.623478211863928,3.232986890969721,-0.040245986423939145,0.24836665538097621,-0.013298277028919493,0.25,-0.06031696616261506
22.9,4.648973315517369,3.231950363509628,-0.04173308887931994,0.25329708077206176,-0.019088448553921777,0.25,-0.06537386040364901
23.0,4.6744923670062954,3.2308810913898176,-0.04354522162270122,0.24754664135265006,-0.015087954824140307,0.25,-0.06925641029008095
23.1,4.6999987095625375,3.2297519149527267,-0.045395572242623534,0.24902067691387947,-0.01788790932097161,0.25,-0.06925641029008095
23.2,4.72560328334308,3.2285797352928496,-0.047008860523575745,0.2509940283428106,-0.013759863287834552,0.25,-0.07362127729550536
23.3,4.74271290651049,3.2277799198864687,-0.04798382706064082,0.25417100149397165,-0.016833658036728556,0.25,-0.07362127729550536
23.4,4.76826215215459,3.2265560705455836,-0.04974166323670005,0.25006463963165526,-0.022017326327477812,0.25,-0.07842272000617483
23.5,4.793597064852086,3.225305296852541,-0.051967045903677705,0.24521903181374324,-0.01830690700272681,0.25,-0.07842272000617483
23.6,4.819068951137827,3.22396648724143,-0.05452205214921492,0.25054277860874646,-0.021542362728937857,0.25,-0.07853363508473792
23.7,4.844517135384007,3.222561132647783,-0.05706465765261313,0.2500486817741355,-0.02378084937537436,0.25,-0.08685496775726298
23.8,4.869843547688831,3.2210957231992174,-0.059560392271911775,0.24435398430680472,-0.022272549880966167,0.25,-0.08685496775726298
23.9,4.89519492960063,3.219523592982925,-0.061875323446510665,0.24895582501100644,-0.02006314902335002,0.25,-0.09690813299862039
24.0,4.92061995711033,3.217902511881564,-0.06442251918718539,0.25107571484230506,-0.030136864461115666,0.25,-0.09690813299862039
24.1,4.946292651766043,3.2162447965521683,-0.06746242037700627,0.25540720176149156,-0.025860160175320494,0.25,-0.1023790057313152
24.2,4.971773357193304,3.2145258289197636,-0.0702021581731829,0.25096485011260533,-0.023362936088597373,0.25,-0.11109418710220031
24.3,4.997349208411883,3.212729887648679,-0.07317240492101913,0.2570606913330413,-0.023738879622039428,0.25,-0.11109418710220031
24.4,5.023080471138642,3.210884211056515,-0.07573391780922428,0.25196310762369545,-0.03075898845683507,0.25,-0.11682448110657571
24.5,5.0482883635072255,3.208939018553504,-0.0793679272891909,0.2503760964658087,-0.03199217470822309,0.25,-0.11682448110657571
24.6,5.0734137950524705,3.206929092329854,-0.08278246297575816,0.24956564533488532,-0.04938328643462557,0.25,-0.12515107081196927
24.7,5.098803257576713,3.204817652372979,-0.08734084004439356,0.24942873777198554,-0.03978167947767776,0.25,-0.1319445392648983
24.8,5.124216368083347,3.2025291700245613,-0.091637137931661,0.25392656442830874,-0.046112796601510124,0.25,-0.1319445392648983
24.9,5.149327383904288,3.2001894764538656,-0.09550294286317161,0.24917316240686427,-0.030357410281502323,0.25,-0.13513354480471976
25.0,5.166095046215222,3.1986047574690097,-0.09808122544954317,0.25518602345762476,-0.043922852183094115,0.25,-0.13513354480471976
25.1,5.191673762115763,3.1960664026892394,-0.10210209627620889,0.25045700736241067,-0.03880282397407061,0.25,-0.1394913892542291
25.2,5.217400392997819,3.193413064493531,-0.10614586355068638,0.25663705107558216,-0.053997324489725065,0.25,-0.14490944908428235
25.3,5.242780862901563,3.1907038543092807,-0.11029603010448218,0.25595126684168434,-0.024331426612651513,0.25,-0.14490944908428235
25.4,5.268121785682179,3.187918622848408,-0.11321311518942447,0.25810133245403083,-0.02913871263664624,0.25,-0.14849231616641584
25.5,5.293653399828034,3.185002789913022,-0.11746723303328777,0.24307571048741258,-0.045850499219720633,0.25,-0.14849231616641584
25.6,5.318511862446445,3.181974865928045,-0.12210926850178974,0.24081177325773176,-0.046082030608791645,0.25,-0.1517094463077437
25.7,5.343420003711131,3.1788990647000026,-0.12667831241502311,0.24562018583836423,-0.05433585017056771,0.25,-0.1574308197338707
25.8,5.368572049547208,3.1756890528748,-0.13234406436406992,0.24760015319583903,-0.052280211530887986,0.25,-0.1574308197338707
25.9,5.393815838804878,3.172354688751414,-0.13782108432490797,0.2546583994193299,-0.058147222319090426,0.25,-0.16132687240196067
26.0,5.41897543807291,3.168902315285227,-0.14365198888438635,0.2511693487004769,-0.05947249380376227,0.25,-0.16132687240196067
26.1,5.4444163991131305,3.1651913185388274,-0.14943615590917272,0.25697967192968973,-0.04997925255640199,0.25,-0.1627889171881002
26.2,5.470098480244784,3.161287184963647,-0.15401559835972434,0.2556763320366186,-0.042284214360452835,0.25,-0.16948220269481282
26.3,5.495902819274494,3.1573375845796634,-0.15831825054522178,0.24665547925742143,-0.053227412173884915,0.25,-0.17002399565772874
26.4,5.5211128132353915,3.1532806550839076,-0.16305808834195457,0.2493431522026034,-0.03419237768750359,0.25,-0.17002399565772874
26.5,5.546162632232566,3.1492072221120937,-0.1661396767510647,0.2517888208867766,-0.02757993051667067,0.25,-0.17094406981450827
26.6,5.562801987336852,3.146421513075534,-0.1684008026241924,0.2449137106083452,-0.04242899354196952,0.25,-0.17094406981450827
26.7,5.587308940097944,3.1421628776498878,-0.17282103349224534,0.24094952006996564,-0.04364631491833248,0.25,-0.1779332627121892
26.8,5.6118300927041975,3.137795995082578,-0.17781088279990942,0.24545960424584062,-0.04554512580516321,0.25,-0.1779332627121892
26.9,5.636540874338834,3.133286394868707,-0.18420926724639394,0.2522987785360417,-0.08375762712093303,0.25,-0.18526944942843032
27.0,5.661542510181744,3.1289414893706264,-0.19261302783765127,0.24769799617964253,-0.07773526515150338,0.25,-0.18526944942843032
27.1,5.686494712975678,3.124371327673026,-0.20099020086330602,0.25099532415563447,-0.08013337731650945,0.25,-0.1842387388019126
27.2,5.71171704655075,3.1192349348785173,-0.2079103106213024,0.25612340544473283,-0.04829233960876529,0.25,-0.1939569705653078
27.3,5.737549053089762,3.11387296009099,-0.21276103514315797,0.25283911904982287,-0.0530984810304377,0.25,-0.1939569705653078
27.4,5.763231560378637,3.108362033842633,-0.21797381525011114,0.2586623644476438,-0.04654100972074033,0.25,-0.1912417293676986
27.5,5.788364715924789,3.1028382353238064,-0.22293075774294827,0.24969299584397092,-0.04986817688508096,0.25,-0.1912417293676986
27.6,5.813108706348765,3.0972895479123,-0.22813312086489665,0.2513720296334149,-0.05745790411850152,0.25,-0.19786926851966025
27.7,5.837814930836159,3.091587022466491,-0.23469523902354103,0.24098428850835693,-0.06601225797433001,0.25,-0.19786926851966025
27.8,5.861697740047945,3.0856971012364793,-0.24003994582269564,0.24103597932725823,-0.0554944825724413,0.25,-0.20285809120375742
27.9,5.877709260136673,3.0816807152933805,-0.24376938028552714,0.23940986304708162,-0.06132534095073162,0.25,-0.20285809120375742
28.0,5.902136051419299,3.0755076224810485,-0.2518029517169163,0.25442840671966926,-0.07671580415551359,0.25,-0.20875682542762813
28.1,5.926755480966824,3.069163033557243,-0.26051544173355057,0.2530067790703024,-0.09735171963959256,0.25,-0.20875682542762813
28.2,5.951348744081727,3.0627977401135076,-0.27053644077439915,0.2511741143631937,-0.10577903610826601,0.25,-0.21112987717085283
28.3,5.975963573425453,3.055962523068032,-0.2796727439079592,0.2511447450007025,-0.07748552414608992,0.25,-0.21181092529080087
28.4,6.001342979607122,3.0487501465483744,-0.28611711417192753,0.25896847056237376,-0.05364532797323581,0.25,-0.21181092529080087
28.5,6.0264546157705485,3.041365716486476,-0.29238344581300535,0.2396003518614481,-0.07753816569889034,0.25,-0.21202003154948695
28.6,6.050978114797043,3.0338852421374467,-0.30296712384809626,0.24024016649452443,-0.10305574945506464,0.25,-0.21202003154948695
28.7,6.07529562749261,3.0260717872324743,-0.3123691310879879,0.2557689256836746,-0.08683373775293977,0.25,-0.21441795861547044
28.8,6.099512634082356,3.0182645283751763,-0.32127672774010957,0.2428376833372565,-0.09362061135829253,0.25,-0.21441795861547044
28.9,6.12336770498439,3.010216478294173,-0.33245417691562,0.23845214522961564,-0.09769025377646882,0.25,-0.21537986411219906
29.0,6.147047270512333,3.0019411194842958,-0.3433117448616515,0.2516603511035921,-0.11426909833402256,0.25,-0.2157197188242478
29.1,6.170871004683997,2.993300553223123,-0.35486137757844044,0.24738600313900905,-0.10222251730536892,0.25,-0.21218065228000046
29.2,6.194747178394635,2.9845483587261605,-0.36507975827259037,0.24974906832250185,-0.10014350440814664,0.25,-0.21218065228000046
29.3,6.218637465462772,2.975477524403299,-0.37326914906526,0.2491442480105608,-0.07172604516489933,0.25,-0.20771382418713247
29.4,6.234685927860115,2.9692516025985616,-0.37796149141829605,0.2532712013172755,-0.07247709146468193,0.25,-0.20771382418713247
29.5,6.258748768269377,2.9597064142898235,-0.3867927767664841,0.2632193337845897,-0.08891177818222705,0.25,-0.20029758831992545
29.6,6.2827858959491705,2.94991134674584,-0.39572526152520326,0.26132435480477506,-0.0828667718567588,0.25,-0.20029758831992545
29.7,6.306606926326074,2.939920253635549,-0.4034860348753483,0.2572499890281611,-0.06857339382488244,0.25,-0.20508881558621284
29.8,6.330091189215686,2.9298952946997394,-0.4116994608148995,0.2430423641022698,-0.11506421218640636,0.25,-0.20508881558621284
29.9,6.353330677566889,2.9195097971736956,-0.42328781227850193,0.2406053073277319,-0.09500821040997659,0.25,-0.20635037486469332
30.0,6.3763190059680115,2.9090270687135646,-0.4340035350581812,0.24436700692139762,-0.10952502319094368,0.25,-0.20799032505298795
30.1,6.3990853121699836,2.8984834370725245,-0.44346932988478854,0.246383098575283,-0.08954123873475489,0.25,-0.20799032505298795
30.2,6.4217082558030345,2.887784976770951,-0.4526456377959448,0.24846528474321777,-0.08858683298042228,0.25,-0.2055281252895952
30.3,6.444486660887796,2.876740160337976,-0.4611649302217741,0.24715980892712794,-0.08117006581937705,0.25,-0.2055281252895952
30.4,6.467614245038948,2.865311043157806,-0.46879349839496914,0.25082779608378003,-0.07386887122598666,0.25,-0.2070262492336251
30.5,6.490675115584113,2.853703269763615,-0.47671880728947535,0.2611335467669805,-0.07880464446869431,0.25,-0.20717535716059962
30.6,6.513712215925361,2.8417700030395903,-0.4855035233688774,0.2597258377158382,-0.08668261173073627,0.25,-0.20717535716059962
30.7,6.53660443626446,2.8296517273344164,-0.4948028887462452,0.2604195883916137,-0.08111273396724311,0.25,-0.20801536559152675
30.8,6.559354390995569,2.817314952066097,-0.5038987304658674,0.2527945913720956,-0.09761983905184866,0.25,-0.20908227085502704
30.9,6.5743703196695185,2.80913300175375,-0.5099710172893944,0.24761358408398393,-0.07859333081383786,0.25,-0.20908227085502704
31.0,6.596495437711677,2.7966614578870477,-0.517817674039863,0.2386001495594086,-0.07698589674964383,0.25,-0.20659898176772062
31.1,6.618479700533192,2.7840831761301206,-0.5261563875691325,0.24007198461637036,-0.0899287032080851,0.25,-0.20659898176772062
31.2,6.640207677470953,2.7715328434939503,-0.5355741332863917,0.25256416435178825,-0.0941888812423435,0.25,-0.20782868543205946
31.3,6.661800329045737,2.758923540603118,-0.5449875538607765,0.24342398825690556,-0.09447041465935091,0.25,-0.20782868543205946
31.4,6.683245915756557,2.746116111186383,-0.5544346561191775,0.240872357391341,-0.08453925384956887,0.25,-0.20427931997927506
31.5,6.7049076994304455,2.7326068994447783,-0.5628052134127679,0.24745909064330682,-0.08267005486964706,0.25,-0.20334119729291034
31.6,6.7268334844468045,2.718915660761711,-0.571079460631106,0.2614066345603774,-0.08094807166097932,0.25,-0.20334119729291034
31.7,6.748727405204169,2.7049642507171408,-0.5796933786673512,0.25502680983695963,-0.1011813472247541,0.25,-0.2023853998798484
31.8,6.770344389221652,2.690551873591532,-0.5890401592221618,0.2503578094831956,-0.07897995692502202,0.25,-0.2023853998798484
31.9,6.7918230034305935,2.676040848722244,-0.5967921965681394,0.25688552155817856,-0.08607004069014555,0.25,-0.20236763723885443
32.0,6.813055969982802,2.661554280288703,-0.6055233546927736,0.25240788406208725,-0.07977371286710547,0.25,-0.20236763723885443
32.1,6.8339751512702565,2.647002213245132,-0.6136019379035853,0.2455400951068594,-0.08195812339500666,0.25,-0.2016241326839185
32.2,6.854679101277221,2.6322570069308657,-0.6217669605506623,0.2508878151669617,-0.08763564858019862,0.25,-0.19947213780978207
32.3,6.875071841622772,2.617500726723413,-0.6307641753559533,0.24060261750379577,-0.08638600407513154,0.25,-0.19947213780978207
32.4,6.895384159791105,2.6030137240666984,-0.639493878901157,0.24001797021787208,-0.082784339802101,0.25,-0.19883805829937953
32.5,6.908848497663286,2.593141420058264,-0.6452951578054373,0.2478432790877691,-0.09024129225362383,0.25,-0.19883805829937953
32.6,6.929317437392322,2.5776139060697836,-0.6539895210435739,0.25547890064345485,-0.08481067665518661,0.25,-0.19361661712196354
32.7,6.949589105667877,2.562039968089505,-0.6627082606145279,0.2560318067129544,-0.08520724756050597,0.25,-0.19222366040062788
32.8,6.969921777173863,2.54617515318943,-0.6710825894848301,0.24017953927253924,-0.05507666874047615,0.25,-0.19222366040062788
32.9,6.990095335356953,2.529838136714198,-0.6784853600619547,0.24749153621012895,-0.08186389191624775,0.25,-0.1901403316801455
33.0,7.010107222606551,2.5137555999427708,-0.6869291061612943,0.2585486201258754,-0.08492111136951637,0.25,-0.1901403316801455
33.1,7.029539412669494,2.4976578618891243,-0.6948888083139192,0.2456743217995005,-0.07646138364204712,0.25,-0.1926750342170408
33.2,7.049027263517589,2.481358483708787,-0.7028589270551614,0.24670343140084808,-0.08397008369205246,0.25,-0.19190144234402848
33.3,7.068430923883526,2.4648193149041515,-0.7107794445168519,0.24896647416917358,-0.07751751782731048,0.25,-0.19190144234402848
33.4,7.087465952387687,2.4483816990621907,-0.7197355392058229,0.24435104099476684,-0.07943511182526268,0.25,-0.19440471195029851
33.5,7.10645211528433,2.4320919973290316,-0.7280112336222276,0.24656638590062024,-0.08037572019336339,0.25,-0.19440471195029851
33.6,7.125450517735317,2.4150191129515233,-0.736394643883136,0.2560179822149227,-0.0795397932977782,0.25,-0.19089626136724577
33.7,7.144784402440563,2.3976299563695647,-0.7445458078051882,0.24966599804200312,-0.0861770948305648,0.25,-0.19084840747571258
33.8,7.163477071151511,2.380347544479912,-0.7533685643384548,0.2535525508472225,-0.08655649912483525,0.25,-0.19084840747571258
33.9,7.182135046773653,2.3627502247610592,-0.7620728455674876,0.2568254578594838,-0.07654418703471041,0.25,-0.19039147983010574
34.0,7.20067351980393,2.3449300245200964,-0.7701843869979386,0.2457324350730774,-0.08078209045829314,0.25,-0.19011377237167443
34.1,7.2127225740478424,2.3332219100033895,-0.7756356421617501,0.24517137135876546,-0.08275933880885061,0.25,-0.19011377237167443
34.2,7.23068183627959,2.3154964708475503,-0.7839169211595384,0.2524160374086877,-0.08196193990167815,0.25,-0.1897005229715815
34.3,7.248605961748163,2.2976507578552887,-0.7918606565149393,0.25041860987344866,-0.074131556939683,0.25,-0.1897005229715815
34.4,7.266479175873107,2.279623194601811,-0.7994646024918397,0.24924371853450838,-0.07438238946077343,0.25,-0.1881622373258009
34.5,7.284213828940612,2.261541473509439,-0.8070248513347409,0.24903388202145318,-0.07438042158711602,0.25,-0.1881622373258009
34.6,7.301818755700092,2.242933442045064,-0.8153167746453849,0.25792772388096774,-0.07765543455208815,0.25,-0.1867225893128277
34.7,7.31965763065069,2.224067076883551,-0.8238146580054743,0.2573027251981099,-0.08576601517853556,0.25,-0.18522428377482936
34.8,7.337120679634282,2.205077936526133,-0.8323665408612644,0.24268434994247917,-0.09451336344259362,0.25,-0.18522428377482936
34.9,7.35425773895163,2.186202641876482,-0.8401549943575511,0.2591346524286671,-0.07012201973515986,0.25,-0.18455248514490158
35.0,7.37122813569004,2.1674194695555653,-0.8478355254720349,0.24599492797136127,-0.07798479495538177,0.25,-0.18455248514490158
35.1,7.387971491616285,2.1485816259264148,-0.8559008506398235,0.25226343221030334,-0.08061292890400389,0.25,-0.18195051065292295
35.2,7.404352077701613,2.129511088903735,-0.8642435735279007,0.2452247455662394,-0.08841689936218892,0.25,-0.18360682956500804
35.3,7.420693699102581,2.110276883493577,-0.8727804955303688,0.2478373862428113,-0.08273728764762886,0.25,-0.18360682956500804
35.4,7.436987359073933,2.0908674792460786,-0.8804306302837188,0.2479876264101839,-0.06787684659147952,0.25,-0.18166624031464837
35.5,7.453194119355853,2.0711892187231435,-0.8873376306026678,0.25504811446377795,-0.06708916968114928,0.25,-0.17103214919091492
35.6,7.463917553095018,2.0580675089811638,-0.8918001914382866,0.25438837673164827,-0.06237449358012528,0.25,-0.17103214919091492
35.7,7.479975919130677,2.0380746767936286,-0.8987998888568809,0.24807992833113143,-0.0862228863938327,0.25,-0.16887323202161797
35.8,7.496127164948903,2.017809948265919,-0.9070021685740769,0.25786899684043624,-0.07792079510184792,0.25,-0.16887323202161797
35.9,7.512133844016782,1.9974094570921817,-0.9149561589641014,0.2550228249000885,-0.07946588874164161,0.25,-0.17462849642992195
36.0,7.527657193346862,1.9770889179065185,-0.9225078670446526,0.24956431691011075,-0.06744736998594414,0.25,-0.17462849642992195
36.1,7.54300000197951,1.956815862685162,-0.929515844424271,0.24856070603893596,-0.06805606840554937,0.25,-0.1771343586360088
36.2,7.558202482890286,1.936626002389356,-0.9366103142329311,0.24904920797080682,-0.07030465475273061,0.25,-0.1771343586360088
36.3,7.573035643810527,1.916294341418695,-0.9443985155206127,0.24419059413092556,-0.07964478861557175,0.25,-0.1767915449239689
36.4,7.587699193484217,1.8958234197282848,-0.9531878109343699,0.2537306668891331,-0.09186218034142189,0.25,-0.18007917514458371
36.5,7.602304308509362,1.8751762086143489,-0.961660331939427,0.24861288333794596,-0.06920834374001068,0.25,-0.18007917514458371
36.6,7.616858097735148,1.8542905334383306,-0.9681860422002275,0.24855168811001455,-0.06586960788480191,0.25,-0.17961487642069196
36.7,7.631304539796972,1.8333424628701456,-0.9746468051330768,0.2539406070523115,-0.06232633477349866,0.25,-0.17961487642069196
36.8,7.645607107649034,1.8121212796316506,-0.9812357256625983,0.2504413388723091,-0.06983807360512742,0.25,-0.17919452550601986
36.9,7.660153072102082,1.7905745207479247,-0.9892742350810548,0.2558163686588449,-0.08445616451539875,0.25,-0.18031963172251053
37.0,7.674497707418865,1.7688807701560754,-0.9973204815377467,0.25148262461224846,-0.08182837723310173,0.25,-0.18031963172251053
37.1,7.68831855178287,1.7473033341772768,-1.0055412717043934,0.25548783874783076,-0.06637022695512795,0.25,-0.1820877605698217
37.2,7.701944619938534,1.7259552828164233,-1.012351635794882,0.2436412464664588,-0.06875847794020908,0.25,-0.18183401988056397
37.3,7.710970968921966,1.7116323144011614,-1.0170668157942342,0.2519470135289708,-0.08048821733127166,0.25,-0.18183401988056397
37.4,7.724317295788566,1.689923994714541,-1.0251295721412608,0.2489949926237628,-0.07772881068815386,0.25,-0.18253521446945337
37.5,7.7372907468035415,1.6684366440306235,-1.0332547695077983,0.24485714807411224,-0.08434126929489952,0.25,-0.18253521446945337
37.6,7.750184324992454,1.6467091428853153,-1.041764554479843,0.2549695460551003,-0.07759959172731361,0.25,-0.18313303340308298
37.7,7.763026121017022,1.6247881611936172,-1.0483913882039544,0.25083680866075475,-0.06070540910320003,0.25,-0.18313303340308298
37.8,7.775728283007277,1.6026729205258594,-1.054746209383949,0.24736002921773423,-0.06925838957295707,0.25,-0.1828816184787496
37.9,7.788348454909366,1.5804046380493482,-1.062971721011716,0.24126902447832138,-0.0761478211865913,0.25,-0.18219632777769856
38.0,7.800837779366945,1.5576044647767149,-1.0701750684463098,0.25757853437958267,-0.06029604950706379,0.25,-0.18219632777769856
38.1,7.813189576320805,1.534553166562088,-1.0765918005475148,0.26044743095253803,-0.07067479478728785,0.25,-0.1833525758175137
38.2,7.825318827152715,1.511948266740637,-1.0843349047409423,0.2502993297771852,-0.06315341097926665,0.25,-0.1833525758175137
38.3,7.837238382922866,1.4894803802748493,-1.09099240016072,0.25207459312249303,-0.06970923882922243,0.25,-0.18119493311356694
38.4,7.848995037595691,1.4669059840736298,-1.0989637133474526,0.2534037855240762,-0.08597367332675167,0.25,-0.1826170606213497
38.5,7.860453403683375,1.4443297620329663,-1.1082981167106503,0.2513699899847978,-0.08715251465057255,0.25,-0.1826170606213497
38.6,7.871709791247047,1.4220067150597193,-1.1146089804822676,0.24151394023362133,-0.057414156029337055,0.25,-0.1777797788583269
38.7,7.882819645760478,1.3996764878020493,-1.120270670642323,0.2456861208715293,-0.058089180981304035,0.25,-0.1775631478085882
38.8,7.893958763877928,1.3767216783186065,-1.12645935619004,0.25333086041211134,-0.06832750185703149,0.25,-0.1775631478085882
38.9,7.901350155889641,1.361360184349975,-1.1317498535706583,0.24427005041262517,-0.08384730672161823,0.25,-0.18534139805913946
39.0,7.912298544550248,1.3382458932125214,-1.1405330973030923,0.25618143475692673,-0.09039912185239705,0.25,-0.18534139805913946
39.1,7.923071267450274,1.314718145299305,-1.14879671955505,0.2533091467125132,-0.06070806316014735,0.25,-0.18503236732538714
39.2,7.933553923645902,1.2907150924651114,-1.154283270413484,0.24275742451695032,-0.0489506535295464,0.25,-0.18503236732538714
39.3,7.943942573525457,1.2666483978415175,-1.159622772185063,0.25146098531475825,-0.055443396606922574,0.25,-0.1828337034016574
39.4,7.9540862940139725,1.2431381051838455,-1.1670125087754755,0.2526863975763249,-0.08387295927493352,0.25,-0.1828337034016574
39.5,7.964068459751486,1.2197107428859695,-1.1755696764564354,0.2479944699687979,-0.08509509688236941,0.25,-0.1879695404073562
39.6,7.973766786262043,1.196222441810128,-1.1846027652866633,0.2464895629882669,-0.08762886865162375,0.25,-0.19177865549880432
39.7,7.983231319339424,1.1730408503695262,-1.1914088381914523,0.2489354703408899,-0.05391345773594949,0.25,-0.19177865549880432
39.8,7.9925410625415525,1.1498431987662998,-1.1970939434360506,0.24615394163889529,-0.05586513126531153,0.25,-0.18993984687680088
39.9,8.001737990569353,1.1266397161734174,-1.20259974011386,0.25053335796585036,-0.06120208234381658,0.25,-0.19326602182815092
40.0,8.011104938937965,1.1028263577719444,-1.2108789691834636,0.25193821426000934,-0.09234108080726176,0.25,-0.19326602182815092
40.1,8.02027298215276,1.078919466625105,-1.2203099713155743,0.2585457444987524,-0.09318782748998185,0.25,-0.19568014917856974
40.2,8.029078668007143,1.0545003164053903,-1.227301399075517,0.24661312748580477,-0.057193603113872615,0.25,-0.19758401879338075
40.3,8.037734105185766,1.029723311598172,-1.232611112602493,0.2582684127013087,-0.05030207336905311,0.25,-0.19758401879338075
40.4,8.046247509817157,1.0049235111380144,-1.2380944178851925,0.2497473009097674,-0.056857209611039454,0.25,-0.19749440363809984
40.5,8.051900654897878,0.9886268124733215,-1.2424987149595044,0.2509408745206898,-0.0871187582594596,0.25,-0.19749440363809984
40.6,8.06013491781913,0.9644279415702329,-1.2515961650776477,0.2545217711584866,-0.08324603754425088,0.25,-0.19936539206590656
40.7,8.06806085230764,0.940290113136737,-1.260470996477557,0.2504654078834055,-0.08802240702879714,0.25,-0.19936539206590656
40.8,8.075791365590467,0.9162990184083614,-1.2688444593870702,0.2608506379902318,-0.05898361439159842,0.25,-0.20000390302846532
40.9,8.08326416648458,0.89247461501653,-1.2748894494261174,0.24081138770861124,-0.054939720926698084,0.25,-0.20037608974975019
41.0,8.09062737177004,0.8689390864617399,-1.2803001671903298,0.2398893156440922,-0.047908497032678715,0.25,-0.20037608974975019
41.1,8.097863175842262,0.8446363212421714,-1.286744023306016,0.24168723379986454,-0.07323270617811088,0.25,-0.20235181929735724
41.2,8.104945297645438,0.81993219648923,-1.295228438206184,0.2447616536944817,-0.08401149617778046,0.25,-0.20235181929735724
41.3,8.11192987507198,0.7950201163899304,-1.3029241674983756,0.2616515519099298,-0.0756264099870414,0.25,-0.2062319009688088
41.4,8.118751000919529,0.7697230862512131,-1.308797720418591,0.2626725619356871,-0.058124267348710214,0.25,-0.20856159346758057
41.5,8.125385251083596,0.7443328195513854,-1.3142960720317085,0.25775618467996847,-0.05388045110590142,0.25,-0.20856159346758057
41.6,8.131744519824965,0.7198082021567461,-1.3221227981025425,0.25514817657474015,-0.09299649307402848,0.25,-0.20833947096272137
41.7,8.137974480343036,0.6951532648800693,-1.3322189979778833,0.25115370792282715,-0.10065646656993621,0.25,-0.20833947096272137
41.8,8.143942689367206,0.6704171229535072,-1.341910105138717,0.24720708535086278,-0.09970627974940502,0.25,-0.20478179154219525
41.9,8.149560863200065,0.6458072489201238,-1.3505868822597287,0.2588757681593254,-0.06991943939509217,0.25,-0.20642053534839214
42.0,8.155045736345174,0.6215022471207904,-1.3569079705711198,0.2500513850073936,-0.050141425437655394,0.25,-0.20872925214709273
42.1,8.160361249710146,0.5966459366310803,-1.3627173106859978,0.258983855921531,-0.07609189916817248,0.25,-0.20872925214709273
42.2,8.163816189128143,0.5797881295649716,-1.3680580426002829,0.24176396416115867,-0.08822507200557303,0.25,-0.20872925214709273
42.3,8.168915601066685,0.5546694605980099,-1.3771566044481702,0.25684810996656215,-0.05143755840413094,0.25,-0.2106636861564001
42.4,8.173814341510154,0.5293689978937557,-1.38390604482035,0.2636957933158521,-0.05585556434834033,0.25,-0.21250145457353828
42.5,8.17859018428516,0.5034682282146169,-1.3886913235346783,0.24397478029918623,-0.05736449155968205,0.25,-0.21250145457353828
42.6,8.183156401861,0.47878140136037534,-1.395845034091223,0.23946463562399545,-0.08388118093749675,0.25,-0.21785013013650026
42.7,8.187470635372428,0.4541096551352597,-1.405335133919739,0.2469940325302095,-0.10092629011180664,0.25,-0.21785013013650026
42.8,8.19168171116429,0.4290224134490279,-1.4161365566325006,0.2505002098573621,-0.07504261227377292,0.25,-0.2206145822671842
42.9,8.195565084415769,0.40374135680764855,-1.4231715647230452,0.2586493487411166,-0.06069694098690329,0.25,-0.22120596112105906
43.0,8.199283902972342,0.3788895307419915,-1.4292894025549228,0.23703172593345445,-0.048303374226916426,0.25,-0.22120596112105906
43.1,8.202782091009363,0.35357605076536613,-1.435436876777033,0.2558708374071942,-0.0759629051625397,0.25,-0.22237383522594217
43.2,8.206128983263891,0.3280683044177429,-1.4449183825142171,0.24291387511408177,-0.09603935474177189,0.25,-0.22237383522594217
43.3,8.209265675305286,0.302476788437336,-1.4555556896728015,0.25214621542392435,-0.1152052379891981,0.25,-0.2254729856345645
43.4,8.212246412911178,0.27704513758247357,-1.4667861857679527,0.2517846387066161,-0.09074915320860989,0.25,-0.2254729856345645
43.5,8.214808841203345,0.25168899713823495,-1.4752489836303981,0.23613164920014476,-0.07563692097370675,0.25,-0.22416054143449887
43.6,8.217103260071614,0.2261410911302503,-1.4837890460489496,0.2424485063543433,-0.10045781169264599,0.25,-0.22290437797771057
43.7,8.219280926106823,0.2012214354023644,-1.4930175823719587,0.242965812069894,-0.07889880286339342,0.25,-0.22366941770078413
43.8,8.220665174164171,0.1845243850775265,-1.4983509979550675,0.24020900799275863,-0.07920500476313416,0.25,-0.22366941770078413
43.9,8.2224786106626,0.15949119550059282,-1.506254241193164,0.25215554052631783,-0.08224299739748335,0.25,-0.22151960457618802
44.0,8.224284367410108,0.13408668591796738,-1.513821309650414,0.24913474217132406,-0.07204453051397551,0.25,-0.22151960457618802
44.1,8.225905925653054,0.10863096053486217,-1.5210879669082387,0.2486932353789756,-0.0708129969158162,0.25,-0.22277773076977805
44.2,8.227111428511458,0.08287192814253438,-1.5291555164995088,0.253639450425495,-0.08612881955930045,0.25,-0.22277773076977805
44.3,8.228292731022995,0.05679130657471036,-1.5379719904176006,0.2638949427383117,-0.07780915120334667,0.25,-0.22651656976360804
44.4,8.229065815827703,0.031030045637840443,-1.5484702756532198,0.24081343232137808,-0.1278393387975828,0.25,-0.22114163500061707
44.5,8.229526493352749,0.0054134533110231624,-1.5606245270889367,0.26219505996111164,-0.10213399390859144,0.25,-0.22114163500061707
44.6,8.229664241871074,-0.020182466687429672,-1.5693552306280794,0.2639063902571025,-0.0715794918855605,0.25,-0.2218374569402514
44.7,8.229709524339786,-0.045527889896484416,-1.5744191131679717,0.2655560811861617,-0.02218400007441814,0.25,-0.2218374569402514
44.8,8.229596814051575,-0.07056190496804828,-1.5798067704753174,0.24459865128196137,-0.07351779421893327,0.25,-0.21163979558833385
44.9,8.229371077178113,-0.09561718571436642,-1.5871010781450228,0.24597757763428338,-0.06469529031025849,0.25,-0.21851526136802962
45.0,8.22891613381078,-0.12098952878102029,-1.5959247767663225,0.24798173517199087,-0.0836246926889774,0.25,-0.21851526136802962
45.1,8.228516194491355,-0.14642272766120976,-1.6042528669840972,0.25034640340142617,-0.08562931633290642,0.25,-0.2219547464424748
45.2,8.227852573229104,-0.17186018541847403,-1.6131731662584907,0.24454403536112185,-0.09350434251168456,0.25,-0.22292610804226992
45.3,8.226650219246142,-0.19766138468121142,-1.6214340130699678,0.24923578835597873,-0.08214414894409101,0.25,-0.22292610804226992
45.4,8.225234171293593,-0.22374902991660864,-1.6297027518255556,0.24000029713644544,-0.08418866795197759,0.25,-0.2242787987274764
45.5,8.22420712038067,-0.24100868760288846,-1.6359376149869191,0.26254333823052,-0.10195409740493377,0.25,-0.2242787987274764
45.6,8.222504751857821,-0.26660485264542766,-1.6477313253145323,0.24271428073788606,-0.09408529890363723,0.25,-0.22699441259370134
45.7,8.220493967427236,-0.29188554366480435,-1.6550128829401634,0.26162249456408715,-0.0463506935982202,0.25,-0.22699441259370134
45.8,8.21834654293428,-0.3173872921949708,-1.6622285201064464,0.23836464437631585,-0.11231022602988476,0.25,-0.22441878971064955
45.9,8.215973476564036,-0.34240958076955347,-1.6741963033225116,0.25462046082173234,-0.1085015072429187,0.25,-0.22441878971064955
46.0,8.213349273849522,-0.36726128115098416,-1.684920578841204,0.23984232038113135,-0.10320199967685605,0.25,-0.22691485638752512
46.1,8.210518923179217,-0.39233625361396385,-1.6940243092474108,0.2587430992743865,-0.08483919804127608,0.25,-0.22359368524245354
46.2,8.20760641087541,-0.41752508120711024,-1.7035642145928964,0.2509177720882286,-0.09449280720853818,0.25,-0.22359368524245354
46.3,8.204145098559659,-0.4429113831125594,-1.7118382585472534,0.26071215249355023,-0.06970983694619509,0.25,-0.2219078240486423
46.4,8.200517965970882,-0.4684793666007503,-1.7195839172349723,0.26423710304195197,-0.08408837040728326,0.25,-0.2219078240486423
46.5,8.196641455567773,-0.49425374795721316,-1.7289898099654968,0.24930370356589954,-0.09068433714626623,0.25,-0.2213080098604432
46.6,8.19259593981098,-0.5201267612962245,-1.737282984184972,0.2516020233024774,-0.07411866106027902,0.25,-0.22266669639755063
46.7,8.18843563264734,-0.5457397608232576,-1.7432908344186167,0.2511778486355227,-0.05859412478824146,0.25,-0.22266669639755063
46.8,8.183983906402041,-0.5707818355425,-1.7501582343292952,0.2518852887667111,-0.07596748259206258,0.25,-0.21847511875726555
46.9,8.17947565748045,-0.5957927566651364,-1.7587393195550047,0.2557533105324539,-0.09520863054546877,0.25,-0.22231095552303198
47.0,8.174675219993826,-0.6204666277919018,-1.769702422688268,0.2423869036390856,-0.10420715338554785,0.25,-0.22231095552303198
47.1,8.171499918968772,-0.6367679872642502,-1.7763253825825527,0.24181443947878964,-0.09050784133234507,0.25,-0.22231095552303198
47.2,8.166413676433582,-0.661223557838124,-1.7859044199251963,0.23561128329332492,-0.08095290474357635,0.25,-0.22234982578620627
47.3,8.160960706201402,-0.685921393078907,-1.7938374219293767,0.25499267719938173,-0.0742251065609943,0.25,-0.21876228435641676
47.4,8.155256230026783,-0.7109080897517646,-1.800762749656048,0.24302531457914336,-0.07066461215403383,0.25,-0.21876228435641676
47.5,8.149282827095806,-0.736067413489631,-1.8091635497265577,0.26063607899209307,-0.09477243089342552,0.25,-0.21526959743760657
47.6,8.143136848766952,-0.7614225972359752,-1.8162943475382087,0.26209584972292554,-0.06341037437554475,0.25,-0.21526959743760657
47.7,8.136847561929573,-0.7868565747707851,-1.8230870566161737,0.25413012269614493,-0.07237884929831852,0.25,-0.21500707444089034
47.8,8.130404296798085,-0.8120320092407874,-1.8311743067168618,0.26257197007858346,-0.08181375787652552,0.25,-0.21500707444089034
47.9,8.123785064761929,-0.8367773675603724,-1.8394662086368856,0.25436397694810947,-0.07455340757398078,0.25,-0.21060874501818325
48.0,8.116996150298887,-0.8612353204377485,-1.8471455942984776,0.25017739619792406,-0.09207373249227586,0.25,-0.21226909950685544
48.1,8.110015428148873,-0.8855025274120297,-1.8578521654217066,0.25544084567664593,-0.11323420334859584,0.25,-0.21226909950685544
48.2,8.103060926369448,-0.9094653621717561,-1.8674381845384536,0.24918908867600487,-0.09240570865448808,0.25,-0.21346953863028031
48.3,8.096009226261156,-0.933386808241521,-1.8772696260742234,0.24911197258660908,-0.10462222866338262,0.25,-0.21346953863028031
48.4,8.088313134194024,-0.957329348907679,-1.8864247439421291,0.2538675772732106,-0.06055391085144525,0.25,-0.20991361571682315
48.5,8.080353794846083,-0.9815981054237531,-1.8926160149656077,0.25427057646631596,-0.07146558731539118,0.25,-0.2094348835230498
48.6,8.072064064893961,-1.006118886600627,-1.9005826050478238,0.2499146558058982,-0.09568230076755553,0.25,-0.21023934774425926
48.7,8.066514135647703,-1.022477317708754,-1.9056205676904319,0.26197296532607867,-0.05962826205924853,0.25,-0.21023934774425926
48.8,8.057947177693027,-1.0471250806407304,-1.9135108256341966,0.253496528131592,-0.09402959148414826,0.25,-0.21023934774425926
48.9,8.049273597131538,-1.0714999114207286,-1.9233021681559326,0.2563113235595573,-0.09944431747587824,0.25,-0.21057269893268032
49.0,8.040448111188992,-1.0953213484259012,-1.9316818813695034,0.2524235624430809,-0.08297171951227743,0.25,-0.2101599168216898
49.1,8.031391481041464,-1.1192609267747118,-1.9392402488946496,0.25479051567151856,-0.07068322732141982,0.25,-0.2101599168216898
49.2,8.022169270597827,-1.1429589053408626,-1.9466282872622565,0.24181279498534436,-0.07381339209232486,0.25,-0.20884974786169214
49.3,8.013140550960456,-1.1662968555348519,-1.9556218660391607,0.24673136739089185,-0.10300693401682678,0.25,-0.20884974786169214
49.4,8.003648732920475,-1.189521533423458,-1.965711010702189,0.2403938395137205,-0.09609590796835164,0.25,-0.20916763738040253
49.5,7.99390202229226,-1.2130631647949048,-1.9746525622569813,0.2551881347193203,-0.06421435028512179,0.25,-0.20717223487459593
49.6,7.98370783560411,-1.2370829662897027,-1.9815328977773583,0.25357773900282565,-0.08171102564627547,0.25,-0.20717223487459593
49.7,7.973420002328077,-1.2605570749216388,-1.9900842907022092,0.2635588251281746,-0.06274491071576108,0.25,-0.20380727736124427
49.8,7.962967677886674,-1.2841618475637038,-1.9999714420931762,0.2567344941339722,-0.09559498498586842,0.25,-0.20520278991597662
49.9,7.952308313556463,-1.3076620816910403,-2.0089823096798463,0.2492772453840197,-0.08101302778438178,0.25,-0.20520278991597662
50.0,7.9414982991058665,-1.3302207235068706,-2.0161430166298233,0.23869096072847207,-0.0689014310123544,0.25,-0.20156660123819606
50.1,7.930534713935887,-1.3527336445072096,-2.0238146905450134,0.25332991176288866,-0.09047080338997858,0.25,-0.19951328392102044
50.2,7.923188304079679,-1.3679903336738912,-2.029828861741436,0.25011300290287924,-0.0937483094804515,0.25,-0.19951328392102044
50.3,7.912065789874644,-1.3907930803088158,-2.039031396310499,0.24821438999167145,-0.07872905934128403,0.25,-0.19940465983329847
50.4,7.900709493133253,-1.413216437880363,-2.04742097757001,0.24792525855639394,-0.0926896233808677,0.25,-0.19940465983329847
50.5,7.889099904542796,-1.435581727730462,-2.056802253619684,0.23888231944953164,-0.08573125010648472,0.25,-0.19628864708277693
50.6,7.877008112806275,-1.4584760518189075,-2.0646475510019267,0.2589268460890983,-0.06509119291027067,0.25,-0.19628864708277693
50.7,7.864780443142776,-1.4812089838888005,-2.072063175212199,0.2579499762911507,-0.08161253448592841,0.25,-0.18788730181582053
50.8,7.852703999591283,-1.503575088331602,-2.0801574765417636,0.2503844890490406,-0.08888793258362356,0.25,-0.1927526124406303
50.9,7.840537750714679,-1.5257707019519686,-2.0895293802774324,0.25307220703878003,-0.09770504121108892,0.25,-0.1927526124406303
51.0,7.827884037108282,-1.547828379311027,-2.0978772383734663,0.24381603483685743,-0.06780141507450317,0.25,-0.1810508911542272
51.1,7.815092004144741,-1.5693740937516663,-2.104584734507239,0.2516569472982846,-0.06343819370261068,0.25,-0.1810508911542272
51.2,7.802190155043179,-1.5908366919340717,-2.1111113939488493,0.24898856015626908,-0.07245920151641821,0.25,-0.18165305647120863
51.3,7.789160574201131,-1.61263179808461,-2.1189867662647455,0.2516285874976927,-0.08432855684681057,0.25,-0.18165305647120863
51.4,7.775955087085444,-1.6343409015191928,-2.1275832914275212,0.24845084910601703,-0.0856365869279986,0.25,-0.18516320806413789
51.5,7.762469355670864,-1.656093285846432,-2.1359330229493647,0.2536456123400098,-0.06449649483072703,0.25,-0.184022674560463
51.6,7.748614876416639,-1.67813591144966,-2.1427395891905734,0.24731851758557236,-0.06717625512057716,0.25,-0.18527183009864281
51.7,7.734591556105043,-1.7002164013922538,-2.1497288947851105,0.25088387147511704,-0.0712442494190035,0.25,-0.18527183009864281
51.8,7.72060153477598,-1.7217109136137942,-2.1581058962401514,0.24766917834188137,-0.09441475294884451,0.25,-0.18522443889310108
51.9,7.711413067263651,-1.7358500004323878,-2.1645619052567544,0.2517972844891181,-0.09531421682067634,0.25,-0.18522443889310108
52.0,7.697343313076591,-1.7569391740163463,-2.173546296167582,0.24659298630216295,-0.09330307749616615,0.25,-0.18349273563357518
52.1,7.683034181585436,-1.7777641012056362,-2.182229467232316,0.2443109673684414,-0.07240331384927444,0.25,-0.18349273563357518
52.2,7.668474487047281,-1.7982082754289517,-2.189268206154658,0.247227274033034,-0.06943306374481413,0.25,-0.1819625866611331
52.3,7.653772448411296,-1.8185874481585416,-2.1963830816556422,0.2451471960124838,-0.06902173979900154,0.25,-0.1819625866611331
52.4,7.638867080426496,-1.8392004832319866,-2.203954122420054,0.24975729144572556,-0.08265890522728918,0.25,-0.18063759774620647
52.5,7.623742540452429,-1.8597321706916454,-2.212099401761994,0.25000291822476856,-0.08089664692573652,0.25,-0.18192130817243107
52.6,7.608621741616037,-1.8801208199069102,-2.2202961773015555,0.24861348735702363,-0.08288899574536161,0.25,-0.18192130817243107
52.7,7.592992713486911,-1.9006593064103996,-2.227902170451913,0.2583841608972296,-0.07059187163774809,0.25,-0.1794652269908142
52.8,7.577118005652474,-1.9213972210906907,-2.2349570723255514,0.2568567461895443,-0.07135821921858526,0.25,-0.1794652269908142
52.9,7.561176127612796,-1.9416901546063925,-2.242850213031647,0.25317110289677436,-0.1023489826006236,0.25,-0.1796185086078484
53.0,7.545278391512164,-1.9615972877742212,-2.251406862324037,0.2596052474818751,-0.07317855344567951,0.25,-0.178325238092063
53.1,7.529202428350149,-1.9814061620010495,-2.2591094100428317,0.24886025068630263,-0.0812593915313775,0.25,-0.178325238092063
53.2,7.5130349330460735,-2.001009801116871,-2.2670013763250783,0.24462766249802936,-0.07087841624297397,0.25,-0.17642098172184895
53.3,7.4967787551240255,-2.0200643055011236,-2.2741311991627997,0.2518179323070559,-0.07256031867192497,0.25,-0.1764793054592338
53.4,7.480397583800169,-2.039122306294533,-2.2811067955920117,0.2524788200462157,-0.06722571755004746,0.25,-0.1764793054592338
53.5,7.469384999648568,-2.051948561533698,-2.285939468610888,0.24660191805743695,-0.07451283982032152,0.25,-0.17371664448721608
53.6,7.452808546796092,-2.0711711409821327,-2.293532682420032,0.24729754802585519,-0.07403083791060815,0.25,-0.17371664448721608
53.7,7.435966804580789,-2.0902736525412715,-2.301177549473168,0.24891867570372433,-0.07312355899011344,0.25,-0.1759967707580451
53.8,7.418852282324286,-2.109353538912335,-2.308830331946646,0.25708039581843534,-0.07745365328218975,0.25,-0.17475780058793935
53.9,7.401442267914993,-2.1286658524988327,-2.316235113425282,0.2589452330052267,-0.06940218491453405,0.25,-0.17475780058793935
54.0,7.383903024134597,-2.1479347623198426,-2.3236250770936686,0.25200154459949575,-0.07355653556826075,0.25,-0.1656851064952352
54.1,7.366397021141946,-2.1665284517508114,-2.3312036681571344,0.24463872633450023,-0.07623214246287642,0.25,-0.1656851064952352
54.2,7.3489322001154855,-2.1849725920487906,-2.3391304518149285,0.253488247037082,-0.0731166978440465,0.25,-0.16916218953967038
54.3,7.331198788649098,-2.2032400835026045,-2.3463598694797843,0.24754910855965023,-0.06795475733822297,0.25,-0.17316607664965802
54.4,7.313360490697674,-2.2212393898501346,-2.3542215438351697,0.24907700978417568,-0.09637498790334013,0.25,-0.17316607664965802
54.5,7.295555935798488,-2.2389853868896754,-2.3616791405706206,0.2484420661346028,-0.07616856050738346,0.25,-0.1716929320519779
54.6,7.277558225667298,-2.256891924387493,-2.368927384594408,0.24810401817054756,-0.07143822677815621,0.25,-0.1716929320519779
54.7,7.259269872458257,-2.2746738560902386,-2.3762210427482593,0.24466663744429945,-0.07460144392471825,0.25,-0.17215572011089092
54.8,7.240784686448325,-2.2924041767667753,-2.3838216233394416,0.24610883601910116,-0.07468009647073948,0.25,-0.1757923403673281
54.9,7.2221762150635085,-2.3101910334932683,-2.3916257538248207,0.25540318610396673,-0.07321141715725629,0.25,-0.174923420789406
55.0,7.203049211542569,-2.3277369678277906,-2.399817348089455,0.254312883363617,-0.07017401972096625,0.25,-0.174923420789406
55.1,7.19021131123498,-2.339371093751077,-2.404727700301001,0.2612506926736312,-0.061529176912863186,0.25,-0.174923420789406
55.2,7.171225573079286,-2.356547744083715,-2.4121990431230382,0.2421386149239933,-0.07796823259104306,0.25,-0.17449795045567557
55.3,7.152175124871386,-2.3735385315215796,-2.419954444500962,0.25450425348321,-0.07143613227959328,0.25,-0.1749209339670417
55.4,7.132978764492917,-2.3902946428847742,-2.4273026718227957,0.2518655314419414,-0.07317235389492521,0.25,-0.1749209339670417
55.5,7.1137737853976235,-2.406831169309478,-2.4349960022957116,0.25062672794506874,-0.07397415737650924,0.25,-0.17419312716804355
55.6,7.094724242446452,-2.4231873084141773,-2.442154958509535,0.24885287227081151,-0.07109052678430199,0.25,-0.17419312716804355
55.7,7.075578931618935,-2.4393956409462545,-2.4492576884061212,0.24101984353536804,-0.06938258615476783,0.25,-0.17298714194202464
55.8,7.05605877577856,-2.4556255620100416,-2.456239773015416,0.2528536328371834,-0.07693599958761123,0.25,-0.17298714194202464
55.9,7.036265096746694,-2.4718500795787883,-2.464330485310764,0.2474613370071667,-0.07748690344788565,0.25,-0.17393723240731274
56.0,7.016285184244429,-2.487977708854171,-2.472322083978332,0.2458739103209132,-0.0761302956718717,0.25,-0.17393723240731274
56.1,6.995944394889492,-2.5039695310968986,-2.479173424169727,0.2569541517375898,-0.05550039935172945,0.25,-0.17363983661052312
56.2,6.975362751242418,-2.5197817594319707,-2.485776651442784,0.2553624193057143,-0.06567548844633908,0.25,-0.17218918709770487
56.3,6.95475998553069,-2.535431496326587,-2.4927091404169963,0.25016691361020355,-0.07106733724920045,0.25,-0.17218918709770487
56.4,6.9344183948331155,-2.550811457307451,-2.500216333241842,0.2528868422778304,-0.07247413285251,0.25,-0.1740460305561728
56.5,6.913942944574114,-2.565920605082683,-2.507789756775942,0.24647359639492816,-0.07180571984498842,0.25,-0.17417575655641665
56.6,6.893420653250727,-2.5808175080902394,-2.5152244384024813,0.245894119416912,-0.06708775515611767,0.25,-0.17417575655641665
56.7,6.879932275882984,-2.5907120690883683,-2.5197872778461425,0.2463551569134365,-0.06793462425985797,0.25,-0.17417575655641665
56.8,6.859749180133056,-2.605423855462946,-2.526590482190311,0.24461687784014555,-0.06572873279360134,0.25,-0.175708703399173
56.9,6.839373328833093,-2.6199663453711355,-2.5335850520061722,0.24827629025663076,-0.078379221796414,0.25,-0.175708703399173
57.0,6.818398418583079,-2.6347653501230446,-2.5414824630799866,0.2503048959479563,-0.0756094842552581,0.25,-0.16911281983698512
57.1,6.7972921000531334,-2.6493473210192877,-2.549415998375666,0.2488234481010829,-0.07842397920784547,0.25,-0.16833772616269427
57.2,6.77586244517967,-2.663689801846681,-2.5568353674299593,0.25629969739032205,-0.0634012620511965,0.25,-0.16833772616269427
57.3,6.754019427273244,-2.6778632833419507,-2.5631307769320677,0.2570109399776075,-0.06249615835733515,0.25,-0.1674373350089779
57.4,6.732314707143218,-2.6918856768347554,-2.5694860443757013,0.2536096086482263,-0.06096179576398606,0.25,-0.1674373350089779
57.5,6.710688670812869,-2.7057434120404005,-2.576306845559405,0.2473595753556002,-0.07153336667952016,0.25,-0.16784349387991254
57.6,6.6890971173242715,-2.7194193603825694,-2.5836889090168444,0.2478104956842529,-0.07100751352571288,0.25,-0.16784349387991254
57.7,6.667466853334038,-2.7328061660847602,-2.591207662804195,0.2546614841223013,-0.08262077927022801,0.25,-0.16889954155293954
57.8,6.646112751690747,-2.74593297774208,-2.5978747184917728,0.24722605133286443,-0.061647111083491836,0.25,-0.17378482084123228
57.9,6.62493713008887,-2.75902728475941,-2.60416011452027,0.24125619444754692,-0.06138494526672898,0.25,-0.17378482084123228
58.0,6.603382135039263,-2.772032161547643,-2.61040905454801,0.2565974951283932,-0.06505659705039679,0.25,-0.17324866001464817
58.1,6.581284548039713,-2.784947711821808,-2.6177989872311027,0.2591703135835188,-0.07553307637645458,0.25,-0.1750385426792599
58.2,6.559093880558823,-2.797806632936572,-2.625565086902952,0.244506124868796,-0.0687270334069331,0.25,-0.1750385426792599
58.3,6.5365692913053834,-2.8105662704274854,-2.63259174969273,0.24395165975755945,-0.061148962921729035,0.25,-0.17649916464161264
58.4,6.521365852707494,-2.81891302004502,-2.6367506835239345,0.2523903187515739,-0.061615005929309324,0.25,-0.17649916464161264
58.5,6.49874923720358,-2.8313349619969452,-2.64326271551126,0.24811030040857163,-0.07189096481147007,0.25,-0.17849594128047194
58.6,6.476563340893786,-2.843399011980254,-2.651047060600363,0.24430255612529142,-0.08292503996488662,0.25,-0.17849594128047194
58.7,6.454055182556733,-2.8553616119176595,-2.659622211270845,0.255386879556985,-0.0857906829419943,0.25,-0.18083089822685922
58.8,6.431446867721275,-2.867121835672125,-2.667884109642625,0.2496719154033909,-0.07917540775519258,0.25,-0.18277774727705748
58.9,6.409161441936809,-2.8786218656814757,-2.6746649804866913,0.24311495834745933,-0.06095122594644,0.25,-0.18277774727705748
59.0,6.3869047049264225,-2.8899376285225453,-2.680925663570525,0.2436471013295704,-0.061089069180652426,0.25,-0.18165579641162188
59.1,6.3641032553350465,-2.9011816311089422,-2.6877387244154245,0.25174198404388576,-0.07416045981064368,0.25,-0.18165579641162188
59.2,6.341013765810348,-2.912387448730005,-2.6957638437872,0.2509662508824043,-0.09096602034149044,0.25,-0.18008245790707722
59.3,6.317939195231085,-2.923381331230258,-2.7037922233402525,0.25328675834957654,-0.06789234876706411,0.25,-0.17627077706439362
59.4,6.294364259780903,-2.9342401199948056,-2.7105708034615446,0.25335509472712736,-0.05422897450332423,0.25,-0.17627077706439362
59.5,6.270738610564151,-2.944948367767666,-2.7163611836643824,0.24613364782497274,-0.072096795941991,0.25,-0.17624901005330706
59.6,6.247753364547676,-2.955453248659025,-2.723967267315297,0.24688427792530504,-0.0780447169653729,0.25,-0.17569815419547197
59.7,6.224654549616073,-2.9656537955738043,-2.7321174487361164,0.25358201353412,-0.07518820231462588,0.25,-0.17569815419547197
59.8,6.201358848269999,-2.9757789455555983,-2.7385202956373034,0.25134778341132946,-0.055607098600477065,0.25,-0.1808946347259296
59.9,6.185642326317552,-2.98244705579389,-2.7425893642905774,0.2493018419024697,-0.06194977575396147,0.25,-0.1808946347259296
60.0,6.162515598172845,-2.9923217134572324,-2.748826909424239,0.2436597331459561,-0.05246968431598603,0.25,-0.1737708498675436
60.1,6.139340494748267,-3.002010140377492,-2.7544037629317035,0.2606895972190071,-0.05820726913755563,0.25,-0.1737708498675436
60.2,6.115513465033919,-3.0117008192521886,-2.7618502393348345,0.24702193847733694,-0.08596823690321694,0.25,-0.17777507189541458
60.3,6.091584255384967,-3.0211777298672393,-2.7702575749584972,0.24343832300272294,-0.07863093971875985,0.25,-0.17950893992505618
60.4,6.0676982111664115,-3.0304157923175175,-2.778212951247944,0.24734317940404504,-0.056517458541540715,0.25,-0.17950893992505618
60.5,6.043907668719152,-3.039455212462354,-2.7838127499013927,0.25365963197301805,-0.05496925902556095,0.25,-0.18237355599499078
60.6,6.02002681643677,-3.048390732568869,-2.7903273903035237,0.24297501970335902,-0.07620149119625441,0.25,-0.18237355599499078
60.7,5.996387989720606,-3.05699760035705,-2.7986934676492923,0.24631212343421188,-0.09433851611913137,0.25,-0.18775206466466832
60.8,5.972574264985097,-3.065289994614255,-2.8079110428998004,0.24591803587246153,-0.09223738041079586,0.25,-0.19335452373190382
60.9,5.948647128698502,-3.0735866328156223,-2.81602085838028,0.2513118335940337,-0.06136182832516076,0.25,-0.19335452373190382
61.0,5.924423630933522,-3.0816882580050695,-2.822185533720059,0.2497686865373296,-0.06357444350435568,0.25,-0.19071893269696083
61.1,5.900147029463677,-3.08965978834859,-2.8282760612017057,0.2487851847230454,-0.06527286097080091,0.25,-0.19071893269696083
61.2,5.875490108688504,-3.0975609273665174,-2.8355601009341664,0.24952185263141777,-0.07843217800968569,0.25,-0.19219555214918482
61.3,5.850663947635425,-3.1053434007378877,-2.8435885063644926,0.253788819206808,-0.07432458094138708,0.25,-0.19922790925494843
61.4,5.826020568461095,-3.1128752289526456,-2.8522304326572607,0.24433551322884864,-0.11218470693275333,0.25,-0.19922790925494843
61.5,5.80145027876814,-3.1201204683720976,-2.861687241051178,0.25701483300974176,-0.06053864054444264,0.25,-0.20060017960071636
61.6,5.78510948516904,-3.1247983344971573,-2.865496818128459,0.24758129030378861,-0.054027510014868316,0.25,-0.20060017960071636
61.7,5.760965558907105,-3.1316937721324805,-2.871027078251954,0.2461142693584526,-0.06039072817732599,0.25,-0.20580629590004787
61.8,5.736903607995297,-3.138354986214546,-2.879318364794606,0.2518728475250424,-0.0909540580387801,0.25,-0.2061968495344294
61.9,5.712636466340659,-3.144966353287546,-2.8880138384643224,0.24849397253219005,-0.08916445370263752,0.25,-0.2061968495344294
62.0,5.688200303746692,-3.1513124668903654,-2.8967438912526267,0.24998188459708348,-0.07861605527600303,0.25,-0.20898665744985884
62.1,5.6634346449680075,-3.1574690581301974,-2.9033348853395196,0.2564539323907496,-0.06172331507746916,0.25,-0.20898665744985884
62.2,5.6385498062444235,-3.163459502879289,-2.9094931359532246,0.2552808019126488,-0.06049296045561958,0.25,-0.20891553521334344
62.3,5.6134509599822335,-3.1693427899730082,-2.9169471486305185,0.2603731879353734,-0.08002070420438848,0.25,-0.20730227661156497
62.4,5.587959076972928,-3.1751819047833227,-2.9250741952563426,0.25137619665298466,-0.08651142729641044,0.25,-0.20730227661156497
62.5,5.562704022679725,-3.1806417561106057,-2.933741114036264,0.24527231806634225,-0.09993935490405374,0.25,-0.20346124173576913
62.6,5.537725383849935,-3.185868047822352,-2.9412927237797613,0.25454896912966696,-0.0478809583776222,0.25,-0.20346124173576913
62.7,5.512911785487912,-3.190896340581688,-2.9461816175489988,0.2471949199262288,-0.05442883691753144,0.25,-0.20584354040962172
62.8,5.48792199664816,-3.19579673378318,-2.9519997947048555,0.24116775524321468,-0.07360875166260147,0.25,-0.2014491337444694
62.9,5.46322365773238,-3.2004786754992596,-2.9609509193574977,0.24021873446533257,-0.08952130068491972,0.25,-0.2014491337444694
63.0,5.438398169378682,-3.2049253548684207,-2.9708903122892503,0.24457160388635077,-0.10403543052592784,0.25,-0.2088035097012319
63.1,5.413304397176785,-3.2091898376950687,-2.98068575847814,0.24843092336551367,-0.07608009382806945,0.25,-0.2038628732168939
63.2,5.388161750307697,-3.21327259448105,-2.987018061607861,0.25068541168975916,-0.06176265389756496,0.25,-0.2038628732168939
63.3,5.371371901721663,-3.2159037403741166,-2.9908213563699766,0.2541073927302528,-0.04910845016752764,0.25,-0.1991349831241596
63.4,5.346039775104534,-3.2196596284821646,-2.99724102171962,0.2616229668220004,-0.07380768569965167,0.25,-0.1991349831241596
63.5,5.320315975313594,-3.2233776793995346,-3.0034476486399,0.24925844695259539,-0.06289033617444267,0.25,-0.19048625517462708
63.6,5.294491872004779,-3.2269300590003893,-3.009781817500843,0.2593617548964133,-0.07132555041542407,0.25,-0.19048625517462708
63.7,5.2691307864459755,-3.2302526027222833,-3.01795950440311,0.24663402381960128,-0.05592982383190668,0.25,-0.18362190842924558
63.8,5.243968818834308,-3.2333708521004634,-3.022511971828549,0.25327905957511065,-0.05570422760863606,0.25,-0.17326586805158387
63.9,5.2187130599101925,-3.2364106946497353,-3.028870754442163,0.2449461753362023,-0.07161562121675706,0.25,-0.17326586805158387
64.0,5.193499541025446,-3.239225631655501,-3.03732093188169,0.25217351374605307,-0.08706843118481639,0.25,-0.161078164768793
64.1,5.168546111344211,-3.2417849760821467,-3.04263010315992,0.2523518175060258,-0.03822906409501289,0.25,-0.161078164768793
64.2,5.143500877980516,-3.2442680943542546,-3.046676194059302,0.2558580349315025,-0.04830226266545897,0.25,-0.14504073877651713
64.3,5.118122588919153,-3.24667180663668,-3.0510353554388434,0.24777387617887164,-0.032789305384035954,0.25,-0.14504073877651713
64.4,5.092738687504581,-3.2489323630550646,-3.055007358033655,0.2562017410021051,-0.03802632838398645,0.25,-0.14078233452856703
64.5,5.067193557411694,-3.251090058170271,-3.0599412480627923,0.25594535839460864,-0.059535074967550734,0.25,-0.13378014890652642
64.6,5.041432912546047,-3.2531900518241748,-3.064475685497859,0.253426456696206,-0.034780519221747346,0.25,-0.12519872925129621
64.7,5.015615227273158,-3.2551694788648726,-3.0675814118241576,0.2516188085212161,-0.02896102920726603,0.25,-0.12519872925129621
64.8,4.998478004726011,-3.2564209268883424,-3.0694237532840525,0.2452764949133952,-0.02512990344636319,0.25,-0.12519872925129621
64.9,4.973055499648626,-3.2582554731063085,-3.073071601440968,0.25120634170232753,-0.042415320556834765,0.25,-0.12089812523773566
65.0,4.947585412834897,-3.2599841749305822,-3.0772624905970485,0.24790517715076968,-0.03879277715783401,0.25,-0.11704307082060017
65.1,4.922191093707639,-3.2615768632558817,-3.0814568052445175,0.2539207518400848,-0.039567579028618544,0.25,-0.11704307082060017
65.2,4.896911406162206,-3.263063489889307,-3.0851384425427657,0.24968165818943505,-0.03270257849885606,0.25,-0.10797920753596271
65.3,4.871682911200856,-3.2644536052493045,-3.0880071236952817,0.24363728382962485,-0.024090799333718618,0.25,-0.10797920753596271
65.4,4.846308587372024,-3.2657624407681833,-3.090603853885239,0.24578612015792686,-0.033354019644723905,0.25,-0.10419191976202333
65.5,4.8208054285913,-3.267044456217923,-3.0940384779020427,0.24782900196680382,-0.035335320151668716,0.25,-0.09891102155041823
65.6,4.795310893633033,-3.2682190725020104,-3.0976274606038015,0.2503584960838797,-0.037238556758559256,0.25,-0.09891102155041823
65.7,4.769696615701702,-3.2693364423488047,-3.101227587742506,0.24932539960797673,-0.029530334377929228,0.25,-0.09116046232045762
65.8,4.74398261741612,-3.2703896054970136,-3.103476916876991,0.24532696769143073,-0.02349859481644878,0.25,-0.09116046232045762
65.9,4.718301529187502,-3.271353729086262,-3.1057148842621816,0.25001258934951814,-0.020892091768290433,0.25,-0.08211836007348515
66.0,4.6927872658583425,-3.272246062158749,-3.108370315499911,0.25018224615638746,-0.024943112788730796,0.25,-0.08211836007348515
66.1,4.667247797987185,-3.2731487274533935,-3.110981250523621,0.2503209951170693,-0.02526970697966623,0.25,-0.08091235254416686
66.2,4.641821232848165,-3.273883343616198,-3.1135920421677263,0.2467506706860716,-0.02921594487142638,0.25,-0.07464596297643375
66.3,4.616470159464739,-3.274562231409309,-3.1156093889252365,0.24736171218792685,-0.017039897707387657,0.25,-0.07464596297643375
66.4,4.599543412539271,-3.274983528078425,-3.116926503230846,0.2528509078781754,-0.018289248760100175,0.25,-0.06960848248975995
66.5,4.574163136305518,-3.2755759934611164,-3.1187970962752236,0.24888837867939437,-0.017567688520156655,0.25,-0.06960848248975995
66.6,4.548672281404074,-3.27614222141679,-3.1209382089761455,0.2515312618824544,-0.019834079274755747,0.25,-0.06294759995731357
66.7,4.52314889802995,-3.276661100513891,-3.1228352505084613,0.24646002475166318,-0.019274318093299485,0.25,-0.06273211777200721
66.8,4.497623095944169,-3.2771067546815287,-3.124665953637849,0.249139901486947,-0.011307791891468421,0.25,-0.06273211777200721
66.9,4.471954771127733,-3.2775440151862143,-3.1259832705328487,0.2535395832745122,-0.012640162985931652,0.25,-0.05781847636470218
67.0,4.446329265586639,-3.2779575078640497,-3.1273594479110667,0.2512664242781092,-0.014957771743620764,0.25,-0.05781847636470218
67.1,4.420735794742301,-3.2783158535928814,-3.128880250881121,0.2499401783002668,-0.016889359130294285,0.25,-0.054025036953373365
67.2,4.395236087140776,-3.278625267926458,-3.1302939768269846,0.25006884093313225,-0.011891504747175298,0.25,-0.054025036953373365
67.3,4.36975160196643,-3.2788941628135087,-3.1317305774146997,0.24956157596008807,-0.01693047241079855,0.25,-0.050953941267934594
67.4,4.3443152339094615,-3.2791300059986033,-3.133288561943597,0.2487767213106209,-0.01143122967590888,0.25,-0.050953941267934594
67.5,4.318844814996683,-3.2793023330080984,-3.134496732297649,0.24898019619105305,-0.012242624230236993,0.25,-0.048414525870791286
67.6,4.293404282231199,-3.279452767771252,-3.1356287678101813,0.25122425654486685,-0.011260887850449776,0.25,-0.045707547666981804
67.7,4.2679079881703865,-3.2796027591912122,-3.136891046264809,0.25103603673024466,-0.01519766521691257,0.25,-0.045707547666981804
67.8,4.242400958116903,-3.279711876741494,-3.1382341840629615,0.2525364701092657,-0.011382582432352144,0.25,-0.040544045427462254
67.9,4.2168702567696625,-3.2797768734787764,-3.1393661098092043,0.24763843122567444,-0.006951140247746138,0.25,-0.0369912250146726
68.0,4.199812301956255,-3.279820895146238,-3.139915476943514,0.2525750759218313,-0.006486606869489472,0.25,-0.0369912250146726
68.1,4.174234284984941,-3.279870089431169,-3.1406688450259646,0.2525423878529193,-0.008125121133131633,0.25,-0.0369912250146726
68.2,4.148672444632858,-3.279903383179341,-3.141555809573085,0.25149225913615714,-0.009571596199571916,0.25,-0.03661124261596776
68.3,4.123167746253168,-3.279922164126093,3.1403927375062297,0.25009921185025036,-0.012469702471261827,0.25,-0.035258116319931414
68.4,4.097654883764112,-3.2798952288939276,3.1394644678332426,0.2504384170078812,-0.007908957992893659,0.25,-0.035258116319931414
68.5,4.072160178793463,-3.2798361467227024,3.1383737767031055,0.25140474756562536,-0.006332483764236776,0.25,-0.031518030467830624
68.6,4.046697942594283,-3.2797356775562956,3.1376819634753144,0.24859170264243027,-0.006198375864394107,0.25,-0.031518030467830624
68.7,4.021229133966716,-3.2796184349121935,3.1369844342291824,0.2494647231054164,-0.006461987128925624,0.25,-0.026276278857803557
68.8,3.995723746309641,-3.2794893073310045,3.1363867177595868,0.24886929484810125,-0.006145636830725615,0.25,-0.025422680270044355
68.9,3.970225673109562,-3.2793483400958956,3.1356643093287,0.2502621891696566,-0.005114171284547486,0.25,-0.025422680270044355
69.0,3.9447127656285024,-3.279190008326926,3.1349039949819546,0.250354800476067,-0.005766208306090545,0.25,-0.023569546603925483
69.1,3.9191849396056626,-3.2790223357958475,3.1344235207399564,0.24974245004560996,-0.005343153487809047,0.25,-0.023569546603925483
69.2,3.8936476249607996,-3.2788414825856895,3.133942398705519,0.24930230657246769,-0.005747576609761934,0.25,-0.023076728259317007
69.3,3.8681171983639118,-3.2786490782372795,3.1333930451609846,0.24925912980254103,-0.005583416077757531,0.25,-0.02071778646919096
69.4,3.84261125111832,-3.2784346274887652,3.1325389302898836,0.25012109497953927,-0.008316247981241389,0.25,-0.02071778646919096
69.5,3.817106304899838,-3.2781980647850992,3.1320187747441453,0.24957764842970562,-0.004867603719949556,0.25,-0.019553919477192656
69.6,3.8001078211879378,-3.278034402607525,3.1316665414113865,0.25064282151247363,-0.007167228436097744,0.25,-0.019553919477192656
69.7,3.774613560458425,-3.277768102948634,3.1312036642672068,0.25038550491212663,-0.003893297402967195,0.25,-0.014834925146671982
69.8,3.7491073861385997,-3.277488394213689,3.1308828902030506,0.25007447587978615,-0.002676552154445277,0.25,-0.014176703537397996
69.9,3.7236129792732617,-3.277205815222392,3.1305947363814806,0.2500770685838476,-0.003441182781680616,0.25,-0.014176703537397996
70.0,3.698108659497416,-3.276924015770764,3.1301240793569067,0.2501421835589484,-0.005175450139491235,0.25,-0.011778188417272715
70.1,3.6725999264194913,-3.2766303689692338,3.129593807619216,0.2506399633364217,-0.0036816631221970758,0.25,-0.011778188417272715
70.2,3.647083653609828,-3.276323365389525,3.129216627154071,0.25071619230457215,-0.001157554511337365,0.25,-0.010343837601663571
70.3,3.6215615134994548,-3.276009636816719,3.129038908090164,0.25002218094469814,-0.0018742510822190553,0.25,-0.008944041355770739
70.4,3.5960504322587363,-3.275691248277911,3.1288813205898665,0.24967444852060144,-0.001845958269608473,0.25,-0.008944041355770739
70.5,3.5705416329590913,-3.275367857477501,3.1286384905247786,0.2503866271290779,-0.005631858427333079,0.25,-0.008457476202325922
70.6,3.5450372093682616,-3.2750301802155546,3.1279078150794812,0.24990031693187656,-0.00660749978193395,0.25,-0.008457476202325922
70.7,3.5195320826330434,-3.2746762480014118,3.1273679650822377,0.24988056299261138,-0.00402988673230795,0.25,-0.006763577436356031
70.8,3.494028740725065,-3.2743078539443276,3.127180269140075,0.24967971795723545,-0.0008732803610788882,0.25,-0.004972181046639872
70.9,3.4685213896334957,-3.2739356137893143,3.1271339032852703,0.2504695767846417,5.3415531322642e-05,0.25,-0.004972181046639872
71.0,3.4430181597115412,-3.273562611601477,3.1270920810718983,0.24967327474455095,-0.00047045594542553375,0.25,-0.0028192675835754053
71.1,3.417516790763955,-3.273188122369431,3.1268840005449023,0.24984671445656692,-0.0013654658139831415,0.25,-0.0016690929116079355
71.2,3.4005127136567164,-3.2729372446230602,3.1267410203938093,0.2502046369395676,-0.00332544204420283,0.25,-0.0016690929116079355
71.3,3.3750050945606667,-3.2725558014164293,3.12656952578182,0.24990732836036528,-1.395477112290786e-05,0.25,-0.0016758489775590638
71.4,3.3494981552866587,-3.2721725679260403,3.1266393110839052,0.2500757638109597,0.0010260033647045128,0.25,-0.0016758489775590638
71.5,3.323990670582096,-3.271790692522604,3.126645845252597,0.2502074209967841,-7.754957092225279e-05,0.25,-9.386075318591758e-05
71.6,3.298489247393665,-3.2714108489815117,3.126724317700496,0.2501705358831921,-0.0004950470529865969,0.25,-9.386075318591758e-05
71.7,3.272985041401048,-3.271030810772469,3.1266099816719057,0.2502526655794481,-0.0007719353630496087,0.25,0.0012511146014493827
71.8,3.247479801367149,-3.270647644587806,3.1264526396858163,0.2502372489493062,-0.0024638549056511675,0.25,0.001236440152194155
71.9,3.2219709332645317,-3.2702606335835798,3.1264296215263143,0.2501162991247973,0.0008488562359444368,0.25,0.001236440152194155
72.0,3.196456344949389,-3.2698746963380487,3.126591600557087,0.25024464925986056,0.0018306267849353389,0.25,0.0027839204575872047
72.1,3.1709445096689954,-3.269493553344925,3.126775897605388,0.24995526043902203,0.0024757664070832936,0.25,0.0027839204575872047
72.2,3.145437813824844,-3.269116914530818,3.126819468526788,0.24999682086704544,-0.0019179155729769435,0.25,0.003300597602933839
72.3,3.1199302315614887,-3.268738805453348,3.1267872962375423,0.25015393869671937,0.00016492868266833354,0.25,0.003300597602933839
72.4,3.094423737088854,-3.268365327273384,3.126808324701439,0.2499258938744544,0.0005166303249280163,0.25,0.0024385497457876954
72.5,3.06892259431994,-3.2679901409930783,3.1269311699317406,0.24990633998818954,0.001932030540238857,0.25,0.003319745952333558
72.6,3.043426402147647,-3.26761599030825,3.127136665589296,0.2500635591418734,0.0018080352888209534,0.25,0.004989599237480783
72.7,3.0179317991819388,-3.267249775549787,3.127341060315328,0.24997551344292937,0.0019358848708216402,0.25,0.004989599237480783
72.8,3.0009312782816875,-3.26700802051047,3.127349247888786,0.24974093804394662,0.0004864293445024536,0.25,0.004746465874659035
72.9,2.9754281583079045,-3.266646631171554,3.127217536956867,0.2498811912570227,-0.0023451904192771265,0.25,0.004746465874659035
73.0,2.949924346151182,-3.2662774474654865,3.1270726376736806,0.2501748337562118,0.00011427320586750858,0.25,0.005867816371688321
73.1,2.924407900634008,-3.2659090118961607,3.1273019759672476,0.25047125333136805,0.002430119090210148,0.25,0.005867816371688321
73.2,2.89888386169192,-3.265542047165018,3.127601571343772,0.25051615305680175,0.0021740527772134916,0.25,0.006968178079668292
73.3,2.8733671105267216,-3.265187648410401,3.1278682891494127,0.2501198640402794,0.0008598213909653331,0.25,0.006968178079668292
73.4,2.8478590868430884,-3.26483844382902,3.1279170018851485,0.2496860675819948,0.0013156871750153241,0.25,0.007335623601355719
73.5,2.8223477090878704,-3.264491871993422,3.1280150154857975,0.25022334038511845,0.0011824865061553227,0.25,0.007926455629931778
73.6,2.7968495047761004,-3.264146838305596,3.1281770977808683,0.24969668768849226,0.0028380575499043098,0.25,0.007926455629931778
73.7,2.7713631840248905,-3.2638081462326554,3.128529442046888,0.25022849500639505,0.003648700599934061,0.25,0.007918414280872928
73.8,2.745879283427611,-3.263484543331339,3.1288443821959135,0.24965852939566965,0.0036729773463684604,0.25,0.007918414280872928
73.9,2.7203851067992577,-3.263167514310308,3.1290073955439732,0.2504588039409558,-0.0004422739080440165,0.25,0.007433768492793943
74.0,2.6948800685541485,-3.262845944076053,3.129017421447806,0.2501408792094449,0.0002473322132552713,0.25,0.007433768492793943
74.1,2.6693709084588098,-3.2625266997394737,3.129048977081786,0.2503375352318627,0.0014188072521365877,0.25,0.007046151974795455
74.2,2.6438489953034137,-3.2622032568571835,3.1293140976117315,0.2505194304907377,0.003942936059670678,0.25,0.009251176368243857
74.3,2.6183267846987786,-3.261895420136717,3.129694018013793,0.2503180075178927,0.0035304396056552102,0.25,0.009251176368243857
74.4,2.6013149594326572,-3.2616959922519437,3.1299268454062603,0.250778052513338,0.0035802210651053267,0.25,0.008555524206467708
74.5,2.5758010418205055,-3.261400222519516,3.130145480898834,0.24984317427483685,0.0012609104716278276,0.25,0.008555524206467708
74.6,2.5502927531214925,-3.2611115772929153,3.1302831825649835,0.2500761009974091,0.0014765607470402617,0.25,0.008535918185580013
74.7,2.5247820608945286,-3.260824078599907,3.1304183866764568,0.24954064453783897,0.0024364498439061687,0.25,0.008535918185580013
74.8,2.499291895191476,-3.26054260738583,3.1307122953704125,0.2496844544930286,0.0028536931150812523,0.25,0.009102498512609258
74.9,2.473806257479978,-3.260269000838991,3.1310684726457403,0.24990564233257895,0.0036208259320721138,0.25,0.009102498512609258
75.0,2.448321706342496,-3.2600080508391356,3.1313968020810803,0.25003283970126894,0.0020261907165838662,0.25,0.0100251311405575
75.1,2.4228181357017777,-3.259749296981722,3.1315565377521444,0.24996198671912775,0.0007943897208237535,0.25,0.00920858424032794
75.2,2.3973068597547367,-3.2594925598833453,3.131612748244189,0.2501589944884534,0.002284209727067572,0.25,0.00920858424032794
75.3,2.3717923786155906,-3.2592395717080715,3.131787770804927,0.24980392465892232,0.00371257069781467,0.25,0.008403201137423126
75.4,2.3462691829862856,-3.258994527673803,3.1321676312699736,0.25059091648091764,0.0038085177888992983,0.25,0.008403201137423126
75.5,2.3207493779574238,-3.258763517726626,3.132495440372923,0.250460549364783,0.003059460441876827,0.25,0.008950446506529465
75.6,2.295235733689704,-3.2585335235039787,3.1326463649768135,0.24984699080807993,-0.0004040959657508125,0.25,0.008950446506529465
75.7,2.2697316366943703,-3.2583047470677693,3.1327564865949658,0.24958360450171171,0.001288551370058314,0.25,0.008888555970111964
75.8,2.2442229894313255,-3.258080669467095,3.1328926738071767,0.24985484909084751,0.0016429345671641297,0.25,0.007184958534233522
75.9,2.218731880879805,-3.2578609773267915,3.133152288020343,0.2497280957993192,0.0036484984741103153,0.25,0.007184958534233522
76.0,2.1932451868862115,-3.2576514793193208,3.1334670286484916,0.24959503415014292,0.003444163200300439,0.25,0.008340658214416579
76.1,2.176254825367477,-3.25751721666938,3.1336571845090377,0.24986048584128914,0.0023340488502502344,0.25,0.008340658214416579
76.2,2.150750883738198,-3.257317485489914,3.133751013120036,0.2500604773315586,4.442946823266975e-05,0.25,0.007488395408955699
76.3,2.125239974617935,-3.257117363142697,3.1337590728191524,0.2500965510690076,1.899911963591606e-06,0.25,0.007903683913047794
76.4,2.099726964279128,-3.2569178575854343,3.1337718056065236,0.25081773849268824,0.0007279143238447597,0.25,0.007903683913047794
76.5,2.074204408806095,-3.2567217348526576,3.134027638646855,0.25040034331243605,0.002929738896402815,0.25,0.007876817541159719
76.6,2.0486767987978576,-3.2565287021658063,3.1343597481560836,0.25059592450722246,0.003673204589306849,0.25,0.007876817541159719
76.7,2.023158828037911,-3.256346378131223,3.134669668066528,0.2505169177930883,0.0013484890485173458,0.25,0.008288368079513254
76.8,1.997655214184329,-3.2561736370845935,3.134783204133128,0.250164908084619,0.0009184169771667487,0.25,0.007429871633437755
76.9,1.972146034090301,-3.256002144918892,3.1349001215412904,0.24998730360003088,0.0010839028835232902,0.25,0.007429871633437755
77.0,1.946640530200464,-3.2558280389856575,3.1350410509436104,0.249919875518324,0.002533618160300601,0.25,0.007364839345960219
77.1,1.921147964191645,-3.2556587125467145,3.1353190296703333,0.24967215011634483,0.0035058723181149993,0.25,0.007364839345960219
77.2,1.8956612862437676,-3.2555052164431038,3.1356057219792497,0.25001882570611084,0.0023901467491529893,0.25,0.007295327937165627
77.3,1.8701599128291977,-3.2553552803953196,3.1356715604759633,0.24957425880468637,-0.0014488891880058698,0.25,0.006229501779026932
77.4,1.8446498168285126,-3.2552042003828334,3.1356713861420404,0.2504302113711339,-0.0004972324499247327,0.25,0.006229501779026932
77.5,1.819136797643182,-3.255053452985136,3.1356682062985555,0.25011623119634474,3.993992191190829e-05,0.25,0.003999489911223817
77.6,1.793619292362473,-3.254902070676094,3.1358451376362946,0.2500794094475874,0.002053067302095195,0.25,0.004546457679509945
77.7,1.7766058133713487,-3.2548046972960756,3.136029856538168,0.24991123351531097,0.0027082995583986957,0.25,0.004546457679509945
77.8,1.7510888623477359,-3.2546633094595294,3.1362492933457644,0.2504376339296581,0.00229972162268374,0.25,0.004546457679509945
77.9,1.72557799447607,-3.254528607241992,3.13632091548749,0.2500553679689002,5.5020475370123275e-05,0.25,0.0030085085630474975
78.0,1.7000708595964018,-3.254395391725734,3.1363133918026915,0.24997241261239878,-0.0003482168013627069,0.25,0.0013269160132241067
78.1,1.6745606068069834,-3.25426268094315,3.1362783643344674,0.2498761537275488,0.0008072307592296911,0.25,0.0013269160132241067
78.2,1.649056231282314,-3.2541277287852286,3.13640533584228,0.2499020882656791,0.0006555236901322401,0.25,-0.0009439480532222218
78.3,1.6235501823304093,-3.253998674054389,3.136478330598464,0.2501691630584223,0.0008258525135925249,0.25,-0.0009439480532222218
78.4,1.598046863601973,-3.253870673071322,3.1364757826551304,0.2498573826158124,-0.002261563368529395,0.25,-0.0005016254895392203
78.5,1.572541589214444,-3.2537387141856504,3.136226102737014,0.24986459942982764,-0.005232171718252426,0.25,-0.0005016254895392203
78.6,1.5470323403168864,-3.2535996683753465,3.1359901273107362,0.24995129362141602,-0.0015683700858163422,0.25,-0.0056917334907711364
78.7,1.5215257657456616,-3.2534557515854616,3.135754162428081,0.24972136964444405,-0.0005197677483012561,0.25,-0.0056917334907711364
78.8,1.4960134370158042,-3.253299383747449,3.1356384856896597,0.24996845973393803,-0.0007474726925481116,0.25,-0.00867165028233623
78.9,1.4705066606664925,-3.2531404734998626,3.1355201762470455,0.2500143559431442,-0.0009519465550868551,0.25,-0.012444632945534925
79.0,1.4450047313820107,-3.252983178623842,3.135142137865812,0.2499814886420705,-0.005163064395459856,0.25,-0.013681123785756047
79.1,1.4194990521941073,-3.252814676263645,3.13471706241335,0.24917698407142672,-0.005290678716682535,0.25,-0.013681123785756047
79.2,1.4024876533157968,-3.2527000104526174,3.134385434494072,0.24963073035245942,-0.004265098346941144,0.25,-0.013681123785756047
79.3,1.376963633550477,-3.252516587061677,3.1340372459050037,0.24933589052821495,-0.0024047681332191734,0.25,-0.014308610109323008
79.4,1.3514342627888374,-3.252327593405499,3.1337538524822914,0.25100491513051,-0.002092229153822573,0.25,-0.016285157326446274
79.5,1.3259078052479907,-3.2521328375050134,3.1334224983797814,0.2506157337628548,-0.0036946082708900116,0.25,-0.016285157326446274
79.6,1.300398405284686,-3.2519200878753582,3.132983970811697,0.2501019899580674,-0.00410758788485894,0.25,-0.017502926508517744
79.7,1.2748939553890366,-3.251695677922875,3.1324185157738493,0.25008595787301735,-0.0042469820045179804,0.25,-0.017502926508517744
79.8,1.2493993375298258,-3.2514593102529386,3.1319605239226433,0.2507992503824695,-0.004890139850275743,0.25,-0.020523915143076797
79.9,1.22390757212082,-3.2512020692525105,3.1315019331520486,0.25024094754152526,-0.004086190911877484,0.25,-0.021452281969962406
80.0,1.1984116471462598,-3.250928497973606,3.131004214819646,0.24991128546132055,-0.00588877163774951,0.25,-0.021452281969962406
80.1,1.17292297512593,-3.2506481150036937,3.1304900011521517,0.24982699381384327,-0.005143955678288915,0.25,-0.021257894361211324
80.2,1.1474153034662513,-3.2503627032893636,3.129903345995634,0.24993215687347012,-0.0052355341168043084,0.25,-0.021257894361211324
80.3,1.1218966343420906,-3.2500738118646226,3.1293820888759827,0.2513240252449408,-0.0054227911463752484,0.25,-0.02247586210355485
80.4,1.0963547788917367,-3.2497603486863658,3.1288569232266945,0.2506261620825586,-0.004226515461797953,0.25,-0.0068246381733548245
80.5,1.0708425300751563,-3.249440286410729,3.128745132815694,0.24960200760064838,-0.00011831743332460441,0.25,-0.0068246381733548245
80.6,1.045327226854012,-3.24911437802356,3.1286614664520345,0.250086869935796,-0.0013014133159664416,0.25,-0.013627489796831663
80.7,1.0283232776852773,-3.248892201681226,3.1284020598110667,0.25011649350768833,-0.003466846326047034,0.25,-0.013627489796831663
80.8,1.0028212658838558,-3.248550188942076,3.128005895420781,0.25004828849150396,-0.0036211177704198834,0.25,-0.014860504752163273
80.9,0.9773199011413797,-3.2481974663301276,3.127605553543545,0.2501928534466787,-0.005544302535568727,0.25,-0.01662255222790339
81.0,0.9518128373375533,-3.2478248082388594,3.1271225380028898,0.25040912085570766,-0.004877834886095144,0.25,-0.01662255222790339
81.1,0.9263169403077012,-3.2474413641605477,3.126762593132619,0.25099552985699974,-0.003516748964767743,0.25,-0.019120971218758304
81.2,0.9008212943361801,-3.2470483224444013,3.1263347125314667,0.2500365572903727,-0.006004309593054634,0.25,-0.019120971218758304
81.3,0.8753179760908426,-3.2466534858942078,3.1257162082425083,0.24928346341600602,-0.012268640035151256,0.25,-0.03311597645525813
81.4,0.8498163260080192,-3.2462409381567396,3.124757720434733,0.2492932477956634,-0.01047994374431323,0.25,-0.038284611722320755
81.5,0.8242896006923083,-3.2458065391979964,3.123715026881943,0.252424596033164,-0.009329014333166498,0.25,-0.038284611722320755
81.6,0.7987351085872004,-3.2453608829516694,3.1228635648596446,0.2511409933015803,-0.008670164751266224,0.25,-0.03990461471036763
81.7,0.7731692011330873,-3.244890072187231,3.121988780711262,0.24846156689977678,-0.009527481908961057,0.25,-0.03990461471036763
81.8,0.7476206212494425,-3.244395265042548,3.120965225417577,0.2500565628377506,-0.011316309423611849,0.25,-0.042369711700853144
81.9,0.7221331590207327,-3.243861984431921,3.1199575518882368,0.2501261185357509,-0.009707366058958002,0.25,-0.045566416247739466
82.0,0.6966472599873347,-3.2433008714952574,3.118891483210298,0.2498453078706865,-0.013336883585234206,0.25,-0.045566416247739466
82.1,0.6711898191805505,-3.2426878807119017,3.117602782835411,0.2504284748043444,-0.010106811004408514,0.25,-0.045590823958331896
82.2,0.6457542286650891,-3.242054002504489,3.1166003365321595,0.2510001870445262,-0.01025007916235396,0.25,-0.047212766239022055
82.3,0.6203108428635832,-3.24138467623458,3.115539430799835,0.2488144722961671,-0.010189759891537581,0.25,-0.047212766239022055
82.4,0.6033177814818356,-3.240940136777946,3.114713450917095,0.24986397997158216,-0.012335222804848762,0.25,-0.04556323885187426
82.5,0.577810524565172,-3.240249873231121,3.1134124329694597,0.24899126361915036,-0.01356293750003919,0.25,-0.04556323885187426
82.6,0.5522857807944396,-3.239531169601974,3.112039853621387,0.2505745985164678,-0.010987673881223124,0.25,-0.04856482031869852
82.7,0.5267274875574874,-3.2387774292189837,3.1108568636650347,0.25069073711653894,-0.01098890076191918,0.25,-0.04856482031869852
82.8,0.5011233372230827,-3.237997341162405,3.109703993025658,0.24949283255947957,-0.009799007935553807,0.25,-0.0526105645401489
82.9,0.47555696900586,-3.2371954916622463,3.1084645470904526,0.25071216316188144,-0.01514197474184184,0.25,-0.0526105645401489
83.0,0.45005611909144805,-3.2363392233962442,3.1068972363637437,0.24897781473089967,-0.015905195503990263,0.25,-0.05706580667160596
83.1,0.4245840778815289,-3.235421165539531,3.105084841885582,0.24979859526730946,-0.019326773786962313,0.25,-0.06044185303147892
83.2,0.39912258277608853,-3.234475244961357,3.103240048637817,0.24888478971360672,-0.014725329398058111,0.25,-0.06044185303147892
83.3,0.37372244528539394,-3.2334775251141874,3.1017795478929617,0.25030413204971075,-0.015343418397168225,0.25,-0.06685233013824562
83.4,0.348341194758803,-3.232432678269546,3.100245603642341,0.2531533541437718,-0.015400099637726346,0.25,-0.06685233013824562
83.5,0.3229397051660896,-3.231365494872055,3.0986856628347446,0.25333639503976013,-0.016562607629899147,0.25,-0.0678540809115105
83.6,0.2974634601366849,-3.2302585626192646,3.0967421868340947,0.25007329499153275,-0.02320748992299342,0.25,-0.07314231859922538
83.7,0.27193295678501445,-3.229090849023496,3.094421966889768,0.2539705808727211,-0.023802611675064308,0.25,-0.07314231859922538
83.8,0.246343756436321,-3.2278799201814365,3.092236422193379,0.2501453465414415,-0.016954896095471468,0.25,-0.07950988382277197
83.9,0.22922865187872482,-3.2270282214161408,3.09109425904556,0.25054942747188996,-0.014864203334890807,0.25,-0.07950988382277197
84.0,0.20363859518914312,-3.225760880264104,3.08931205510215,0.24813912458698933,-0.018621299881911416,0.25,-0.07793305110836428
84.1,0.17817615991173857,-3.2244033899132036,3.0869986813691876,0.2510597643602866,-0.025891915211806445,0.25,-0.07793305110836428
84.2,0.15269196386313275,-3.2230167453353924,3.0842918543106825,0.25114345936552873,-0.02977892591289424,0.25,-0.08445293413660016
84.3,0.12723822252572836,-3.221555782724858,3.081413457058633,0.24563578978230566,-0.02795351770184319,0.25,-0.08445293413660016
84.4,0.10190116315496693,-3.2199958836127207,3.0786322262555736,0.2455755363359305,-0.027246596779852018,0.25,-0.09405502330262731
84.5,0.07662673211222756,-3.2183890766373335,3.0759980730289747,0.2503148412341177,-0.022807723540806697,0.25,-0.10137385368041675
84.6,0.05126125945234836,-3.216684166133966,3.0733126726489908,0.25002424368668624,-0.03060514188624486,0.25,-0.10137385368041675
84.7,0.025782483652876623,-3.2148797577721138,3.070103707369732,0.2528121121853895,-0.037110238526813624,0.25,-0.11128449478289834
84.8,0.0003240646942802841,-3.2130345477637468,3.0662701642944916,0.2544402956820484,-0.030642203244096285,0.25,-0.11128449478289834
84.9,-0.025235314225085473,-3.2110985679496653,3.062795765028846,0.24843156844514486,-0.03172067280271895,0.25,-0.11525608434952272
85.0,-0.05095062507117851,-3.2090894142608093,3.0599535368734805,0.2536297930617228,-0.03142054690037911,0.25,-0.12213748975850702
85.1,-0.0764622610155619,-3.2070100265924784,3.056651323503243,0.24729603631300756,-0.03505603233033399,0.25,-0.12213748975850702
85.2,-0.10151695185583064,-3.2048505452360456,3.053181069217476,0.24285627690319375,-0.03759406092020258,0.25,-0.1310302119178392
85.3,-0.12688437953963022,-3.2025729445854445,3.048848399420425,0.25302270639222024,-0.04170165476623688,0.25,-0.1310302119178392
85.4,-0.15226092259690302,-3.2001882351142354,3.0440226880035595,0.24619041849729986,-0.050746969604980055,0.25,-0.13165980077678127
85.5,-0.17738289024401926,-3.197728582385038,3.040105810135562,0.25410500642571976,-0.042672964320135946,0.25,-0.1385688155265159
85.6,-0.20238240699856364,-3.1951510358709765,3.0362246680141722,0.24365675869831896,-0.039058947122328914,0.25,-0.1385688155265159
85.7,-0.21920477176826011,-3.193347092577044,3.0329436872310938,0.2546379150963798,-0.05669761536730618,0.25,-0.1435892156537625
85.8,-0.24502577078946858,-3.1905155126021123,3.028701219921008,0.2533964334693362,-0.038969381107412396,0.25,-0.1435892156537625
85.9,-0.2705328977338376,-3.187622676501757,3.02428706895829,0.24480987753968975,-0.04272767831860687,0.25,-0.14592166766701514
86.0,-0.2960625864475094,-3.184637945492797,3.0187437685100686,0.2573894941204638,-0.04797472301263987,0.25,-0.14592166766701514
86.1,-0.32174792625745735,-3.1814682233404254,3.014423263578458,0.2563121632282773,-0.05374715312892041,0.25,-0.14995222684192125
86.2,-0.34681612541180135,-3.178255022803481,3.0092878132524445,0.2475052199581143,-0.042580479191057834,0.25,-0.1527051645439673
86.3,-0.37158003880313917,-3.174867788162532,3.0051660862016805,0.2497806332432804,-0.042378579444335304,0.25,-0.1527051645439673
86.4,-0.3967070318344403,-3.1713750573795765,2.999478946791502,0.24591073217999623,-0.060642483211252825,0.25,-0.15825154789155285
86.5,-0.4219207594147246,-3.167775420361745,2.9931775424663507,0.2559192269654237,-0.06080839366746314,0.25,-0.15825154789155285
86.6,-0.44686036418350306,-3.164004649760851,2.9876036893186395,0.24470613501384442,-0.04891174038346053,0.25,-0.15872626670933004
86.7,-0.4717760648277615,-3.1600882247930797,2.9823763525509315,0.2490135820120524,-0.052858197115250034,0.25,-0.16478216504921409
86.8,-0.4972804691087196,-3.155938043017474,2.9771806625574877,0.25661159098819514,-0.0443824625353939,0.25,-0.16478216504921409
86.9,-0.522894591945825,-3.1516770921789754,2.972371843134721,0.24773891404153917,-0.07092413629745846,0.25,-0.1665882551439967
87.0,-0.5480966045123924,-3.1473160490832597,2.966623665913269,0.24776434318567622,-0.04495523606133197,0.25,-0.16379489983229412
87.1,-0.5732207717204679,-3.1428422267351097,2.961706579030391,0.25519261939907933,-0.04456185581426763,0.25,-0.16379489983229412
87.2,-0.5985552213436792,-3.1382498541341866,2.9567021759359853,0.2500381156644276,-0.055781807863339396,0.25,-0.17042259231428994
87.3,-0.6231342431906363,-3.1335865830904255,2.9516781109401897,0.24939838548361973,-0.04967572086330406,0.25,-0.17455471893048569
87.4,-0.6394590644280331,-3.1304058839641087,2.9484844020221894,0.24311043126159707,-0.04697570372287663,0.25,-0.17455471893048569
87.5,-0.6639533347411283,-3.125546812715382,2.9433900076821797,0.25209958196199533,-0.06868483142465567,0.25,-0.17593195672843753
87.6,-0.688900908582669,-3.120619746775869,2.935686804811985,0.24579365410248727,-0.07810856491958501,0.25,-0.17593195672843753
87.7,-0.7138447969253882,-3.115427964956524,2.928408486478119,0.2501165690779592,-0.07261594176524602,0.25,-0.1848426217870835
87.8,-0.7390568512749285,-3.109889201563732,2.9217463710177967,0.2579470384522728,-0.05092225850550366,0.25,-0.1848426217870835
87.9,-0.7646412607087593,-3.1041965637938813,2.916842773536957,0.2608772288269771,-0.0471795576430102,0.25,-0.18649641693049093
88.0,-0.7902303727320947,-3.0983923692954694,2.9119801913491683,0.2550320577378562,-0.06855103900309427,0.25,-0.18777725732723344
88.1,-0.8150852418256136,-3.0925983903078755,2.903254361425573,0.25124959317924894,-0.0727540190646982,0.25,-0.18777725732723344
88.2,-0.8397774394534568,-3.0867280431431205,2.8969249566611115,0.25046206002008753,-0.0557010334694371,0.25,-0.19451899472887602
88.3,-0.8643039957626055,-3.080601470088871,2.8906629238393937,0.24322576714565833,-0.060617743418210544,0.25,-0.19451899472887602
88.4,-0.8882894046544006,-3.074319947542124,2.8850561174750196,0.24380529452727867,-0.05297974425028821,0.25,-0.1947629051486199
88.5,-0.912172446362697,-3.0678382130348116,2.879639393099637,0.2483033251809749,-0.05345686895139244,0.25,-0.1947629051486199
88.6,-0.936527732167117,-3.06124699921226,2.8726488977582325,0.24846663860869905,-0.08842045305668168,0.25,-0.19943122335291993
88.7,-0.9610371654703534,-3.054813999184733,2.863271690649921,0.251695758864867,-0.09443147118986585,0.25,-0.20184479581991915
88.8,-0.9854956021252761,-3.0482093449352377,2.853735614357751,0.24803104813334076,-0.09342222144145519,0.25,-0.20184479581991915
88.9,-1.0019767737546885,-3.04347561682892,2.848145654721023,0.2594449151552581,-0.057276356995539485,0.25,-0.2035197184267414
89.0,-1.0272927893267614,-3.0359523830546333,2.842575297335578,0.2623191285996338,-0.05344958591126941,0.25,-0.2035197184267414
89.1,-1.0522563220961487,-3.028220101388203,2.8362049807805634,0.25909453483165834,-0.08539449473543813,0.25,-0.20410701650895047
89.2,-1.0766668073658892,-3.020481484514713,2.8239621816142755,0.25630001898661126,-0.12404000248147705,0.25,-0.20928033474894972
89.3,-1.1009394514704487,-3.0124093049554093,2.8141448371763556,0.2637502282310718,-0.06375190919846972,0.25,-0.20928033474894972
89.4,-1.1250507555178764,-3.004142025226691,2.8056169120436176,0.24668112351000873,-0.08977813483177582,0.25,-0.2073871611766085
89.5,-1.1486631314910904,-2.995800040145383,2.7979245227657934,0.23829801214856497,-0.06360378701320968,0.25,-0.2073871611766085
89.6,-1.171941103937241,-2.9872971450208894,2.7913515885445355,0.24091330504268624,-0.06344277979537796,0.25,-0.20702362858011603
89.7,-1.1954806157637643,-2.978570839133635,2.7838233061644644,0.24939119148070948,-0.0753461412196785,0.25,-0.205532519811334
89.8,-1.2193540667365579,-2.969678121254126,2.7743402527296612,0.25143484040996894,-0.09769316048921194,0.25,-0.205532519811334
89.9,-1.2431187194342999,-2.9607254358072415,2.764665509304898,0.2446706451187941,-0.09017492362002322,0.25,-0.20751193436569212
90.0,-1.2669303575689215,-2.9512935968510745,2.7572699605990967,0.25273338068950846,-0.06839316760393807,0.25,-0.20751193436569212
90.1,-1.2912411625909357,-2.9415674690189624,2.749954036784947,0.26187953051772167,-0.0613187267759708,0.25,-0.20259426397188138
90.2,-1.3156818306497484,-2.9316970012034265,2.7435993526801004,0.2578625842676109,-0.06069461510490742,0.25,-0.20377775126775838
90.3,-1.3392561580967606,-2.9219874492226605,2.7354561450782655,0.2548695743285522,-0.09164633121583401,0.25,-0.21048972850661007
90.4,-1.362618757817907,-2.9121981311498426,2.7260338783356923,0.24604869733951493,-0.09122636620946074,0.25,-0.21048972850661007
90.5,-1.3858065641916413,-2.901840670912137,2.7171929122266087,0.25543388661024313,-0.0947916784192997,0.25,-0.21152768677378397
90.6,-1.4010972058533187,-2.894947815801376,2.7099138491390535,0.2392088217930119,-0.10614969492215605,0.25,-0.21152768677378397
90.7,-1.4238504679672057,-2.884401382331139,2.7001308390779792,0.24636115880797244,-0.08832971622963828,0.25,-0.2162492790593637
90.8,-1.446556231593457,-2.8736303351739134,2.691408493608418,0.24596266053965618,-0.09545978008242233,0.25,-0.2162492790593637
90.9,-1.4694389938382757,-2.8628517858103475,2.681065808260859,0.2497454736010281,-0.10104475579702968,0.25,-0.21304288041688776
91.0,-1.4923311627057554,-2.8514716731277816,2.6724903432024085,0.2552150129924738,-0.08046325106158042,0.25,-0.21304288041688776
91.1,-1.5154107950648599,-2.8398670749799937,2.6645781655632956,0.25080358134689296,-0.07633370677838677,0.25,-0.21137411235551296
91.2,-1.5384760732309684,-2.8279545833946327,2.6560786409446178,0.2608279840064055,-0.09002585417026508,0.25,-0.21137411235551296
91.3,-1.5613377553821546,-2.815801082124116,2.6463034500560787,0.25386944501661063,-0.09601394517213034,0.25,-0.21213220319408388
91.4,-1.5840168559477263,-2.80358958533092,2.637789336036598,0.2619038088416253,-0.07847171817640568,0.25,-0.21213220319408388
91.5,-1.6063012867992024,-2.7913064740938247,2.629405661028299,0.25065883451658016,-0.10058968855062574,0.25,-0.212843300770038
91.6,-1.6283923904056257,-2.778727955389007,2.619223371965349,0.24114899057928582,-0.09320466513564599,0.25,-0.2132666863653992
91.7,-1.6502076162382497,-2.7661229655950885,2.609090053304853,0.2518701725835417,-0.10505246315177832,0.25,-0.2132666863653992
91.8,-1.6718725582584142,-2.7535230582398893,2.5992696106379864,0.24774287091004032,-0.09717439071891543,0.25,-0.21281331683390595
91.9,-1.6934121976027423,-2.740791386266372,2.589299292391994,0.24145107236696361,-0.09551602431716463,0.25,-0.2100411387574593
92.0,-1.7149479985972906,-2.7274255824648503,2.58016562053237,0.25624108386392624,-0.0873357360206552,0.25,-0.2100411387574593
92.1,-1.7294801680060932,-2.7183346127923995,2.574255627976497,0.2546566272899645,-0.0836930374015609,0.25,-0.20906351881952168
92.2,-1.7514173468645,-2.7045667538567013,2.5656732195394194,0.24986958050216224,-0.08604089865367202,0.25,-0.20906351881952168
92.3,-1.7731309855115331,-2.6905531101086186,2.5571790746272605,0.2535688182725164,-0.08274962671631489,0.25,-0.20699472041227074
92.4,-1.7946496473116025,-2.676036512694841,2.54808837972526,0.25927844338414047,-0.09136815643048063,0.25,-0.20699472041227074
92.5,-1.8160509273328478,-2.6613570635725,2.5389172506524544,0.25871707417405787,-0.09003366783902705,0.25,-0.20527449731605074
92.6,-1.8371633518043124,-2.6467709762338014,2.5302325836035893,0.25429012873221335,-0.08476633616082693,0.25,-0.20527449731605074
92.7,-1.8580007898613387,-2.6321085575351333,2.5217655205225915,0.25191335113742397,-0.08134763990456521,0.25,-0.20360116846288934
92.8,-1.878521940435493,-2.6173167906960555,2.5115961788910477,0.2509489897057593,-0.09599891178585113,0.25,-0.20360116846288934
92.9,-1.898840588330788,-2.602675606496351,2.5028512694527407,0.24310597198245074,-0.08654606756877771,0.25,-0.2019943272079595
93.0,-1.9190326360923449,-2.5878952837514135,2.49385372889162,0.2526927956341162,-0.08959058517692386,0.25,-0.1928673626293827
93.1,-1.939118048077217,-2.572864201114012,2.485316730947579,0.24690618706604173,-0.08028659610003862,0.25,-0.1928673626293827
93.2,-1.9593318997418518,-2.5572330348464094,2.4766434698400377,0.2542043238891479,-0.08379030604098606,0.25,-0.1970346806278732
93.3,-1.9797444450623078,-2.5414060520240467,2.468048805186702,0.24938721917491136,-0.08659600848315746,0.25,-0.1970346806278732
93.4,-1.9999748945848226,-2.5252675736637626,2.459680757324539,0.2600370448632171,-0.08229371475086647,0.25,-0.19428639642009043
93.5,-2.019980830367209,-2.5087559355369704,2.4514102076822497,0.24943694825787652,-0.08175385796988448,0.25,-0.19825042800032153
93.6,-2.039822741491924,-2.4922495629690298,2.442574617717575,0.25263108943286755,-0.08240148643110752,0.25,-0.19825042800032153
93.7,-2.0527651331686405,-2.4813987567243148,2.436934262938387,0.24221978152911375,-0.08334262030573694,0.25,-0.19511241966517448
93.8,-2.072147122333462,-2.464853248324636,2.428718475507696,0.2544948079705945,-0.07959310504400066,0.25,-0.19511241966517448
93.9,-2.091390542805039,-2.44813913586522,2.420578287587339,0.24503148165162764,-0.07887457931904851,0.25,-0.1959601187094633
94.0,-2.1103316128545493,-2.4316194994572005,2.412341965136306,0.24035473719306258,-0.0819776667909204,0.25,-0.19507971740822522
94.1,-2.129090160417928,-2.4150734052619125,2.4044264638769737,0.24226889419209846,-0.07265337552268179,0.25,-0.19507971740822522
94.2,-2.1478066248111385,-2.3981205130180787,2.3962471455025063,0.25162644948853957,-0.08149537002057887,0.25,-0.1943981175728009
94.3,-2.166876817737001,-2.3805176724698844,2.3879783211253085,0.2599621975320091,-0.07891745393492815,0.25,-0.1943981175728009
94.4,-2.1855241257046103,-2.3628805206603674,2.378993227416796,0.25887256299560507,-0.05974342601927613,0.25,-0.1952370515995886
94.5,-2.2041721034021062,-2.3449525899083583,2.3708088157992564,0.24909655670689734,-0.0811478259975305,0.25,-0.19391524089222223
94.6,-2.2226302306072006,-2.326720465158574,2.3627713674809017,0.2516380341215998,-0.07480583189491483,0.25,-0.19391524089222223
94.7,-2.24068999074095,-2.308919725876972,2.354336115624942,0.24177354721205638,-0.08811588153908309,0.25,-0.19221348636848334
94.8,-2.2584402526854133,-2.2909945158398752,2.3451090876103806,0.2450445573281922,-0.09183658884601172,0.25,-0.19156868767314195
94.9,-2.2762091997955376,-2.2728436513392487,2.336800877084102,0.2491857523516775,-0.07406482615343804,0.25,-0.19156868767314195
95.0,-2.2938416043240415,-2.2544437577688075,2.328966675777606,0.25216726936950157,-0.07857096947495251,0.25,-0.1880150432829807
95.1,-2.311168372899421,-2.2363110490650153,2.3213923862954364,0.24836722992166171,-0.0752529033961774,0.25,-0.18795339391837282
95.2,-2.322649462877487,-2.224141600925657,2.316269683443603,0.2460733161689852,-0.07744404652349043,0.25,-0.18795339391837282
95.3,-2.340065189364913,-2.205172861275991,2.3079103447604568,0.2566965979952354,-0.08564837949662693,0.25,-0.1869020668683827
95.4,-2.357246208140393,-2.185954721077042,2.2998581162706766,0.24991671028850385,-0.0916362621655505,0.25,-0.1869020668683827
95.5,-2.3742363620264064,-2.1668261842031553,2.287387081703777,0.25762342644483827,-0.10724027988106077,0.25,-0.186663136914803
95.6,-2.3909928702594554,-2.1475378390631494,2.278903324043326,0.24929908785124197,-0.07274329671502919,0.25,-0.186663136914803
95.7,-2.407631354043506,-2.128026621566797,2.271912207474179,0.25119965244997233,-0.07198588494078037,0.25,-0.1804756692472376
95.8,-2.423835049773803,-2.1086940727511085,2.2637562232808404,0.24108418130355339,-0.08243535014865663,0.25,-0.17824125979696773
95.9,-2.4399629795685067,-2.0892296783690694,2.2557078561879145,0.24901959671489576,-0.07993918837871324,0.25,-0.17824125979696773
96.0,-2.4560425933031698,-2.069599517304611,2.2480756809284426,0.2480564115241294,-0.06844766453479054,0.25,-0.17620700362691372
96.1,-2.4720136193191293,-2.049812433965728,2.2414410315307784,0.24847001153273127,-0.06393066511592845,0.25,-0.17620700362691372
96.2,-2.4878110096671358,-2.0297980355835787,2.235142874738205,0.2494724156570285,-0.05921274894352939,0.25,-0.1645265065312841
96.3,-2.503723492010113,-2.009440556466339,2.227924692432344,0.2588417538850076,-0.06997091059801146,0.25,-0.1744013639228601
96.4,-2.51962755551073,-1.9889557436430738,2.2201567247241654,0.2559848624737856,-0.07482907004680672,0.25,-0.1744013639228601
96.5,-2.5352226027434157,-1.9684216545687583,2.212022290228156,0.2570133319020133,-0.08060753890434323,0.25,-0.1724918533296791
96.6,-2.5453755373446736,-1.9548210079833246,2.2072482962364646,0.24562961725534688,-0.0672867858159016,0.25,-0.1724918533296791
96.7,-2.5604973055691973,-1.9343515947046004,2.200355975235483,0.2489144235549092,-0.067820833730941,0.25,-0.17558586071100613
96.8,-2.575448719451019,-1.9138844720226518,2.193400353485798,0.2452183946395614,-0.07193721381797133,0.25,-0.17554130970312978
96.9,-2.590164765204866,-1.8933945844152265,2.1857196211996923,0.24120403078411676,-0.07266475775324459,0.25,-0.17554130970312978
97.0,-2.604715267467694,-1.8727560016786071,2.1777174692144046,0.24951727506717739,-0.08139533922878377,0.25,-0.17860906936635823
97.1,-2.6192001729282475,-1.851949074694801,2.16981928336266,0.24936269798758792,-0.06027828219315434,0.25,-0.17860906936635823
97.2,-2.6335383166467023,-1.8308886533781297,2.163499170109661,0.2491876855110966,-0.06062477497102594,0.25,-0.17661211893007742
97.3,-2.647736778172271,-1.8097055437355638,2.157288089737409,0.25201983682034257,-0.0618061981864877,0.25,-0.17825466235990156
97.4,-2.6619541080753395,-1.788266623744633,2.150261422192175,0.2549578575548186,-0.07765145261465695,0.25,-0.17825466235990156
97.5,-2.6762267176004677,-1.7665820902567573,2.1421657890877253,0.2569715979741729,-0.07459357634452486,0.25,-0.17927088318731546
97.6,-2.6902804128192477,-1.7448350161010995,2.134035384586503,0.2413932694449034,-0.0815114379524013,0.25,-0.17927088318731546
97.7,-2.7038549217487327,-1.7231701006661666,2.1265959218935118,0.24648051877327257,-0.06627075899663239,0.25,-0.18367739618135467
97.8,-2.717264175694809,-1.7016276511270951,2.119792625677322,0.24802002114261854,-0.06795761474418999,0.25,-0.18231978730887605
97.9,-2.730519973825572,-1.6798963966040183,2.11282973789137,0.25386400648933993,-0.07430379933031869,0.25,-0.18231978730887605
98.0,-2.743484654367304,-1.6582834502128618,2.10449940030686,0.2532982215684777,-0.0877007997554275,0.25,-0.1822928463637021
98.1,-2.756192437645045,-1.6364866529974529,2.0951691656204896,0.24448614108665684,-0.08029838933782092,0.25,-0.18281412497255223
98.2,-2.7689030837034783,-1.6145723434778396,2.0873997044005907,0.24996310964037746,-0.06768970480674948,0.25,-0.18281412497255223
98.3,-2.7772939400861367,-1.5998012067682188,2.0832270805792295,0.2473946826824858,-0.059962909088532405,0.25,-0.17890747584078995
98.4,-2.789801412752525,-1.5775792694108848,2.0772435402202665,0.24496932113644,-0.05597177420013542,0.25,-0.17890747584078995
98.5,-2.8021770925665477,-1.5552167498818013,2.070374963067739,0.24648915852728276,-0.08069851203089135,0.25,-0.1800741523712222
98.6,-2.8145258780212883,-1.5325152718900787,2.0624333580545153,0.2475751366613542,-0.07403566583665125,0.25,-0.1800741523712222
98.7,-2.8268713483045835,-1.5096771052166413,2.0538222782312743,0.25980471502066504,-0.08322854711207604,0.25,-0.182991207761299
98.8,-2.838763998469264,-1.4869861101171769,2.046706569497426,0.24603507917060913,-0.059980186223944736,0.25,-0.18237365883582146
98.9,-2.8504098581391437,-1.4644041684807956,2.0404632018613453,0.24445006456037238,-0.06094716923459338,0.25,-0.18237365883582146
99.0,-2.8619165580070445,-1.4416502932813655,2.033154415982509,0.2517055105934508,-0.07775258270101336,0.25,-0.1794902718880775
99.1,-2.8732279755876995,-1.4189110020621678,2.02466859751295,0.24610981334113222,-0.08279559654956875,0.25,-0.1794902718880775
99.2,-2.884220193941966,-1.396258511338342,2.015758531124343,0.2422297054960983,-0.06613309456494254,0.25,-0.17641886724666822
99.3,-2.8950879874445925,-1.3734961893595377,2.009467301405102,0.2535052535591439,-0.05375637602438535,0.25,-0.18036238995504741
99.4,-2.905909766001824,-1.3503978947133508,2.0036555920544266,0.2452412775810235,-0.05646322231978559,0.25,-0.18036238995504741
99.5,-2.916586045028866,-1.327194001211655,1.9974009572980393,0.24870761923507728,-0.07228202845888422,0.25,-0.17670549449709141
99.6,-2.9271700562546807,-1.3039104152705787,1.9898414050158957,0.2558569175831917,-0.07515048592740312,0.25,-0.18398546985965625
99.7,-2.9376340167923463,-1.2800746627415087,1.9832078160629625,0.26019736987141723,-0.054869152760043866,0.25,-0.18398546985965625
99.8,-2.947907083809866,-1.2559521483983882,1.9775783858565297,0.25678024625032875,-0.05492222881760306,0.25,-0.1841908494818147
99.9,-2.954657105488108,-1.2401384734743233,1.973868908149419,0.24838213242788523,-0.05589682158574487,0.25,-0.1841908494818147
100.0,-2.964607730113525,-1.2167531714411726,1.9675059133947526,0.24774099252466528,-0.07841445862172802,0.25,-0.18880535272427407
100.1,-2.974384258450946,-1.1932413568445475,1.9590990791832184,0.24779122497187056,-0.0808223589498412,0.25,-0.18880535272427407
100.2,-2.9839030835163483,-1.1696856249366159,1.9504022768401985,0.24808138201129784,-0.08651869665781582,0.25,-0.19386040359406406
100.3,-2.993167116475531,-1.1462930769234785,1.9425986126891013,0.24014634023101847,-0.06673003177700125,0.25,-0.19386040359406406
100.4,-3.0023126864853795,-1.1231970854233813,1.9367687049299385,0.2393994638209399,-0.05466956422139924,0.25,-0.19229912852070846
100.5,-3.011414943881542,-1.0997239453984657,1.931032735357037,0.25154635975433454,-0.0636504315814105,0.25,-0.19376511965215765
100.6,-3.020521003959881,-1.0758853334408576,1.9228489920067602,0.24376259413852133,-0.08280878781876305,0.25,-0.19376511965215765
100.7,-3.029299625728354,-1.0518080553667466,1.914039936398008,0.2521286662255318,-0.08197618138049806,0.25,-0.19707619577457156
100.8,-3.0378931115403107,-1.0274090569036913,1.9067824506636566,0.2624284587552486,-0.051190687435550254,0.25,-0.19707619577457156
100.9,-3.046327511711645,-1.002455023507759,1.9016109509873507,0.24630624036947482,-0.05116757817537483,0.25,-0.19768058660603313
101.0,-3.054662777913485,-0.9776372642789045,1.8964203067093859,0.24999122719381772,-0.05331410009328237,0.25,-0.19768058660603313
101.1,-3.0628425250129396,-0.9532557281759008,1.8889110894081675,0.24915752626343568,-0.0863852700125343,0.25,-0.19817701224405032
101.2,-3.070785778736442,-0.9290797245128751,1.8795700892557308,0.25074439294148215,-0.0992727256282003,0.25,-0.20362689771046255
101.3,-3.0784520692694155,-0.904939251961575,1.869289432657191,0.24488353829077744,-0.09673613754083017,0.25,-0.20362689771046255
101.4,-3.0858427133055377,-0.8810547219505124,1.8623421897271062,0.24004412817442258,-0.05396671553784097,0.25,-0.20334756332207443
101.5,-3.0906735003184176,-0.8652105106944968,1.8587189727894584,0.240690889469369,-0.05132976688596921,0.25,-0.20334756332207443
101.6,-3.0977845120798,-0.8414995526614769,1.8534106612395513,0.2525317462135913,-0.054079862594419895,0.25,-0.19976443127563037
101.7,-3.1048269319556403,-0.8170758835511496,1.8462916527922744,0.2490465498743846,-0.08046108463535176,0.25,-0.19976443127563037
101.8,-3.111745140770174,-0.792226249327788,1.8377989785850488,0.25365219401890904,-0.07624539784126147,0.25,-0.20496355223280704
101.9,-3.1185130536916668,-0.7671842986185512,1.829891175996411,0.2620969449757488,-0.05943231440864279,0.25,-0.20496355223280704
102.0,-3.125068733727714,-0.7416783717991722,1.8249132077848125,0.25320361165671895,-0.04901144249824258,0.25,-0.20418444662433138
102.1,-3.131530092937345,-0.7162112319713616,1.8198917072531884,0.26069235127775564,-0.04833792103406116,0.25,-0.2015582067474556
102.2,-3.137859016035013,-0.6910497345856322,1.814160866254339,0.2516566910914247,-0.07997543347485554,0.25,-0.2015582067474556
102.3,-3.144236764095747,-0.6662015646300754,1.8052013179835762,0.2528867044783763,-0.08909122021120346,0.25,-0.20420179854180084
102.4,-3.1501104397205033,-0.6415719585711939,1.7951524676387196,0.24184324866242626,-0.10686999245648703,0.25,-0.20420179854180084
102.5,-3.155648345557735,-0.6171363625508793,1.7868741777949144,0.2508737066606608,-0.05519869377722187,0.25,-0.21097907149865341
102.6,-3.1609994069276706,-0.5929037167600728,1.7815141294919974,0.2416075619871504,-0.04932033274351018,0.25,-0.21121230467937135
102.7,-3.1662267825400052,-0.5683039346059228,1.775161138224342,0.25976155187611716,-0.08022769307982794,0.25,-0.21121230467937135
102.8,-3.1713358266545204,-0.543065864375336,1.7648360881805858,0.24408287637916992,-0.1164488518521228,0.25,-0.21162771839504077
102.9,-3.176250859655718,-0.5178768295832876,1.7541705402036374,0.24857533298128465,-0.08628115717347398,0.25,-0.21696044245693666
103.0,-3.179353185019266,-0.5008702662775457,1.7487887215634077,0.2574763862150399,-0.08075874877475336,0.25,-0.21696044245693666
103.1,-3.1838612593282063,-0.4749524118612448,1.7429039482303155,0.2624747694468615,-0.044719492305761464,0.25,-0.21863407600811205
103.2,-3.1882417673368675,-0.4496734475318367,1.737670252485439,0.2356673153962659,-0.05533109228243364,0.25,-0.21863407600811205
103.3,-3.1924717636025863,-0.4250719452318227,1.7305283177523312,0.24388433595896747,-0.08446879376994082,0.25,-0.21954664724275236
103.4,-3.1952095279226027,-0.40848562484532386,1.724774544419404,0.24245180292546417,-0.0743419219900442,0.25,-0.21954664724275236
103.5,-3.200275790901703,-0.3749576748283239,1.7134188194713669,0.25128429018479503,-0.09801189901871452,0.25,-0.22531628627188782
103.6,-3.2038618896505713,-0.3501105064035899,1.7039667843601747,0.24863466423609298,-0.06685350099111052,0.25,-0.22648879559127502
103.7,-3.2071982717523992,-0.3256090747885757,1.698634158091585,0.24114496597660764,-0.046018823844948285,0.25,-0.22648879559127502
103.8,-3.210356121386445,-0.2997480109043026,1.6924449518036082,0.26010250358148673,-0.07366436278910794,0.25,-0.22592500427351722
103.9,-3.2135414778965146,-0.2741597761829092,1.6838503783229362,0.24024044635390085,-0.10710755730441614,0.25,-0.22592500427351722
104.0,-3.216423848700274,-0.2487148958055577,1.6748139888836313,0.251692110971294,-0.05985436311095889,0.25,-0.23093914844066296
104.1,-3.219016562787769,-0.22313940333877508,1.6705612263103022,0.25208832072396986,-0.039429793131663754,0.25,-0.23051415960128502
104.2,-3.221602531126239,-0.1972077555609243,1.6659379919182649,0.24502884928050417,-0.06182703200670569,0.25,-0.23051415960128502
104.3,-3.224005815727102,-0.17242363122654758,1.6587127257883703,0.25029076866744804,-0.07833491090962162,0.25,-0.23334273673553696
104.4,-3.226170381076388,-0.14753899316498548,1.6500297662651777,0.2474515518588885,-0.10651854726406769,0.25,-0.23964517659749032
104.5,-3.228271247444683,-0.12224892307323794,1.6390959182466172,0.24871483498178748,-0.09709503716932154,0.25,-0.23964517659749032
104.6,-3.2295257917577205,-0.10528743460186638,1.633066922713792,0.2483385596467976,-0.083585897404273,0.25,-0.23764450076261012
104.7,-3.2312911559947293,-0.07986712824568609,1.624544680552958,0.2494424136357531,-0.08388045496087122,0.25,-0.23764450076261012
104.8,-3.23254666275649,-0.0542959076443765,1.6152150628915427,0.24713582677426255,-0.11959519423331377,0.25,-0.23637107017179904
104.9,-3.233742999669638,-0.02877708052298332,1.6034506361797727,0.25440597604146514,-0.11215056299829611,0.25,-0.2382739459314433
105.0,-3.234504941172941,-0.003081223132095419,1.591394037642085,0.2617716182610625,-0.12570077549937425,0.25,-0.2382739459314433
105.1,-3.2347943297221224,0.02259101449589045,1.5781932206056088,0.2634745834483284,-0.10961105540568934,0.25,-0.2254257813575018
105.2,-3.2348957857333285,0.04820413576096859,1.5690983334451278,0.24710707927916636,-0.07131604887136063,0.25,-0.2254257813575018
105.3,-3.23475288567686,0.07369705667570056,1.560937216130396,0.2535707113841295,-0.05450498551889226,0.25,-0.22626797040817906
105.4,-3.2344735064906853,0.09872108730821529,1.553404589719793,0.23916144552903504,-0.06962627907833974,0.25,-0.22465587803510328
105.5,-3.2340449069784656,0.1237590729394877,1.5460167170936703,0.2512777160543489,-0.08954286037395946,0.25,-0.22465587803510328
105.6,-3.2333662857605963,0.1491379056616478,1.5360299015304242,0.24808082340932117,-0.09120711546209286,0.25,-0.2270416994698527
105.7,-3.2326858605046698,0.17458226146913688,1.5268987368051898,0.24981939840890166,-0.08187682774176784,0.25,-0.2270416994698527
105.8,-3.2318356466369917,0.20000560985230484,1.5172921629495582,0.248925306073072,-0.10024623369805993,0.25,-0.22836288941146476
105.9,-3.2304436866077064,0.22576756395813197,1.5078500412257345,0.2553452563651857,-0.07531838888510438,0.25,-0.229296974832003
106.0,-3.228813108889291,0.25217437590226366,1.5015681654746105,0.245971772395568,-0.059908526506843196,0.25,-0.229296974832003
106.1,-3.22702799086076,0.2779164209087997,1.4929476006481022,0.24413119493137858,-0.12440883322546724,0.25,-0.23073189762112234
106.2,-3.2255855694987075,0.2949775980196436,1.4851654604325577,0.24088460733390968,-0.10482480094664626,0.25,-0.23073189762112234
106.3,-3.2232644365356036,0.3204589341196179,1.4756545443043432,0.24040802582274406,-0.09440303277930795,0.25,-0.23342668783305628
106.4,-3.2208401488894554,0.3457432725456738,1.4642555762031915,0.25745825001128003,-0.10312012596958818,0.25,-0.22921609647518038
106.5,-3.2180602028983754,0.37084590014237523,1.4529346259665081,0.25562436831000235,-0.11437325435350486,0.25,-0.22921609647518038
106.6,-3.2149583541499553,0.39580845064190207,1.4407699018095594,0.2554031554329873,-0.10731462929261312,0.25,-0.22822631796692328
106.7,-3.211549964470069,0.42099616108084764,1.4305995559596685,0.25728354744798515,-0.09747124350795545,0.25,-0.22822631796692328
106.8,-3.2080315646916717,0.4462331427191095,1.4215397136303694,0.24494147983049863,-0.09683155280181684,0.25,-0.22395583155405963
106.9,-3.2044139988180196,0.4714401377752827,1.4115690175101188,0.25222619335887686,-0.07394161176563277,0.25,-0.22184802655578606
107.0,-3.200306110968824,0.49687509382110373,1.4058717741236013,0.24587588100011046,-0.05407181817080293,0.25,-0.22184802655578606
107.1,-3.1960712125086372,0.5228376282978667,1.3997839580977347,0.26228034542879874,-0.05172087848957137,0.25,-0.21922843265688513
107.2,-3.1916436246875173,0.5487017687879158,1.393369912759299,0.2565859929403373,-0.08065795169682756,0.25,-0.21922843265688513
107.3,-3.1870967437169666,0.5738294331283141,1.3852170671627861,0.26256048616572397,-0.08136153255730215,0.25,-0.22048295324375636
107.4,-3.1822723808118774,0.5989428594483954,1.376772278038681,0.25505810824484726,-0.10030615583012292,0.25,-0.22386007171784214
107.5,-3.1772812636851655,0.6237674862547468,1.3662938790101813,0.24229565976887973,-0.10396569070287062,0.25,-0.2212791006612128
107.6,-3.1720702576365216,0.6483718291665089,1.3555710562758403,0.25257168412413006,-0.10412247312854439,0.25,-0.2212791006612128
107.7,-3.166767669833135,0.6727126303653358,1.3466600637273414,0.25167080007890563,-0.08764234284853206,0.25,-0.21833252923311172
107.8,-3.1611301024055463,0.6972406640242484,1.3377669043125613,0.2524270159742058,-0.08720472718597033,0.25,-0.21833252923311172
107.9,-3.1572397868550124,0.7137911479866256,1.3312703559960648,0.25456778564554766,-0.07653758839478804,0.25,-0.21486099886403665
108.0,-3.1511561557299226,0.7387685386835209,1.3242221094784832,0.2538026495867894,-0.0804731709873815,0.25,-0.21486099886403665
108.1,-3.1448628464217965,0.7637479157481136,1.3166277627790706,0.25167010901330056,-0.0793416564090949,0.25,-0.2108334247038403
108.2,-3.1382185030621303,0.7888411453545933,1.3093653002758316,0.2585462310985973,-0.08123699452906465,0.25,-0.2108334247038403
108.3,-3.131539187245641,0.8140755708126246,1.301178462720465,0.25418785676741135,-0.08218492120154153,0.25,-0.207222755706366
108.4,-3.124680293262566,0.8390751724985144,1.292461072162772,0.24704957116662146,-0.0819895979849865,0.25,-0.20746400188417544
108.5,-3.1175851493368105,0.8636157940282316,1.2840407807719545,0.25059058412086266,-0.0962740878801052,0.25,-0.20746400188417544
108.6,-3.110400965049768,0.8878498651290923,1.2740681355948407,0.2492276713864548,-0.11313679769885064,0.25,-0.20732003903402002
108.7,-3.1029198527268815,0.9119578063870601,1.2639697858438879,0.24358052172781444,-0.08468855255828005,0.25,-0.20732003903402002
108.8,-3.095379011976363,0.9358632864411334,1.2553058297931576,0.2495966468023701,-0.0852715398186013,0.25,-0.2080612928196075
108.9,-3.087915199874438,0.9595630348251641,1.2463829434607188,0.2445749182516283,-0.09101615316486596,0.25,-0.20192829336115345
109.0,-3.0799058429965127,0.9834651107968296,1.238617959928119,0.2458051395361922,-0.06053522521381819,0.25,-0.20192829336115345
109.1,-3.0715167547062414,1.007728391993386,1.2326598002753097,0.245983285073595,-0.05783697251861816,0.25,-0.20420070461242767
109.2,-3.0629680252316334,1.032027002457049,1.225987274788554,0.2519037696630969,-0.08575493292826268,0.25,-0.20310945591825602
109.3,-3.057133407402661,1.0483160711828543,1.2194359386523945,0.2613267114629309,-0.08326038345891246,0.25,-0.20310945591825602
109.4,-3.048227675735106,1.0727413601670257,1.2108737964158158,0.2574642054169486,-0.08832663512675412,0.25,-0.20457760747224088
109.5,-3.0389926637443603,1.0969707790033665,1.2013092252565225,0.2564355170324118,-0.09471479585142571,0.25,-0.20457760747224088
109.6,-3.029761944126417,1.1209042439406054,1.1931952451409336,0.24500032856118806,-0.06701274674280676,0.25,-0.20270916516528167
109.7,-3.0202695802644017,1.1445269673131349,1.1863378486249814,0.253712594660876,-0.06855124466970104,0.25,-0.20270916516528167
109.8,-3.0106894485951945,1.1679323164715807,1.1783904768687878,0.24044684084839157,-0.09390257192364364,0.25,-0.20091488783468706
109.9,-3.0010267767377212,1.1911035111251838,1.1692212781954596,0.2573065927711949,-0.08401163295329164,0.25,-0.20109327604650634
110.0,-2.991240145129902,1.2141724579970117,1.1604389217844133,0.24343284528909545,-0.08953244988611166,0.25,-0.20109327604650634
110.1,-2.9810971038400624,1.2374415681401625,1.1517826217160674,0.25512289337720384,-0.07018589632623748,0.25,-0.19800859465324624
110.2,-2.9706475939260932,1.2610372410264343,1.1449196709318106,0.25148129719882917,-0.06934364735879767,0.25,-0.19800859465324624
110.3,-2.9600229125256776,1.2846070137464793,1.1377850019947218,0.2504932967734594,-0.07799522552875066,0.25,-0.1946949032357514
110.4,-2.949181726572789,1.308124495553464,1.1286749893832617,0.25406372791710935,-0.08605622232539424,0.25,-0.1965242099860462
110.5,-2.9380516912158887,1.3314723699567736,1.119474531256777,0.24949759536169702,-0.09484222897575108,0.25,-0.1965242099860462
110.6,-2.926952578694274,1.354174491746073,1.1120792989814106,0.24379716062276555,-0.0637440392391108,0.25,-0.19283223209754138
110.7,-2.9157115580388355,1.3765251733290031,1.1052418850910009,0.24853193180495411,-0.06914284352349093,0.25,-0.1897414929269966
110.8,-2.904211844008398,1.399212955585894,1.098286833023579,0.24647802643027233,-0.06708362356874498,0.25,-0.1897414929269966
110.9,-2.8925320881432657,1.421709540799647,1.0913158332788622,0.24635985050400958,-0.08051987451616555,0.25,-0.1911117431529207
111.0,-2.884866508151717,1.4365979553269488,1.085543004666103,0.2470756630325208,-0.08748995126070036,0.25,-0.1911117431529207
111.1,-2.87330600125976,1.4588134306998448,1.0766001895101482,0.24043416833046297,-0.08642847829018203,0.25,-0.19082447224559954
111.2,-2.861085475734134,1.4814840882903424,1.0690995472979015,0.25161007782676553,-0.06585380004410718,0.25,-0.18883218639059993
111.3,-2.8485923355528264,1.5043805430516564,1.062337658277576,0.25119610280564364,-0.07716219240226405,0.25,-0.18883218639059993
111.4,-2.8359344421751027,1.5266741867844442,1.0531156624152653,0.25733919256946425,-0.08581266391607933,0.25,-0.18064094010492812
111.5,-2.8230309051214486,1.5490996675021464,1.0451870664867784,0.24756804035638863,-0.08366171271003235,0.25,-0.18064094010492812
111.6,-2.8100890527574096,1.5712785753256675,1.0375371524776968,0.24377649435183374,-0.06660921157253438,0.25,-0.18050529767826679
111.7,-2.7971653355006736,1.5928854618529689,1.0309712592509936,0.24304735596685184,-0.06412416098399298,0.25,-0.1817668812185551
111.8,-2.7841081982109435,1.6142963735666866,1.0241929166199675,0.24706104956163538,-0.0661536294929144,0.25,-0.1817668812185551
111.9,-2.7709332643548445,1.63598101284984,1.0163328409729881,0.24627144731194434,-0.08457465471442514,0.25,-0.1819690357673576
112.0,-2.7577031545944735,1.6576091005540365,1.0079635881206033,0.24781390723429222,-0.08719500235189884,0.25,-0.1819690357673576
112.1,-2.7443318648258512,1.6789436768992405,0.9992029226572505,0.2467854774007714,-0.08373407752211458,0.25,-0.18419807743986719
112.2,-2.730387492095922,1.7003322599661401,0.991287027356318,0.2469069754648806,-0.08478896756013798,0.25,-0.18488554564829296
112.3,-2.7161570051140087,1.7220413624022892,0.9837808289571338,0.2534638093147882,-0.07266700448599202,0.25,-0.18036578598179773
112.4,-2.701997223105312,1.7433531466853787,0.9755240465413912,0.2512630437775481,-0.07541008883353968,0.25,-0.18036578598179773
112.5,-2.687770034995628,1.7644406578906235,0.9672960513655395,0.24499177304974332,-0.08916178219314067,0.25,-0.1806414899522248
112.6,-2.678311111151904,1.7784174792985754,0.9611835949151647,0.2587936981855519,-0.0862224564745559,0.25,-0.1806414899522248
112.7,-2.6636936457317386,1.799397636702031,0.9521014603131248,0.25282414820397103,-0.0901979548155642,0.25,-0.17970970118029836
112.8,-2.648927132939396,1.8200557069470262,0.9432331543555263,0.2532491710202149,-0.07928022987567941,0.25,-0.17970970118029836
112.9,-2.6340344294110385,1.840383787149332,0.9360685573266821,0.25000546791118994,-0.06670898093698047,0.25,-0.17924649889153335
113.0,-2.6190730219202862,1.860788850507121,0.9285992616239659,0.25037003099982685,-0.08034728042068576,0.25,-0.17924649889153335
113.1,-2.6038229334647784,1.8811727083910095,0.9204721564249734,0.24716825409281185,-0.07809675024003557,0.25,-0.17530665789605715
113.2,-2.5885451562185557,1.9014258804945166,0.9125186653428774,0.25171795659417573,-0.07389863710119761,0.25,-0.17545926742828755
113.3,-2.572731466335216,1.9219245016995166,0.9055242527947633,0.25426399229602187,-0.06793430283315098,0.25,-0.17545926742828755
113.4,-2.556792158815738,1.9425166678494075,0.8985478062134103,0.25575093910484187,-0.06841331224334522,0.25,-0.17363457990223108
113.5,-2.540712622997847,1.9628344196096899,0.8913903477099111,0.2502509299119227,-0.07593463760938032,0.25,-0.17363457990223108
113.6,-2.524816709538796,1.9826066928670374,0.8828632228864322,0.2538144386633211,-0.08406565503826127,0.25,-0.17525592948695137
113.7,-2.508733391670998,2.0022325308414515,0.8741804646867833,0.24608575925604914,-0.08425062639722064,0.25,-0.17560121386614214
113.8,-2.492467010698609,2.0216582643205876,0.8662514603673482,0.24465725369392127,-0.07459756692600422,0.25,-0.17560121386614214
113.9,-2.476046592611364,2.040742780119552,0.8589258722885382,0.25249459842793376,-0.06904379048422431,0.25,-0.17409913404150473
114.0,-2.459483875105133,2.059723984894821,0.8517729582528025,0.2502296911758931,-0.07173982618772794,0.25,-0.17423561036885687
114.1,-2.442866825572338,2.0788568422539444,0.8444824467167716,0.2538230440845012,-0.07684048122939,0.25,-0.17423561036885687
114.2,-2.4260194710375345,2.0978976542629595,0.8368611000298565,0.24667548756683688,-0.07329337692689156,0.25,-0.1715748921720882
114.3,-2.414741853599252,2.1105137228118585,0.8319906054648347,0.24761204007042248,-0.07162869230167958,0.25,-0.1715748921720882
114.4,-2.397466676290786,2.1294687151011344,0.8247420179875963,0.25527024635498624,-0.07159669247034223,0.25,-0.16772870029434608
114.5,-2.3799251930927854,2.1486914930451992,0.8178827859279949,0.255516889878825,-0.06901328942395159,0.25,-0.16772870029434608
114.6,-2.3622907604482557,2.167453499243726,0.8104971926377917,0.24717202692778023,-0.07970599087048322,0.25,-0.16759673060410885
114.7,-2.34482951115681,2.185853015606892,0.8026817717992857,0.2493959914656403,-0.0764724202529098,0.25,-0.17155876505192896
114.8,-2.3272512584450946,2.204123753494847,0.7945988572549689,0.24930301529965798,-0.08058441729991293,0.25,-0.17155876505192896
114.9,-2.3094012750337383,2.2222703370534855,0.7869996023953505,0.25029591568195825,-0.06822785336200196,0.25,-0.17259761586326558
115.0,-2.291401214677706,2.2401056740913567,0.7798730983568556,0.24743985610372762,-0.06920698913334719,0.25,-0.17259761586326558
115.1,-2.2733964792679555,2.257718125137732,0.7726275206140844,0.25497972944392133,-0.07337697347055953,0.25,-0.17092024927042415
115.2,-2.2552893858283753,2.275429933783589,0.7654230840810602,0.2485856773888924,-0.071285066530723,0.25,-0.17545965949166903
115.3,-2.2369472754498836,2.2930518492358725,0.7580890085577157,0.25296145991057006,-0.07034428910948741,0.25,-0.17545965949166903
115.4,-2.2184339823289956,2.3105988744733748,0.7506178538253513,0.2522645713476173,-0.08304265573861166,0.25,-0.17303446868836292
115.5,-2.1997123593997787,2.328119613697702,0.7425548041924306,0.24900062713601248,-0.07781037360687626,0.25,-0.17303446868836292
115.6,-2.180664699674375,2.3456567105155246,0.7350225470892666,0.25185589129444547,-0.07091537220687015,0.25,-0.17431322268425217
115.7,-2.16153549030286,2.3629853762121242,0.7272002311041924,0.2568774160278069,-0.09352438818671557,0.25,-0.17413859609157104
115.8,-2.142452629071835,2.3798602961814908,0.7193088018459248,0.24119889382628557,-0.05900785571737721,0.25,-0.17413859609157104
115.9,-2.12963221630205,2.3910887983214764,0.7143065805880906,0.25162636771435737,-0.07191732183472925,0.25,-0.17397180635875914
116.0,-2.1103334347371203,2.407713323696758,0.7067492133905683,0.25223607479462246,-0.0744117804144494,0.25,-0.17397180635875914
116.1,-2.090929289705189,2.424109773045858,0.6992625345903134,0.24705993463588344,-0.07428322615379834,0.25,-0.17494106400587367
116.2,-2.0717001713373446,2.4403185285503413,0.6917917784827076,0.2416078901848379,-0.06982052805102974,0.25,-0.17494106400587367
116.3,-2.052215775653726,2.4564926636134015,0.6848061329486808,0.24631895203711632,-0.06700426395346623,0.25,-0.17201310868124586
116.4,-2.032561809930458,2.4725968082439085,0.678025819136943,0.25135445489145525,-0.06667402327834217,0.25,-0.1712986551328402
116.5,-2.012641993416628,2.488675956433556,0.6707228464691294,0.2544603648383238,-0.07690348128005337,0.25,-0.1712986551328402
116.6,-1.9925615142452597,2.5046759802905263,0.6627970899583323,0.2506380025610822,-0.07253536242938466,0.25,-0.17335921495114892
116.7,-1.9720974294312983,2.520504261356794,0.6557357220892809,0.2549289715960231,-0.06614341603615821,0.25,-0.17335921495114892
116.8,-1.9513866259981514,2.536160853814359,0.6489229084958221,0.25071096082701266,-0.06976846312804137,0.25,-0.17419899783601578
116.9,-1.9309583347920938,2.551619254189391,0.6416591961038806,0.25364564623688335,-0.0778344468525513,0.25,-0.17361464926344408
117.0,-1.9104952028066475,2.566824178525309,0.6340762483882944,0.24837157054640524,-0.07902077010449947,0.25,-0.17361464926344408
117.1,-1.8899047782839458,2.5818338913020393,0.6266353920221139,0.2522286447383143,-0.07753156179567672,0.25,-0.17399580966638217
117.2,-1.8693058306720698,2.5966495287888653,0.6191741112222802,0.24533630380718446,-0.06328014094667439,0.25,-0.17369260753708443
117.3,-1.8488891199328543,2.6112684030642823,0.6125013388458427,0.2421427828631149,-0.06386711456083431,0.25,-0.17369260753708443
117.4,-1.8285488498366647,2.6257733835626813,0.6058583776859741,0.24371406464160092,-0.06569324539700865,0.25,-0.16711681032045073
117.5,-1.8076453734897822,2.6402878154919116,0.5985216585556972,0.24695701548621832,-0.07396687698337036,0.25,-0.16711681032045073
117.6,-1.7935593388068238,2.649995495092436,0.5934358416784424,0.2541480268580498,-0.07699177498460481,0.25,-0.16625077113130027
117.7,-1.7723426851823487,2.6644580031863314,0.5857356078358474,0.2467543086898072,-0.07693465445377234,0.25,-0.16625077113130027
117.8,-1.7507815222185297,2.6786507126143535,0.5785541880488975,0.2559824284209226,-0.06197984934289085,0.25,-0.16981326577590264
117.9,-1.728930307321049,2.692691985623551,0.5722035593502233,0.2510763463128368,-0.06324642682263167,0.25,-0.16981326577590264
118.0,-1.7070244157919992,2.7065577108250944,0.56580238391224,0.2543781606619999,-0.06577520142126662,0.25,-0.17003721510026923
118.1,-1.685389366795121,2.7202794891946795,0.5585740038077446,0.25614305699836615,-0.07083019636152672,0.25,-0.16803375783646682
118.2,-1.6637262176385372,2.7337302154317937,0.5511472443161927,0.24660025341525338,-0.07870558587428482,0.25,-0.16803375783646682
118.3,-1.6420669149277012,2.74700933955255,0.5435059445194068,0.2543406296051408,-0.0710104809691034,0.25,-0.1743186676850494
118.4,-1.6206421767087476,2.760014543714982,0.5369129093345137,0.2419195083783074,-0.06314351277040695,0.25,-0.1743186676850494
118.5,-1.5993270787956062,2.772903681850953,0.5305600708089537,0.24402540143647017,-0.061529927709293226,0.25,-0.17254842591771974
118.6,-1.5776800212012996,2.7856737621543104,0.5241546203470453,0.24463841040281264,-0.06800368358679158,0.25,-0.17695839545136577
118.7,-1.555545120556031,2.7985680694034154,0.5160463457575767,0.2534035662765008,-0.08252351566488207,0.25,-0.17695839545136577
118.8,-1.5331851215988277,2.8112901957125636,0.5079833692291157,0.24868581110863897,-0.08062052631691212,0.25,-0.1762645869896933
118.9,-1.5105570644075061,2.8237904573052486,0.5006170970079826,0.2500618472438168,-0.06042615548878039,0.25,-0.17823882418918474
119.0,-1.4875532215135985,2.8360947424239225,0.494503783499835,0.2561533974645781,-0.06112422983442866,0.25,-0.17823882418918474
119.1,-1.4646468165245072,2.848238605699592,0.48826436045846,0.25458714072146627,-0.05899657346228569,0.25,-0.18104597823970542
119.2,-1.4496722842433178,2.856251780594265,0.4837174187665992,0.24662037392489206,-0.07350488228372033,0.25,-0.18104597823970542
119.3,-1.4270371311790304,2.868201293202319,0.47582460253434544,0.25194677736625287,-0.0809184626976916,0.25,-0.18269452880220893
119.4,-1.4044477306315297,2.879788528658224,0.4671306758220952,0.2501816021633877,-0.08491471794249997,0.25,-0.18269452880220893
119.5,-1.382088145834423,2.8911117510839035,0.45973198009471467,0.24469212478960972,-0.06114422474832956,0.25,-0.19469501632430997
119.6,-1.3599084667004262,2.9022830186143245,0.45331655673257537,0.24136332630765225,-0.06324216044959283,0.25,-0.19469501632430997
119.7,-1.3372373936349682,2.91337639170963,0.44657580100028177,0.25510192198223897,-0.06917490051038272,0.25,-0.17503909677028748
119.8,-1.3139590918742632,2.924448124446593,0.4392125676940535,0.24632041602691349,-0.07276274715513578,0.25,-0.17691940156858027
119.9,-1.2907417017499574,2.9353039385831323,0.4315342544920349,0.25042617484376534,-0.07264173971725336,0.25,-0.17691940156858027
120.0,-1.2671010576548913,2.9460646212393535,0.4251847988633301,0.25889870790034336,-0.054054625998159446,0.25,-0.17791403623174679
120.1,-1.2432055563581006,2.95661703313993,0.41949881643449977,0.25552363307324966,-0.05611383920680532,0.25,-0.17791403623174679
120.2,-1.2200257162919488,2.9669836603161954,0.4125998034219121,0.24045219156887518,-0.07607113344709561,0.25,-0.17808547683772763
120.3,-1.1969332391337075,2.9771299220960414,0.4046167323195012,0.246523662293824,-0.07726722908956113,0.25,-0.1810741816325684
120.4,-1.1736212716198342,2.987153468132502,0.3977126352560339,0.2503552545661032,-0.06405653466389116,0.25,-0.1810741816325684
120.5,-1.1501442987559538,2.996933430790352,0.38986807847000043,0.2544946542740233,-0.08301028443266584,0.25,-0.17921652441247957
120.6,-1.1270661833130429,3.006468543787852,0.3834708853435163,0.2480936661931773,-0.05315878797473276,0.25,-0.17797994046882065
120.7,-1.1117265987829927,3.0127640977945562,0.37979389358565113,0.24262315362103443,-0.05318619881594426,0.25,-0.17797994046882065
120.8,-1.0879707576009938,3.0221868748667347,0.3728968886624134,0.25763044996208867,-0.0739865146233387,0.25,-0.17582681875530265
120.9,-1.0639230405153575,3.0315189099901403,0.365197686769294,0.24917016525797256,-0.08900183201252565,0.25,-0.17582681875530265
121.0,-1.039926176376047,3.0405817339205865,0.35718524940905616,0.2532224363476877,-0.0579757396495812,0.25,-0.18287468478271474
121.1,-1.0155207541041331,3.049485831220325,0.3515452335035763,0.25984565021949735,-0.051709264583536696,0.25,-0.18287468478271474
121.2,-0.9911289032859388,3.0583295234302392,0.3459443735487478,0.2463353691127819,-0.0638661037215017,0.25,-0.18564385247772458
121.3,-0.967447299159502,3.0669100390377277,0.338483879697711,0.24912433492475208,-0.07867018898496299,0.25,-0.19177793074880756
121.4,-0.9436477108313934,3.0751550310667803,0.3297534279223694,0.24010036560983575,-0.08961523156604842,0.25,-0.19177793074880756
121.5,-0.9196772012556785,3.083360671927816,0.32181338647972735,0.2500669489719564,-0.06163279590002021,0.25,-0.20007217282458178
121.6,-0.895363953390092,3.0913959368268578,0.3155464952504751,0.24401119117668382,-0.06139869481831259,0.25,-0.20007217282458178
121.7,-0.8714301631726825,3.0992281581635734,0.3092873490049909,0.2399431691849998,-0.0525059104781899,0.25,-0.20005937342405472
121.8,-0.8469244447549543,3.106919224444598,0.3025570920411703,0.24417473578437793,-0.08607077273904958,0.25,-0.20276881280840858
121.9,-0.8221268045820769,3.1148025113628997,0.2933900923899178,0.25020224219576626,-0.08654204364682751,0.25,-0.20276881280840858
122.0,-0.797522309605659,3.1221907228523285,0.28523580719932556,0.25086908483681714,-0.09900915025700707,0.25,-0.2071824392039558
122.1,-0.772989246258761,3.1293081283276383,0.27666032386421135,0.24872005980339024,-0.05750970458237278,0.25,-0.2071824392039558
122.2,-0.7485881893685951,3.1362171616347494,0.2710533775225243,0.24570900517461375,-0.05450262388935927,0.25,-0.21078352720385213
122.3,-0.7243492346725684,3.1430851853393293,0.2645544379718962,0.24360977171492676,-0.08147967023778997,0.25,-0.21314492858833403
122.4,-0.7082648562061167,3.1475452190273705,0.258788794109225,0.23861210611764438,-0.08231578761592133,0.25,-0.21314492858833403
122.5,-0.6840245392987375,3.1542109034578845,0.2496883624216732,0.23931870809200742,-0.09473193341830073,0.25,-0.2160468164623186
122.6,-0.6594907363104319,3.1604328134288635,0.23883237352921494,0.24948210911954413,-0.1039224377208713,0.25,-0.2160468164623186
122.7,-0.6347189976703156,3.1664430561575814,0.2316553283392298,0.2595928577949451,-0.06042045691560419,0.25,-0.2189476815603374
122.8,-0.6098892450754777,3.1722400804084443,0.22532316160965915,0.24294362232438602,-0.06560312320370645,0.25,-0.2189476815603374
122.9,-0.5846234932516432,3.1779825348071395,0.21771482798394023,0.25372803420763856,-0.09153844135147461,0.25,-0.2102371996636205
123.0,-0.5592775868195448,3.1836981005815495,0.20820277920363003,0.261303017625463,-0.09799793510167706,0.25,-0.20870147512224754
123.1,-0.5340851282230323,3.188944320041126,0.19772137576911444,0.24057339327931046,-0.11155845365654768,0.25,-0.20870147512224754
123.2,-0.5088667083175141,3.193904455995802,0.18804500546373676,0.2503864329147162,-0.05378368185962593,0.25,-0.20585832088625106
123.3,-0.4839532428493588,3.1986335119264653,0.18309216470936243,0.24480106812401425,-0.04599852384387216,0.25,-0.20585832088625106
123.4,-0.4590551426706342,3.203254020589101,0.17784528591283227,0.24527993643435697,-0.06687425381376842,0.25,-0.20396700851013194
123.5,-0.4345044198878693,3.2076209810984646,0.17058934490375643,0.2410552910873127,-0.07915811742496649,0.25,-0.20681581746858635
123.6,-0.4096035689050783,3.211803542447964,0.16147283564207576,0.2426009703042488,-0.09007619883773028,0.25,-0.20681581746858635
123.7,-0.38455644036169323,3.215855736039004,0.1525265567102352,0.2486863641167041,-0.06727110450656072,0.25,-0.20699548900016407
123.8,-0.3593353812880406,3.219712575795212,0.14634759263137415,0.259554754846167,-0.060832828567748014,0.25,-0.19570452440739206
123.9,-0.3341101989534353,3.2234086613850987,0.14019580281690988,0.2533627439051352,-0.05984603884777776,0.25,-0.19570452440739206
124.0,-0.31715547448674636,3.2257408936732053,0.1363036765067918,0.2461157087799833,-0.055781995903514785,0.25,-0.19008299070130205
124.1,-0.2914314586146909,3.229209121246008,0.12919458858925179,0.25211541428457446,-0.07605060225910053,0.25,-0.19008299070130205
124.2,-0.2658530769985901,3.2324743322468787,0.12099532691740637,0.24231317442683448,-0.07001531501011539,0.25,-0.17909148599624156
124.3,-0.24042771863443402,3.2355070488454394,0.11638332435881263,0.2532595345764339,-0.03589430031050228,0.25,-0.17909148599624156
124.4,-0.21509864921099148,3.2384604518072795,0.11269059387640534,0.24548259522041702,-0.03012764379181561,0.25,-0.16448047528285373
124.5,-0.189825118809039,3.241285862039813,0.10720896120039669,0.2447099185720154,-0.07455875939112692,0.25,-0.16051941160982428
124.6,-0.16465651736211834,3.243927576810087,0.09924063921144383,0.24730918153133227,-0.07103260507426551,0.25,-0.16051941160982428
124.7,-0.13959444033934934,3.2464094528669833,0.0925351831858006,0.24178261337981666,-0.0566518503503154,0.25,-0.15434336478127542
124.8,-0.11431574011742121,3.2487423834848896,0.08734445260290416,0.2518206126501525,-0.04764977866029522,0.25,-0.1375162548123178
124.9,-0.08893277438498903,3.2509653423559675,0.08308185318313166,0.255434231497369,-0.04650438213441439,0.25,-0.1375162548123178
125.0,-0.06350557687290237,3.2530455827383182,0.07883297448427415,0.2428808413065432,-0.04504322519370717,0.25,-0.13179075151627107
125.1,-0.03804838893874206,3.2550240089512346,0.07466973238394752,0.25401006865129194,-0.04242922732393198,0.25,-0.13179075151627107
125.2,-0.0123058237463196,3.256911813767984,0.07100388461933373,0.24942381532334504,-0.026626599161545868,0.25,-0.12431738164944592
125.3,0.013488652025141044,3.2587147271319346,0.06769913326549415,0.25057123787251356,-0.03878041112718458,0.25,-0.11652318192605768
125.4,0.03894865712425612,3.260426484757509,0.06459331860826338,0.25019419139987437,-0.02649721159860855,0.25,-0.11652318192605768
125.5,0.06441241390299385,3.2620656577904823,0.06137555703141403,0.25259903498307074,-0.037432810332145315,0.25,-0.11378177160668282
125.6,0.08142412267214139,3.2631185241378278,0.05878305929855151,0.2523102071314341,-0.04003292120911385,0.25,-0.11378177160668282
125.7,0.10689416568782784,3.2646334840329803,0.05492618368757158,0.244928604187763,-0.03818147010502216,0.25,-0.10837546930940553
125.8,0.13216305670150466,3.266029700723689,0.05154960773435943,0.25206570962476305,-0.0254633385035388,0.25,-0.10837546930940553
125.9,0.15746360219543398,3.2673087507180516,0.04887248939634482,0.2527391620074882,-0.027175890622299827,0.25,-0.09961126660989586
126.0,0.1829555739154568,3.2685577817849873,0.04596671717233779,0.25656142943471255,-0.02647654325013469,0.25,-0.09744510371919514
126.1,0.20839551863248784,3.269724084155608,0.04307299957978799,0.2453177410030565,-0.03893199829964485,0.25,-0.09744510371919514
126.2,0.23392471309183785,3.2707864110970593,0.039101499531515975,0.2484219024763398,-0.034343480345262224,0.25,-0.09137954283863574
126.3,0.25953757777901126,3.271788333007576,0.03567980174667723,0.255912757228759,-0.026431279227777056,0.25,-0.09137954283863574
126.4,0.28526826349182305,3.2727071269038235,0.03367479475309684,0.253593167278151,-0.017115540222954827,0.25,-0.08291079302150067
126.5,0.3108898006521588,3.2735731837932565,0.031919296319910966,0.2495207733182052,-0.016744263693351105,0.25,-0.07966148643171496
126.6,0.3363690876260482,3.274373113389848,0.02994208780397182,0.25300223591500864,-0.027613309960871125,0.25,-0.07966148643171496
126.7,0.3618591280025342,3.275113909060745,0.027230519021983774,0.2504745101958451,-0.02229541412133699,0.25,-0.07522679261407068
126.8,0.38735048012472795,3.2757932761375033,0.02473051617744241,0.24871133653494062,-0.02625420314571642,0.25,-0.07522679261407068
126.9,0.4127436218093355,3.276397311000413,0.022907896607599232,0.2461825418398689,-0.015094828226558145,0.25,-0.0707001395890266
127.0,0.43811227418252574,3.276956854039428,0.021186468323343057,0.25305196142147585,-0.019053867597002293,0.25,-0.06658175793320054
127.1,0.46361143521569187,3.277467184549631,0.019509023939111147,0.2484133225473627,-0.013905504804501177,0.25,-0.06658175793320054
127.2,0.4891130500478961,3.277946521076967,0.017604372111974756,0.2462075078433516,-0.01912686323784303,0.25,-0.06312371457212816
127.3,0.5061084351581399,3.2782344155242433,0.016438538002926828,0.2486754611940262,-0.019081633581898932,0.25,-0.06312371457212816
127.4,0.5316250645478201,3.278637459450787,0.014769816801881141,0.25447346891895245,-0.012801817692325938,0.25,-0.05958952860385573
127.5,0.5572488160259711,3.2790291400921077,0.013498068999774912,0.2531875564406499,-0.012185284105942443,0.25,-0.056882453802300836
127.6,0.5828587284409456,3.279387378079289,0.012151308526359544,0.2506319512297319,-0.012978066461128125,0.25,-0.056882453802300836
127.7,0.6083793248112642,3.2796925299647275,0.010792397176816423,0.2503086772457057,-0.01694509226043274,0.25,-0.05316093668102112
127.8,0.6338764551702897,3.2799617913014316,0.009374415392570735,0.250292006297515,-0.013823052327258783,0.25,-0.05316093668102112
127.9,0.659386304711914,3.2801962368300597,0.007680761944058894,0.24956877816543133,-0.016426419613381135,0.25,-0.048824589125645836
128.0,0.6848550072028844,3.280360867270951,0.006336923800905824,0.24890868684175624,-0.011577139294843386,0.25,-0.048824589125645836
128.1,0.7103185702130923,3.2804904609110803,0.005168347185681535,0.24874338427413673,-0.011437308697299618,0.25,-0.04673189231012757
128.2,0.7357646266319273,3.2806055240369827,0.004072181982374347,0.2518478283246261,-0.013127344247566421,0.25,-0.04407804396895178
128.3,0.761279126074295,3.280714522549235,0.002784206797567141,0.24991512374957153,-0.014538121735974803,0.25,-0.04407804396895178
128.4,0.7867974546453943,3.2807811381962733,0.0013623288352606617,0.252520719450042,-0.013888429266680933,0.25,-0.03985613877538836
128.5,0.8123295502470006,3.2808106285778535,0.00014593968274463967,0.25331518037961287,-0.004408011209107992,0.25,-0.03985613877538836
128.6,0.8379175646750711,3.2808192459839844,-0.0006501654932946732,0.25091786930863685,-0.0072768418421036395,0.25,-0.03662489166918386
128.7,0.8634891868327129,3.2808076500751175,-0.0015279758072204506,0.2509168838780456,-0.0086000875707558,0.25,-0.03468276812657148
128.8,0.8805180967944515,3.280784564779627,-0.002078298532713399,0.24896635954131877,-0.007963007967231022,0.25,-0.03468276812657148
128.9,0.9060174548557042,3.2807086566791983,-0.00326304387699207,0.2503160253573179,-0.012076895262119651,0.25,-0.03286605662257384
129.0,0.9315219651678666,3.2806180758248993,-0.004170886836562773,0.25014975848939397,-0.007683712295948307,0.25,-0.03286605662257384
129.1,0.9570247557183886,3.2805035588115623,-0.005063849175635757,0.24868640359157682,-0.005814630736438774,0.25,-0.02838795025066343
129.2,0.9825159651672776,3.2803528361227285,-0.005672882899079273,0.25017746374126965,-0.007096815177203344,0.25,-0.025666198870518492
129.3,1.0080019845989705,3.2801897726803553,-0.006248239419448935,0.24940346320020473,-0.005360466469560411,0.25,-0.025666198870518492
129.4,1.0334956420396224,3.280032572375771,-0.006802747086460407,0.2511834175094869,-0.005922847246548965,0.25,-0.024568842235313033
